DeviceTime,S1_Ch1,S1_Ch2,S1_Ch3,S1_Ch4,S1_Ch5,S1_Ch6
2026-03-25 21:37:25.696,0.1436784565448761,-0.12121506035327911,-0.12825502455234528,-0.00036874323268420994,0.0007031693239696324,-0.0008333125151693821
2026-03-25 21:37:25.698,0.15222536027431488,-0.10918480902910233,-0.13233210146427155,-0.0005747629329562187,0.001023183693177998,-0.0006883282330818474
2026-03-25 21:37:25.700,0.18062976002693176,-0.10740818828344345,-0.136297807097435,-0.0007463219226337969,0.001017610658891499,-0.0006584761431440711
2026-03-25 21:37:25.705,0.16220030188560486,-0.10641126334667206,-0.1303156465291977,-0.0006232199375517666,0.0006595677114091814,-0.0008927200688049197
2026-03-25 21:37:25.707,0.16107192635536194,-0.10735546052455902,-0.1502809077501297,-0.0008509843610227108,0.0011484638089314103,-0.00056392204714939
2026-03-25 21:37:25.709,0.1460420787334442,-0.10225967317819595,-0.12620367109775543,-0.0011288532987236977,0.00046390580246225,-0.00036437713424675167
2026-03-25 21:37:25.711,0.13731853663921356,-0.10853520780801773,-0.14338211715221405,-0.0008922713459469378,0.0005514950607903302,-0.0005463966517709196
2026-03-25 21:37:25.713,0.15468820929527283,-0.11309593170881271,-0.13069979846477509,-0.0008347072289325297,0.0008746938547119498,-0.0004121687379665673
2026-03-25 21:37:25.715,0.15162025392055511,-0.10541866719722748,-0.12405122816562653,-0.0008237059228122234,0.0007831950206309557,-0.0005422083777375519
2026-03-25 21:37:25.718,0.1505366712808609,-0.11030263453722,-0.12253734469413757,-0.0007701530703343451,0.0007789519149810076,-0.0007121659582480788
2026-03-25 21:37:25.721,0.15391476452350616,-0.10146475583314896,-0.12402277439832687,-0.000838233157992363,0.0008720202022232115,-0.0006486498168669641
2026-03-25 21:37:25.723,0.15055306255817413,-0.09905817359685898,-0.14460358023643494,-0.0009875742252916098,0.0009664560202509165,-0.0007115839398466051
2026-03-25 21:37:25.724,0.12763884663581848,-0.10431086272001266,-0.1463129073381424,-0.0010560853406786919,0.00047683395678177476,-8.683680061949417e-05
2026-03-25 21:37:25.726,0.11223279684782028,-0.13497091829776764,-0.16403082013130188,-0.000581308442633599,0.00026782648637890816,-5.61201450182125e-05
2026-03-25 21:37:25.728,0.03418692573904991,-0.17834560573101044,-0.19046221673488617,-0.0001241425925400108,-0.0012180488556623459,0.00017693157133180648
2026-03-25 21:37:25.730,-0.020801182836294174,-0.19538062810897827,-0.2671707272529602,0.00020528970344457775,-0.0019292142242193222,-3.5518121876521036e-05
2026-03-25 21:37:25.732,-0.05157634988427162,-0.16785958409309387,-0.2553836405277252,-0.0004745257901959121,-0.0023104373831301928,0.000602876883931458
2026-03-25 21:37:25.734,-0.005133161786943674,-0.15454785525798798,-0.21895143389701843,-0.0005107414908707142,-0.0013755521504208446,0.0007431854610331357
2026-03-25 21:37:25.736,0.02860739827156067,-0.185444176197052,-0.23277698457241058,0.0001268244523089379,-0.0013040117919445038,0.0003027586208190769
2026-03-25 21:37:25.738,-0.024794694036245346,-0.18453750014305115,-0.23469166457653046,0.00015225801325868815,-0.0018050100188702345,0.00016082859656307846
2026-03-25 21:37:25.740,-0.04570790380239487,-0.1737612634897232,-0.2316623032093048,1.5497738786507398e-05,-0.0021730628795921803,-0.00024955454864539206
2026-03-25 21:37:25.742,0.022279268130660057,-0.14441554248332977,-0.23008613288402557,-0.0004013954312540591,-0.0010540010407567024,-0.0003963892231695354
2026-03-25 21:37:25.744,0.10134893655776978,-0.0998314842581749,-0.17533600330352783,-0.0010039143962785602,3.8890862924745306e-05,-0.00042205784120596945
2026-03-25 21:37:25.746,0.13630491495132446,-0.07826720923185349,-0.1265103816986084,-0.0009729196899570525,0.0004324346373323351,-0.0008597139967605472
2026-03-25 21:37:25.749,0.14377295970916748,-0.0877227932214737,-0.16353218257427216,-0.0005536166718229651,0.0005674645653925836,-0.0015606832457706332
2026-03-25 21:37:25.751,0.12879915535449982,-0.07240798324346542,-0.17708127200603485,-0.0009888442000374198,0.0006178440526127815,-0.0013861693441867828
2026-03-25 21:37:25.753,0.14253394305706024,-0.04296589270234108,-0.11802233010530472,-0.0015307635767385364,0.0008430957095697522,-0.0012894754763692617
2026-03-25 21:37:25.755,0.2062438279390335,-0.02369319275021553,-0.10912904888391495,-0.0018141459440812469,0.0016520954668521881,-0.0014295639703050256
2026-03-25 21:37:25.757,0.22844326496124268,-0.03147164732217789,-0.11075503379106522,-0.0016180285019800067,0.001810610992833972,-0.0017423296812921762
2026-03-25 21:37:25.759,0.19095449149608612,-0.049853913486003876,-0.10828784853219986,-0.0010763268219307065,0.0013125655241310596,-0.0018484056927263737
2026-03-25 21:37:25.761,0.15766319632530212,-0.052521608769893646,-0.1270410567522049,-0.0009137778542935848,0.000999232055619359,-0.0017330398550257087
2026-03-25 21:37:25.763,0.18216060101985931,-0.04251664876937866,-0.12398841977119446,-0.0013290127972140908,0.00139459443744272,-0.0016155859921127558
2026-03-25 21:37:25.765,0.19237875938415527,-0.024262748658657074,-0.10729575157165527,-0.0018140791216865182,0.001728087430819869,-0.0013409021776169538
2026-03-25 21:37:25.767,0.18912003934383392,-0.026441706344485283,-0.09151476621627808,-0.0018552609253674746,0.001292710774578154,-0.0013857438461855054
2026-03-25 21:37:25.769,0.2165166437625885,-0.048115074634552,-0.11613048613071442,-0.001179605140350759,0.0016518549527972937,-0.0015503589529544115
2026-03-25 21:37:25.772,0.17565521597862244,-0.034348320215940475,-0.0940961167216301,-0.0014660643646493554,0.0011671449756249785,-0.0013819809537380934
2026-03-25 21:37:25.773,0.20211564004421234,-0.028345508500933647,-0.11384712159633636,-0.0017654327675700188,0.0014459615340456367,-0.0011970880441367626
2026-03-25 21:37:25.775,0.209555521607399,-0.03691592812538147,-0.10689061135053635,-0.0016266410239040852,0.0017488028388470411,-0.0012969502713531256
2026-03-25 21:37:25.777,0.18122020363807678,-0.04116808995604515,-0.09724586457014084,-0.0014267232036218047,0.0014721571933478117,-0.0014595009852200747
2026-03-25 21:37:25.779,0.170894056558609,-0.05225621536374092,-0.10506542772054672,-0.001377460896037519,0.0011675665155053139,-0.0015636656899005175
2026-03-25 21:37:25.781,0.19781279563903809,-0.05058768019080162,-0.12430257350206375,-0.0011874018236994743,0.001327756093814969,-0.001295965164899826
2026-03-25 21:37:25.783,0.1697852611541748,-0.03758774325251579,-0.10139599442481995,-0.0016579384682700038,0.0010489515261724591,-0.0009329469758085907
2026-03-25 21:37:25.785,0.1817992776632309,-0.05243925005197525,-0.11326915770769119,-0.0017009357688948512,0.0012703571701422334,-0.0008820567163638771
2026-03-25 21:37:25.789,0.17386679351329803,-0.0723801851272583,-0.13510628044605255,-0.0014496705261990428,0.0011679977178573608,-0.0008702576160430908
2026-03-25 21:37:25.791,0.13334719836711884,-0.06538350135087967,-0.12575235962867737,-0.001243992941454053,0.0006348498282022774,-0.000703581899870187
2026-03-25 21:37:25.793,0.11651359498500824,-0.08092989772558212,-0.11768151074647903,-0.001169764087535441,0.00019135793263558298,-0.0005372338928282261
2026-03-25 21:37:25.795,0.12993763387203217,-0.09360061585903168,-0.1468408703804016,-0.0013646625448018312,0.0004993260954506695,-0.0004959082580171525
2026-03-25 21:37:25.797,0.12920929491519928,-0.09595250338315964,-0.14854176342487335,-0.0011330409906804562,0.0006181116914376616,-0.0004785069322679192
2026-03-25 21:37:25.799,0.1142573431134224,-0.10311277210712433,-0.1243995726108551,-0.001010296167805791,0.0003810438502114266,-0.0005445163114927709
2026-03-25 21:37:25.801,0.1404689997434616,-0.11572833359241486,-0.13894356787204742,-0.0009070101659744978,0.00037797362892888486,-0.0006122601917013526
2026-03-25 21:37:25.803,0.14174242317676544,-0.10621734708547592,-0.12462187558412552,-0.0009258362697437406,0.0007263438892550766,-0.0006060443702153862
2026-03-25 21:37:25.804,0.13959594070911407,-0.09431898593902588,-0.1108880415558815,-0.0010528679704293609,0.0006523961201310158,-0.00043336444650776684
2026-03-25 21:37:25.806,0.1639104038476944,-0.1001078337430954,-0.12542946636676788,-0.0009237284539267421,0.0008487104787491262,-0.0005660855094902217
2026-03-25 21:37:25.808,0.1592356562614441,-0.10834092646837234,-0.11697905510663986,-0.000813401653431356,0.0008933217031881213,-0.0008183288737200201
2026-03-25 21:37:25.810,0.13771355152130127,-0.10907293856143951,-0.10608942061662674,-0.0007776604616083205,0.0008137604454532266,-0.000594323268160224
2026-03-25 21:37:25.812,0.15477479994297028,-0.10280519723892212,-0.0964181199669838,-0.000716311507858336,0.0008667841320857406,-0.0005567512707784772
2026-03-25 21:37:25.814,0.17991051077842712,-0.11103276908397675,-0.09993074834346771,-0.0008161597070284188,0.0012010406935587525,-0.0006717120995745063
2026-03-25 21:37:25.817,0.18920651078224182,-0.09823080897331238,-0.08338313549757004,-0.0009184928494505584,0.0014442448737099767,-0.0006755748181603849
2026-03-25 21:37:25.819,0.18683366477489471,-0.10254374146461487,-0.0673939436674118,-0.0009454389801248908,0.0012435074895620346,-0.0008157510310411453
2026-03-25 21:37:25.821,0.1958281695842743,-0.10226865857839584,-0.07690124213695526,-0.0006178010953590274,0.001521311467513442,-0.0007770676165819168
2026-03-25 21:37:25.822,0.1893598586320877,-0.10545245558023453,-0.07911807298660278,-0.0008166981860995293,0.0013928463449701667,-0.0006263649556785822
2026-03-25 21:37:25.824,0.1901683509349823,-0.11016638576984406,-0.0824877917766571,-0.0007192933117039502,0.001464984961785376,-0.0006817452376708388
2026-03-25 21:37:25.826,0.1903415024280548,-0.10987097769975662,-0.08277526497840881,-0.0006657158955931664,0.001411130535416305,-0.0005885579739697278
2026-03-25 21:37:25.828,0.18565694987773895,-0.10721109807491302,-0.07941967993974686,-0.0006402829312719405,0.0015497810672968626,-0.0008391901501454413
2026-03-25 21:37:25.830,0.19341826438903809,-0.10898954421281815,-0.08242227137088776,-0.0007490463904105127,0.0016069690464064479,-0.0006460939766839147
2026-03-25 21:37:25.832,0.199942946434021,-0.11559285968542099,-0.08033689111471176,-0.0008345013484358788,0.0014522511046379805,-0.0006428779452107847
2026-03-25 21:37:25.834,0.19152703881263733,-0.11408287286758423,-0.06861821562051773,-0.0005119440029375255,0.0013656994560733438,-0.0007226587040349841
2026-03-25 21:37:25.836,0.18427540361881256,-0.10835502296686172,-0.08189786225557327,-0.0006108475499786437,0.001499395933933556,-0.0006041130982339382
2026-03-25 21:37:25.838,0.18378883600234985,-0.10151489824056625,-0.08515654504299164,-0.0006328531308099627,0.001299074967391789,-0.0007097447523847222
2026-03-25 21:37:25.840,0.1738729625940323,-0.10145191848278046,-0.07352368533611298,-0.0007343844627030194,0.0014013531617820263,-0.0006571494741365314
2026-03-25 21:37:25.842,0.19235889613628387,-0.11036944389343262,-0.07995027303695679,-0.0007273887749761343,0.001452989294193685,-0.000802010006736964
2026-03-25 21:37:25.844,0.2003273218870163,-0.11192883551120758,-0.0756462886929512,-0.0007233340875245631,0.0015229112468659878,-0.0006073029944673181
2026-03-25 21:37:25.846,0.18994784355163574,-0.09953909367322922,-0.0654660314321518,-0.0006894684629514813,0.0015038044657558203,-0.0005886018625460565
2026-03-25 21:37:25.848,0.17898441851139069,-0.11742040514945984,-0.0789184719324112,-0.0008896275539882481,0.0013917831238359213,-0.0006133437855169177
2026-03-25 21:37:25.850,0.19143259525299072,-0.11221928149461746,-0.09056349098682404,-0.0006797789828851819,0.001180397579446435,-0.0006143535138107836
2026-03-25 21:37:25.852,0.19830717146396637,-0.11152053624391556,-0.08370561897754669,-0.0007740298751741648,0.0014435435878112912,-0.0006680678925476968
2026-03-25 21:37:25.854,0.19577980041503906,-0.11292282491922379,-0.0729917362332344,-0.0008204018813557923,0.0016415229765698314,-0.0004959289217367768
2026-03-25 21:37:25.856,0.19692666828632355,-0.10864651203155518,-0.0852433443069458,-0.0005267500528134406,0.001454595592804253,-0.0005685020005330443
2026-03-25 21:37:25.859,0.17034929990768433,-0.11979247629642487,-0.07704655826091766,-0.0007634492358192801,0.0012442355509847403,-0.000514680752530694
2026-03-25 21:37:25.861,0.1684878021478653,-0.11942633986473083,-0.0754120722413063,-0.0007809684611856937,0.0013067611726000905,-0.0005347044207155704
2026-03-25 21:37:25.863,0.20079748332500458,-0.1228162944316864,-0.07922092825174332,-0.0006628852570429444,0.001336254645138979,-0.00047926281695254147
2026-03-25 21:37:25.865,0.19791582226753235,-0.12123125791549683,-0.05852636694908142,-0.0006737569347023964,0.0013293740339577198,-0.0004542040405794978
2026-03-25 21:37:25.867,0.19062970578670502,-0.11723938584327698,-0.05553295835852623,-0.0006349685718305409,0.0015123634366318583,-0.00040312582859769464
2026-03-25 21:37:25.869,0.17824509739875793,-0.1254093050956726,-0.07931191474199295,-0.0005162173183634877,0.0013548259157687426,-0.0007549494039267302
2026-03-25 21:37:25.871,0.17900629341602325,-0.1252172738313675,-0.08879534900188446,-0.00037748125032521784,0.0011122592259198427,-0.0005296390736475587
2026-03-25 21:37:25.873,0.18524779379367828,-0.12004795670509338,-0.07386687397956848,-0.0007252466748468578,0.0014478509547188878,-0.0004365306522231549
2026-03-25 21:37:25.874,0.2017841339111328,-0.12174797058105469,-0.06180151551961899,-0.0007286283653229475,0.0015369385946542025,-0.0005351941217668355
2026-03-25 21:37:25.876,0.19905555248260498,-0.12326256930828094,-0.07995685935020447,-0.0004336474521551281,0.0017136986134573817,-0.0005424788687378168
2026-03-25 21:37:25.878,0.17370271682739258,-0.12552601099014282,-0.06348161399364471,-0.0005545013700611889,0.0010407117661088705,-0.0007216262747533619
2026-03-25 21:37:25.880,0.1764478087425232,-0.1210431158542633,-0.07171323895454407,-0.0004827892407774925,0.001189837115816772,-0.0006572119891643524
2026-03-25 21:37:25.882,0.19138683378696442,-0.11984766274690628,-0.06789053976535797,-0.0005631392705254257,0.0012821395648643374,-0.00040574537706561387
2026-03-25 21:37:25.884,0.19578750431537628,-0.11581990867853165,-0.055499184876680374,-0.0008107374305836856,0.0014665140770375729,-0.0005863029509782791
2026-03-25 21:37:25.886,0.18989266455173492,-0.11240676790475845,-0.06191021203994751,-0.0006282186368480325,0.0015171841951087117,-0.0004973412724211812
2026-03-25 21:37:25.888,0.1706385761499405,-0.12200920283794403,-0.0724136233329773,-0.0005969850462861359,0.0012330287136137486,-0.0006619758205488324
2026-03-25 21:37:25.890,0.1790253221988678,-0.11993806064128876,-0.06934527307748795,-0.0003831815847661346,0.0010221010306850076,-0.0007170423632487655
2026-03-25 21:37:25.892,0.1872100532054901,-0.11457226425409317,-0.06620248407125473,-0.0005986846517771482,0.0011801939690485597,-0.0006214098539203405
2026-03-25 21:37:25.894,0.1923600435256958,-0.11678188294172287,-0.060650911182165146,-0.0007322762394323945,0.0015069474466145039,-0.00046875764383003116
2026-03-25 21:37:25.896,0.19086386263370514,-0.11838452517986298,-0.06876302510499954,-0.0005790944560430944,0.001411602832376957,-0.0008684017811901867
2026-03-25 21:37:25.898,0.17650896310806274,-0.12196905165910721,-0.07777611166238785,-0.0004661139682866633,0.0011017507640644908,-0.0008687133667990565
2026-03-25 21:37:25.900,0.17933674156665802,-0.1142982766032219,-0.0795375183224678,-0.0004809157981071621,0.0013021044433116913,-0.0006517154979519546
2026-03-25 21:37:25.902,0.18339459598064423,-0.1236264780163765,-0.07006758451461792,-0.0006485862541012466,0.0014588681515306234,-0.0006611009011976421
2026-03-25 21:37:25.904,0.1926276534795761,-0.12500977516174316,-0.05954746901988983,-0.00035470654256641865,0.0015247060218825936,-0.0007702983566559851
2026-03-25 21:37:25.906,0.18350574374198914,-0.12505434453487396,-0.06379994004964828,-0.0005497360252775252,0.0012459217105060816,-0.0007499247440136969
2026-03-25 21:37:25.908,0.16991305351257324,-0.1269935518503189,-0.07851048558950424,-0.00041381290066055954,0.0012805697042495012,-0.0006302106776274741
2026-03-25 21:37:25.910,0.17061956226825714,-0.12618865072727203,-0.07674140483140945,-0.000453202665084973,0.0010265388991683722,-0.0005967909237369895
2026-03-25 21:37:25.912,0.18000610172748566,-0.1207798644900322,-0.06525611132383347,-0.0002803224779199809,0.001204557018354535,-0.0006151602137833834
2026-03-25 21:37:25.914,0.18204984068870544,-0.12052635103464127,-0.0643218383193016,-0.00035031052539125085,0.0010428079403936863,-0.0006031987140886486
2026-03-25 21:37:25.916,0.16938240826129913,-0.13156740367412567,-0.07975361496210098,-0.00029430509312078357,0.0011173721868544817,-0.0006849283818155527
2026-03-25 21:37:25.918,0.15169723331928253,-0.12639907002449036,-0.08485730737447739,-0.000394021684769541,0.0009051162633113563,-0.0005384798278100789
2026-03-25 21:37:25.920,0.14472468197345734,-0.1263366937637329,-0.1016690582036972,-0.00040646138950251043,0.000706629129126668,-0.0005729065742343664
2026-03-25 21:37:25.922,0.1530909687280655,-0.13482023775577545,-0.09366101771593094,-0.0005158527637831867,0.0006657733465544879,-0.000530501885805279
2026-03-25 21:37:25.924,0.150274857878685,-0.135609969496727,-0.09698338061571121,-0.0003389155026525259,0.0009551735129207373,-0.000544916489161551
2026-03-25 21:37:25.926,0.14130793511867523,-0.1333911418914795,-0.10001523047685623,-0.00029310359968803823,0.0006409651832655072,-0.0006323272245936096
2026-03-25 21:37:25.928,0.13476502895355225,-0.13051678240299225,-0.11055127531290054,-0.00024376669898629189,0.0005748309777118266,-0.0004041253705509007
2026-03-25 21:37:25.930,0.12829391658306122,-0.12107336521148682,-0.10180137306451797,-0.000486395409097895,0.00044009770499542356,-0.0002910075709223747
2026-03-25 21:37:25.932,0.1393520087003708,-0.12920553982257843,-0.09763088822364807,-0.0005649426020681858,0.00047063580132089555,-0.0004270470526535064
2026-03-25 21:37:25.934,0.1453477293252945,-0.12139782309532166,-0.10164836049079895,-0.0006947354995645583,0.0007454726728610694,-0.0005448766751214862
2026-03-25 21:37:25.936,0.150750532746315,-0.10408784449100494,-0.09893124550580978,-0.0005986665491946042,0.000853267963975668,-0.0006542035844177008
2026-03-25 21:37:25.938,0.15406283736228943,-0.09933152049779892,-0.09326678514480591,-0.0007101831724867225,0.0008295903680846095,-0.0007244872394949198
2026-03-25 21:37:25.940,0.15837536752223969,-0.09878391772508621,-0.08312234282493591,-0.0009415040258318186,0.0008518201066181064,-0.000833420897834003
2026-03-25 21:37:25.942,0.1689978539943695,-0.0961226224899292,-0.07351283729076385,-0.0010293779196217656,0.000953836424741894,-0.0010063403751701117
2026-03-25 21:37:25.944,0.17973074316978455,-0.08619682490825653,-0.08718784153461456,-0.0009364009601995349,0.001240011304616928,-0.0008433842449449003
2026-03-25 21:37:25.946,0.1936454027891159,-0.07447737455368042,-0.06859329342842102,-0.0010149989975616336,0.0013561026426032186,-0.0009345075814053416
2026-03-25 21:37:25.948,0.19367726147174835,-0.0671391487121582,-0.0742558091878891,-0.0010610787430778146,0.0015184901421889663,-0.0009195831371471286
2026-03-25 21:37:25.950,0.1824231594800949,-0.07193005084991455,-0.056722454726696014,-0.0011489788303151727,0.0010340077569708228,-0.0012669702991843224
2026-03-25 21:37:25.952,0.19131885468959808,-0.06789866089820862,-0.07589695602655411,-0.0009148297249339521,0.001258915290236473,-0.0012438732665032148
2026-03-25 21:37:25.954,0.18633531033992767,-0.06969087570905685,-0.09634709358215332,-0.00103603710886091,0.0013967494014650583,-0.0011443938128650188
2026-03-25 21:37:25.956,0.18496493995189667,-0.07556834071874619,-0.07716928422451019,-0.0011370329884812236,0.0014410032890737057,-0.0010522690135985613
2026-03-25 21:37:25.958,0.18239444494247437,-0.07159023731946945,-0.08098790794610977,-0.0009749410673975945,0.0014442079700529575,-0.0009601685451343656
2026-03-25 21:37:25.960,0.16625382006168365,-0.06547249853610992,-0.08097703009843826,-0.0009259246289730072,0.0010723521700128913,-0.0009134789579547942
2026-03-25 21:37:25.962,0.15471145510673523,-0.06658904999494553,-0.0859629362821579,-0.001055121305398643,0.0011047079460695386,-0.0008695130236446857
2026-03-25 21:37:25.964,0.1622130125761032,-0.06785898655653,-0.09782172739505768,-0.001098268199712038,0.0008763217483647168,-0.0006276160711422563
2026-03-25 21:37:25.966,0.1527577042579651,-0.07319770753383636,-0.09302087873220444,-0.0007924091769382358,0.0007104151300154626,-0.0007295425748452544
2026-03-25 21:37:25.969,0.13877302408218384,-0.07185353338718414,-0.09416264295578003,-0.0010629238095134497,0.0006303616100922227,-0.0007097038323991001
2026-03-25 21:37:25.971,0.1428329050540924,-0.07932165265083313,-0.10129649937152863,-0.0011074335779994726,0.0005539458361454308,-0.0008320805500261486
2026-03-25 21:37:25.973,0.14964623749256134,-0.08605814725160599,-0.09997309744358063,-0.001216361066326499,0.0005293675349093974,-0.000892622338142246
2026-03-25 21:37:25.975,0.1415966898202896,-0.07646749168634415,-0.10115417838096619,-0.0010703264269977808,0.0006061778403818607,-0.0008843005052767694
2026-03-25 21:37:25.977,0.13502901792526245,-0.08257720619440079,-0.11165681481361389,-0.0011352626606822014,0.00036087067564949393,-0.0010130974696949124
2026-03-25 21:37:25.979,0.12616607546806335,-0.07829604297876358,-0.12113798409700394,-0.0011795696336776018,0.00045945626334287226,-0.000999671989120543
2026-03-25 21:37:25.981,0.126215398311615,-0.07725778967142105,-0.11734987050294876,-0.0011749922996386886,0.0006651165313087404,-0.0007630476029589772
2026-03-25 21:37:25.983,0.13774758577346802,-0.06629431992769241,-0.10146410018205643,-0.0008433480397798121,0.000596965488512069,-0.0009874748066067696
2026-03-25 21:37:25.985,0.16038653254508972,-0.059982724487781525,-0.09897975623607635,-0.0011614995310083032,0.0008029938326217234,-0.0011090170592069626
2026-03-25 21:37:25.987,0.1667267233133316,-0.05398302897810936,-0.08517111092805862,-0.0014174135867506266,0.0008238552836701274,-0.0009593459544703364
2026-03-25 21:37:25.989,0.1651500165462494,-0.055359307676553726,-0.09075234830379486,-0.0011505642905831337,0.0007936448673717678,-0.0013047460233792663
2026-03-25 21:37:25.991,0.15096992254257202,-0.04962306097149849,-0.08670994639396667,-0.0013033710420131683,0.000832127989269793,-0.0011007494758814573
2026-03-25 21:37:25.993,0.1631879359483719,-0.04736176133155823,-0.08397987484931946,-0.0012825726298615336,0.0010274674277752638,-0.001153809018433094
2026-03-25 21:37:25.995,0.1780487447977066,-0.05183880031108856,-0.08332369476556778,-0.0012612640857696533,0.001271011307835579,-0.0010758235584944487
2026-03-25 21:37:25.997,0.17089669406414032,-0.05436518415808678,-0.08605165034532547,-0.0014053263003006577,0.0012852896470576525,-0.0009663323289714754
2026-03-25 21:37:25.999,0.16895389556884766,-0.06271834671497345,-0.09462504833936691,-0.0013651149347424507,0.0010798356961458921,-0.0012170772533863783
2026-03-25 21:37:26.001,0.16610455513000488,-0.06414530426263809,-0.09389375895261765,-0.001224611303769052,0.0009476186241954565,-0.0011072865454480052
2026-03-25 21:37:26.003,0.17758791148662567,-0.06948445737361908,-0.08504955470561981,-0.0011705068172886968,0.0011758609907701612,-0.0010879666078835726
2026-03-25 21:37:26.005,0.1854034811258316,-0.06585437059402466,-0.07686694711446762,-0.0011226922506466508,0.0012547480873763561,-0.0010658580577000976
2026-03-25 21:37:26.007,0.18181386590003967,-0.06532467901706696,-0.0764584094285965,-0.0013182044494897127,0.00121176743414253,-0.0008283074130304158
2026-03-25 21:37:26.009,0.17973075807094574,-0.0671573057770729,-0.08464178442955017,-0.000963328464422375,0.0011123672593384981,-0.0008489219471812248
2026-03-25 21:37:26.011,0.16541564464569092,-0.07005487382411957,-0.08264416456222534,-0.0010325779439881444,0.0009412268991582096,-0.000892628391738981
2026-03-25 21:37:26.013,0.1658419966697693,-0.075782909989357,-0.08600084483623505,-0.0011215412523597479,0.0008514950750395656,-0.0007416608859784901
2026-03-25 21:37:26.015,0.1657700538635254,-0.07739412039518356,-0.08129638433456421,-0.0010316456900909543,0.0008353658486157656,-0.0006916786078363657
2026-03-25 21:37:26.017,0.16400952637195587,-0.08759931474924088,-0.08387826383113861,-0.0008518272079527378,0.0008010076708160341,-0.0007493706652894616
2026-03-25 21:37:26.019,0.15175315737724304,-0.09296652674674988,-0.08007168769836426,-0.0009653192246332765,0.0007308181375265121,-0.0008480761898681521
2026-03-25 21:37:26.021,0.15477031469345093,-0.08998820185661316,-0.08027279376983643,-0.0009073984692804515,0.0009304195991717279,-0.0005321743083186448
2026-03-25 21:37:26.023,0.16207927465438843,-0.09640362113714218,-0.08779885619878769,-0.0010599575471132994,0.0010747009655460715,-0.0007466173265129328
2026-03-25 21:37:26.025,0.16324305534362793,-0.09021677076816559,-0.08613449335098267,-0.0007829206297174096,0.0008903976413421333,-0.0007400475442409515
2026-03-25 21:37:26.027,0.17248313128948212,-0.10008241981267929,-0.10018692910671234,-0.0008484073914587498,0.0011409693397581577,-0.0008115574019029737
2026-03-25 21:37:26.029,0.16514383256435394,-0.09978073090314865,-0.08149027079343796,-0.0008020350942388177,0.0010413489071652293,-0.0006124023348093033
2026-03-25 21:37:26.031,0.17663826048374176,-0.09777763485908508,-0.08369389176368713,-0.001150048221461475,0.0010654565412551165,-0.0007338951691053808
2026-03-25 21:37:26.033,0.18725405633449554,-0.08967775106430054,-0.07833254337310791,-0.0011696936562657356,0.0011601177975535393,-0.0005128140328451991
2026-03-25 21:37:26.035,0.1835208535194397,-0.08556561172008514,-0.07224634289741516,-0.0009182661306113005,0.001228604931384325,-0.0007411704864352942
2026-03-25 21:37:26.037,0.18176452815532684,-0.09395040571689606,-0.06229114532470703,-0.001008718740195036,0.0012114938581362367,-0.0005181595333851874
2026-03-25 21:37:26.039,0.17920129001140594,-0.09607009589672089,-0.07673034071922302,-0.0006944389897398651,0.0012893506791442633,-0.0006803581491112709
2026-03-25 21:37:26.041,0.1806120127439499,-0.10655352473258972,-0.07055804878473282,-0.0008814696921035647,0.0010127569548785686,-0.0007178391679190099
2026-03-25 21:37:26.043,0.1769784539937973,-0.10485129803419113,-0.06642928719520569,-0.0010622909758239985,0.0014292405685409904,-0.000559225445613265
2026-03-25 21:37:26.045,0.1843705028295517,-0.10381128638982773,-0.058863505721092224,-0.001179447048343718,0.001618206617422402,-0.00030945928301662207
2026-03-25 21:37:26.047,0.19227755069732666,-0.11616542190313339,-0.06072757765650749,-0.0008610457880422473,0.0012564021162688732,-0.00047783396439626813
2026-03-25 21:37:26.049,0.1803514063358307,-0.11971986293792725,-0.06419176608324051,-0.00049974286230281,0.0011387804988771677,-0.0005111651844345033
2026-03-25 21:37:26.051,0.17201976478099823,-0.12364466488361359,-0.06065912917256355,-0.0003550659166648984,0.0011213321704417467,-0.000712859386112541
2026-03-25 21:37:26.053,0.19099122285842896,-0.12368506193161011,-0.07398837059736252,-0.0004885091329924762,0.0011058410163968801,-0.0006119412719272077
2026-03-25 21:37:26.055,0.1884402632713318,-0.12336685508489609,-0.06775226444005966,-0.0006122938939370215,0.0013439989415928721,-0.0005491854390129447
2026-03-25 21:37:26.057,0.1800970733165741,-0.12830418348312378,-0.07054761052131653,-0.0006744124693796039,0.0015523124020546675,-0.0003245241241529584
2026-03-25 21:37:26.059,0.18243415653705597,-0.13403812050819397,-0.07007642090320587,-0.0004434584407135844,0.0011642437893897295,-0.00034661608515307307
2026-03-25 21:37:26.061,0.1683008372783661,-0.13213646411895752,-0.07649657875299454,-0.00030994624830782413,0.0010568576399236917,-0.0004126237763557583
2026-03-25 21:37:26.063,0.17003010213375092,-0.12778200209140778,-0.06859459728002548,-0.0006056616548448801,0.0011332305148243904,-0.0004480943316593766
2026-03-25 21:37:26.065,0.17387542128562927,-0.1254848837852478,-0.06327678263187408,-0.0005798537167720497,0.0013086801627650857,-0.00031288547324948013
2026-03-25 21:37:26.067,0.1764840930700302,-0.1340758204460144,-0.060553133487701416,-0.0004563221300486475,0.0011376506881788373,-0.00047578863450326025
2026-03-25 21:37:26.069,0.16266442835330963,-0.1365613341331482,-0.06635439395904541,-0.00044359290041029453,0.0009039556025527418,-0.0004891384160146117
2026-03-25 21:37:26.071,0.16585803031921387,-0.1355384737253189,-0.06521714478731155,-0.00034703349228948355,0.0011591576039791107,-0.0002288022224092856
2026-03-25 21:37:26.073,0.17985999584197998,-0.13241863250732422,-0.07597003132104874,-0.000263321417151019,0.0013099927455186844,-0.0005939914262853563
2026-03-25 21:37:26.075,0.1783166527748108,-0.12927690148353577,-0.07260986417531967,-0.00041163506102748215,0.0011102724820375443,-0.0006030731019563973
2026-03-25 21:37:26.077,0.17307527363300323,-0.126409113407135,-0.06533466279506683,-0.000510118727106601,0.001207688357681036,-0.0005324064404703677
2026-03-25 21:37:26.079,0.16984693706035614,-0.1312563121318817,-0.07649116963148117,-0.00033500869176350534,0.0013054428854957223,-0.0007725743926130235
2026-03-25 21:37:26.081,0.16448599100112915,-0.12903764843940735,-0.06733781844377518,-0.00033895974047482014,0.0010726633481681347,-0.0007594704511575401
2026-03-25 21:37:26.083,0.17039823532104492,-0.1263827085494995,-0.06979034096002579,-0.0004293717793188989,0.001036367961205542,-0.0006990887923166156
2026-03-25 21:37:26.085,0.17657500505447388,-0.12788142263889313,-0.06490448117256165,-0.0005829335423186421,0.0011752035934478045,-0.0008164962637238204
2026-03-25 21:37:26.087,0.17100326716899872,-0.12798486649990082,-0.07655627280473709,-0.00034834156394936144,0.0012627296382561326,-0.0007407916127704084
2026-03-25 21:37:26.089,0.16253922879695892,-0.128469780087471,-0.06782912462949753,-0.0005460418178699911,0.0009972405387088656,-0.0005070517654530704
2026-03-25 21:37:26.091,0.16848193109035492,-0.12497067451477051,-0.0800882875919342,-0.00037882770993746817,0.001043262891471386,-0.0005783023661933839
2026-03-25 21:37:26.093,0.17888525128364563,-0.13605248928070068,-0.0799555778503418,-0.0003298652300145477,0.0013568551512435079,-0.000860117026604712
2026-03-25 21:37:26.095,0.1747446060180664,-0.12812241911888123,-0.06783577054738998,-0.00037939066532999277,0.0010046864626929164,-0.0007126718992367387
2026-03-25 21:37:26.097,0.15894463658332825,-0.12362755835056305,-0.0691443532705307,-0.0004627390007954091,0.0010830456158146262,-0.0005512155476026237
2026-03-25 21:37:26.099,0.168446347117424,-0.12997806072235107,-0.07516411691904068,-0.00024199741892516613,0.0011360649950802326,-0.0007625826983712614
2026-03-25 21:37:26.101,0.17317381501197815,-0.1275492161512375,-0.07614196091890335,-0.0002621931198518723,0.0010879125911742449,-0.0006009855424053967
2026-03-25 21:37:26.103,0.16651012003421783,-0.12716111540794373,-0.06699351221323013,-0.0004267161712050438,0.0009726383723318577,-0.0007140871020965278
2026-03-25 21:37:26.105,0.17793649435043335,-0.1286257952451706,-0.08228837698698044,-0.00023044213594403118,0.0010372450342401862,-0.0007305131293833256
2026-03-25 21:37:26.107,0.1773827075958252,-0.11927813291549683,-0.08879385888576508,-0.00026868630084209144,0.0012173826107755303,-0.0006358901737257838
2026-03-25 21:37:26.109,0.16777846217155457,-0.12541623413562775,-0.08430910110473633,-0.0006219742936082184,0.0009424371528439224,-0.000825132941827178
2026-03-25 21:37:26.111,0.17287614941596985,-0.11409201472997665,-0.07610289007425308,-0.00042189040686935186,0.0009435052634216845,-0.0006497303256765008
2026-03-25 21:37:26.113,0.16719838976860046,-0.11594346910715103,-0.07253304868936539,-0.00040195698966272175,0.0010549969738349319,-0.0007888264954090118
2026-03-25 21:37:26.115,0.16297206282615662,-0.11069773137569427,-0.062063898891210556,-0.0005230021779425442,0.001046517281793058,-0.0006308819865807891
2026-03-25 21:37:26.117,0.16491958498954773,-0.10765962302684784,-0.08247800916433334,-0.0007247992907650769,0.000962474849075079,-0.0006945958593860269
2026-03-25 21:37:26.119,0.16619375348091125,-0.10383418202400208,-0.0736573338508606,-0.0006233970634639263,0.000854687939863652,-0.0008547788602299988
2026-03-25 21:37:26.121,0.16875231266021729,-0.10544725507497787,-0.07087256014347076,-0.0008058013045229018,0.001066798809915781,-0.0009866701439023018
2026-03-25 21:37:26.123,0.16743168234825134,-0.0998934656381607,-0.0867074504494667,-0.0007775686681270599,0.00117778149433434,-0.0009097320726141334
2026-03-25 21:37:26.125,0.17693723738193512,-0.09988107532262802,-0.0826440081000328,-0.0006418362027034163,0.0012002041330561042,-0.0008249251986853778
2026-03-25 21:37:26.127,0.16390110552310944,-0.10169247537851334,-0.07822966575622559,-0.00068784283939749,0.0012034898390993476,-0.0009526126668788493
2026-03-25 21:37:26.129,0.16480158269405365,-0.09195011109113693,-0.08926879614591599,-0.0006567568052560091,0.0009981583571061492,-0.0010733632370829582
2026-03-25 21:37:26.131,0.1787988245487213,-0.09605090320110321,-0.09251146763563156,-0.0007849335088394582,0.0011227239156141877,-0.0009206606191582978
2026-03-25 21:37:26.133,0.17034654319286346,-0.09893490374088287,-0.08575654774904251,-0.0007893956499174237,0.0011479458771646023,-0.0010324050672352314
2026-03-25 21:37:26.135,0.17292030155658722,-0.09358356148004532,-0.07787282764911652,-0.0007418906898237765,0.0011716296430677176,-0.0010686955647543073
2026-03-25 21:37:26.137,0.1789882630109787,-0.08616185188293457,-0.07166122645139694,-0.000769881415180862,0.0012450176291167736,-0.0009582453058101237
2026-03-25 21:37:26.139,0.19244113564491272,-0.08655491471290588,-0.07539746910333633,-0.0008557400433346629,0.0013474607840180397,-0.0011825986439362168
2026-03-25 21:37:26.141,0.19337303936481476,-0.08224358409643173,-0.06283613294363022,-0.0008055338985286653,0.0013582881074398756,-0.0008489692118018866
2026-03-25 21:37:26.143,0.20567584037780762,-0.08523481339216232,-0.05637338384985924,-0.0006664598477073014,0.0017038460355252028,-0.0012318462831899524
2026-03-25 21:37:26.145,0.21161378920078278,-0.08089154958724976,-0.05268881842494011,-0.000690957996994257,0.0015159340109676123,-0.0010932969162240624
2026-03-25 21:37:26.147,0.21014288067817688,-0.09212695062160492,-0.059891168028116226,-0.0007379538146778941,0.0015712964814156294,-0.0010036708554252982
2026-03-25 21:37:26.149,0.2007961869239807,-0.0976724699139595,-0.06814198195934296,-0.0007021439378149807,0.0015308733563870192,-0.0011166130425408483
2026-03-25 21:37:26.151,0.1861913502216339,-0.0920693576335907,-0.07795875519514084,-0.00041067329584620893,0.001282405573874712,-0.001070688827894628
2026-03-25 21:37:26.153,0.1941763162612915,-0.09838218986988068,-0.06633459776639938,-0.0006264479598030448,0.00134318380150944,-0.0010914711747318506
2026-03-25 21:37:26.155,0.19391028583049774,-0.09432165324687958,-0.08141530305147171,-0.000773527252022177,0.0014838227070868015,-0.0009591287816874683
2026-03-25 21:37:26.157,0.17413967847824097,-0.10414403676986694,-0.07888104021549225,-0.0008554212981835008,0.001000103773549199,-0.0007942296797409654
2026-03-25 21:37:26.159,0.1653447151184082,-0.10988724231719971,-0.09073862433433533,-0.0003817590477410704,0.0011921317782253027,-0.000716006092261523
2026-03-25 21:37:26.161,0.1570025235414505,-0.1049022525548935,-0.09138699620962143,-0.0006829967605881393,0.0010528393322601914,-0.0006719931843690574
2026-03-25 21:37:26.163,0.1715770661830902,-0.09980413317680359,-0.07504139840602875,-0.0008108108304440975,0.001177805825136602,-0.0006123108323663473
2026-03-25 21:37:26.165,0.17679718136787415,-0.09806758910417557,-0.08109531551599503,-0.000737950496841222,0.0011027490254491568,-0.0005707103991881013
2026-03-25 21:37:26.167,0.15208008885383606,-0.09777434915304184,-0.09001931548118591,-0.000717169139534235,0.00082873908104375,-0.0006848317570984364
2026-03-25 21:37:26.169,0.16157260537147522,-0.1023983508348465,-0.1041363775730133,-0.0006853586528450251,0.0009111101971939206,-0.0007702515576966107
2026-03-25 21:37:26.171,0.15307959914207458,-0.10171972960233688,-0.09499507397413254,-0.0008828576537780464,0.0008003201219253242,-0.0006167251267470419
2026-03-25 21:37:26.173,0.17171244323253632,-0.1037171483039856,-0.08366965502500534,-0.0009562280611135066,0.0010301017900928855,-0.0007039509364403784
2026-03-25 21:37:26.175,0.1701841503381729,-0.10581474751234055,-0.10353564471006393,-0.0007183967391029,0.0011616403935477138,-0.0005624411278404295
2026-03-25 21:37:26.177,0.16600091755390167,-0.10636695474386215,-0.09635205566883087,-0.0008338228799402714,0.0008467103471048176,-0.0008059871615841985
2026-03-25 21:37:26.179,0.17226853966712952,-0.10797066986560822,-0.11022535711526871,-0.0008723069913685322,0.0009333823109045625,-0.000680645287502557
2026-03-25 21:37:26.181,0.15579773485660553,-0.10630980134010315,-0.095229372382164,-0.0008711153059266508,0.0009344589780084789,-0.0006305794813670218
2026-03-25 21:37:26.183,0.1682955026626587,-0.10942573845386505,-0.09798850119113922,-0.00086567597463727,0.0010317148407921195,-0.0006825276650488377
2026-03-25 21:37:26.185,0.1649213433265686,-0.10671694576740265,-0.09877947717905045,-0.0008868821896612644,0.0009595649316906929,-0.0006201716023497283
2026-03-25 21:37:26.187,0.16417942941188812,-0.10945345461368561,-0.10269846022129059,-0.0008536144159734249,0.0010115535696968436,-0.0006117812008596957
2026-03-25 21:37:26.189,0.15826848149299622,-0.10464850068092346,-0.09724235534667969,-0.0008174162358045578,0.0011436049826443195,-0.0003681735252030194
2026-03-25 21:37:26.191,0.15592485666275024,-0.10386916249990463,-0.08575041592121124,-0.0007718887645751238,0.0008799817878752947,-0.00043587194522842765
2026-03-25 21:37:26.193,0.17073673009872437,-0.11247295886278152,-0.08575897663831711,-0.0007710143690928817,0.0010272968793287873,-0.00031479544122703373
2026-03-25 21:37:26.195,0.16170893609523773,-0.11137663573026657,-0.09180473536252975,-0.0009161135531030595,0.0009312268230132759,-0.00042958848644047976
2026-03-25 21:37:26.197,0.16979192197322845,-0.11652892827987671,-0.09318044036626816,-0.0008862792747095227,0.0010353339603170753,-0.0006502412725239992
2026-03-25 21:37:26.199,0.165042445063591,-0.11236253380775452,-0.09493083506822586,-0.0009513481636531651,0.0009288305882364511,-0.00044174183858558536
2026-03-25 21:37:26.202,0.16103120148181915,-0.10198500752449036,-0.10462179780006409,-0.0008382993401028216,0.0008443195256404579,-0.0007168856100179255
2026-03-25 21:37:26.204,0.16729845106601715,-0.10510866343975067,-0.11021754890680313,-0.0007149350130930543,0.0009778185049071908,-0.0006720428355038166
2026-03-25 21:37:26.206,0.158181831240654,-0.09763483703136444,-0.10451997071504593,-0.0008702500490471721,0.0010604708222672343,-0.0006634659948758781
2026-03-25 21:37:26.208,0.15920962393283844,-0.09590861201286316,-0.10089622437953949,-0.0008639479638077319,0.0009071590029634535,-0.0005942172138020396
2026-03-25 21:37:26.210,0.17401999235153198,-0.10120004415512085,-0.10082181543111801,-0.000715802307240665,0.0008609933429397643,-0.0008036255603656173
2026-03-25 21:37:26.212,0.16860607266426086,-0.0986466035246849,-0.0984063521027565,-0.0006911107338964939,0.0009800934931263328,-0.00080919946776703
2026-03-25 21:37:26.214,0.17205283045768738,-0.08808481693267822,-0.09872584789991379,-0.0008327905088663101,0.001057851710356772,-0.0007088622660376132
2026-03-25 21:37:26.216,0.170085608959198,-0.08843016624450684,-0.0968032106757164,-0.0012607919052243233,0.0010854810243472457,-0.0006279130466282368
2026-03-25 21:37:26.218,0.16896682977676392,-0.09100629389286041,-0.10668513178825378,-0.0009353228379040956,0.0011600389843806624,-0.000745291355997324
2026-03-25 21:37:26.220,0.1619715690612793,-0.0876389667391777,-0.09894436597824097,-0.0007169806049205363,0.0012054693652316928,-0.001009032828733325
2026-03-25 21:37:26.222,0.16206106543540955,-0.08748573809862137,-0.09637454152107239,-0.0011652560206130147,0.00116478162817657,-0.0009061375167220831
2026-03-25 21:37:26.224,0.1831064373254776,-0.0856357142329216,-0.11326488107442856,-0.0008706928347237408,0.0009612764697521925,-0.0007794293342158198
2026-03-25 21:37:26.227,0.17713388800621033,-0.09577440470457077,-0.10667990148067474,-0.0008385443361476064,0.0009287517168559134,-0.0011102246353402734
2026-03-25 21:37:26.229,0.16499875485897064,-0.0895390585064888,-0.10129690170288086,-0.0006946463836356997,0.0010895070154219866,-0.0009505976922810078
2026-03-25 21:37:26.231,0.1639459729194641,-0.08888942003250122,-0.11548295617103577,-0.0008482311386615038,0.0010171339381486177,-0.0008345730602741241
2026-03-25 21:37:26.233,0.17173108458518982,-0.09137030690908432,-0.10940458625555038,-0.0009420891874469817,0.0009043114841915667,-0.0007798022706992924
2026-03-25 21:37:26.235,0.16306789219379425,-0.09586868435144424,-0.10563883185386658,-0.0007225899607874453,0.001169741852208972,-0.0008231751271523535
2026-03-25 21:37:26.237,0.1552342176437378,-0.0980110764503479,-0.10266409069299698,-0.0007123287650756538,0.000953798065893352,-0.0009705677512101829
2026-03-25 21:37:26.238,0.1747385710477829,-0.09653711318969727,-0.10915887355804443,-0.0007824644562788308,0.0008171565714292228,-0.0009114041458815336
2026-03-25 21:37:26.241,0.1643880009651184,-0.09592501074075699,-0.09351358562707901,-0.0008229827508330345,0.0009643002413213253,-0.0005923446733504534
2026-03-25 21:37:26.243,0.16096988320350647,-0.10306805372238159,-0.11252912878990173,-0.000711341854184866,0.001000282121822238,-0.000741572177503258
2026-03-25 21:37:26.245,0.1631615310907364,-0.10721604526042938,-0.12900927662849426,-0.0006934567354619503,0.0009855913231149316,-0.0009600516059435904
2026-03-25 21:37:26.247,0.15680624544620514,-0.10042890161275864,-0.1140565425157547,-0.0005375140463002026,0.000830790784675628,-0.0007733753882348537
2026-03-25 21:37:26.249,0.15715564787387848,-0.10018590837717056,-0.10756973922252655,-0.0008483944111503661,0.0009453865350224078,-0.0007298403070308268
2026-03-25 21:37:26.251,0.17195016145706177,-0.11208925396203995,-0.11384440958499908,-0.00067783088888973,0.0009879098506644368,-0.0008671175455674529
2026-03-25 21:37:26.253,0.16324208676815033,-0.11061438173055649,-0.11805129051208496,-0.0005352214211598039,0.0009930568048730493,-0.0009941854514181614
2026-03-25 21:37:26.254,0.15109750628471375,-0.10720182210206985,-0.11879217624664307,-0.000613114912994206,0.000783267430961132,-0.000897885300219059
2026-03-25 21:37:26.257,0.16888542473316193,-0.10908526182174683,-0.13014928996562958,-0.0006121932528913021,0.0008603566675446928,-0.0007093786261975765
2026-03-25 21:37:26.259,0.16863727569580078,-0.10147563368082047,-0.1283019334077835,-0.000631932110991329,0.0011245888890698552,-0.0008914654608815908
2026-03-25 21:37:26.260,0.1588282585144043,-0.11030055582523346,-0.11019907891750336,-0.0008289848919957876,0.0008106780587695539,-0.0008102812571451068
2026-03-25 21:37:26.262,0.16002759337425232,-0.10917121171951294,-0.12380065023899078,-0.0006054008263163269,0.000955417868681252,-0.0008139446144923568
2026-03-25 21:37:26.264,0.15275998413562775,-0.10995378345251083,-0.11554275453090668,-0.0005062206764705479,0.0008864816045388579,-0.0008100466802716255
2026-03-25 21:37:26.266,0.15152178704738617,-0.10304292291402817,-0.11476976424455643,-0.0006318872910924256,0.0007814987911842763,-0.0006243634852580726
2026-03-25 21:37:26.268,0.1674322932958603,-0.10804645717144012,-0.12130974978208542,-0.0007250564522109926,0.0009836347308009863,-0.0008003847324289382
2026-03-25 21:37:26.271,0.16560521721839905,-0.1113354042172432,-0.11388501524925232,-0.0006169274565763772,0.0009605690138414502,-0.0005572313675656915
2026-03-25 21:37:26.273,0.15897656977176666,-0.11989060789346695,-0.12171583622694016,-0.0006450748769566417,0.0008670727838762105,-0.0007318246643990278
2026-03-25 21:37:26.275,0.16318278014659882,-0.11874330788850784,-0.12744726240634918,-0.0004934209864586592,0.0010145861888304353,-0.0007298708660528064
2026-03-25 21:37:26.277,0.15340666472911835,-0.11475420743227005,-0.11058663576841354,-0.0005943801952525973,0.0008168458007276058,-0.0007531484588980675
2026-03-25 21:37:26.279,0.16666769981384277,-0.12136873602867126,-0.12255826592445374,-0.0005573369562625885,0.0009307072614319623,-0.0007535191252827644
2026-03-25 21:37:26.281,0.17345736920833588,-0.1238192468881607,-0.1293647289276123,-0.0004540813679341227,0.0012084603076800704,-0.0007162769325077534
2026-03-25 21:37:26.283,0.15304253995418549,-0.11488532274961472,-0.1201055571436882,-0.000196252585737966,0.0009874994866549969,-0.0006966975051909685
2026-03-25 21:37:26.285,0.1512804925441742,-0.1199532002210617,-0.12348957359790802,-0.000402247067540884,0.0006630525458604097,-0.0005269853281788528
2026-03-25 21:37:26.288,0.16004721820354462,-0.13404279947280884,-0.1344711184501648,-0.0006121295737102628,0.000766008801292628,-0.0004667908069677651
2026-03-25 21:37:26.290,0.15286539494991302,-0.12123023718595505,-0.12427686899900436,-0.00040666628046892583,0.0007807562360540032,-0.00043768371688202024
2026-03-25 21:37:26.292,0.1535934954881668,-0.12773917615413666,-0.1180717945098877,-0.0005852554459124804,0.0008394444594159722,-0.00048585256445221603
2026-03-25 21:37:26.294,0.1651437133550644,-0.12531529366970062,-0.12974847853183746,-0.0005172212258912623,0.0008096694364212453,-0.0006399168050847948
2026-03-25 21:37:26.297,0.1618516594171524,-0.12287043035030365,-0.12833860516548157,-0.00034609969588927925,0.0008359878556802869,-0.000826117699034512
2026-03-25 21:37:26.299,0.148314967751503,-0.11672894656658173,-0.11632824689149857,-0.00042754242895171046,0.0008770031854510307,-0.0005424297996796668
2026-03-25 21:37:26.301,0.16482853889465332,-0.12556780874729156,-0.12736205756664276,-0.0006101510371081531,0.001082931412383914,-0.0006999413599260151
2026-03-25 21:37:26.303,0.17124225199222565,-0.12856154143810272,-0.13692514598369598,-0.0004841771733481437,0.0008992886287160218,-0.0008818242931738496
2026-03-25 21:37:26.305,0.15480047464370728,-0.11860374361276627,-0.12481352686882019,-0.000813272490631789,0.000689883716404438,-0.0006725204875692725
2026-03-25 21:37:26.307,0.16121819615364075,-0.12363310158252716,-0.13740524649620056,-0.0007783271139487624,0.0011850760784000158,-0.0006602993817068636
2026-03-25 21:37:26.309,0.15829482674598694,-0.1172407940030098,-0.1473459005355835,-0.000904825225006789,0.0009260796941816807,7.410453690681607e-05
2026-03-25 21:37:26.311,-0.2283361554145813,-0.13598306477069855,-0.24940750002861023,-0.003910969011485577,-0.007986851967871189,0.0036835363134741783
2026-03-25 21:37:26.312,-0.5485448837280273,-0.1684812605381012,-0.3225644528865814,0.0021387655287981033,-0.00878087431192398,0.0024851947091519833
2026-03-25 21:37:26.314,-0.13334763050079346,-0.16154566407203674,-0.28968489170074463,-0.0012502887984737754,-0.0032638832926750183,0.0011054968927055597
2026-03-25 21:37:26.316,0.2887898087501526,-0.16435664892196655,-0.36328476667404175,-0.0002162769524147734,0.004178990144282579,-0.003700231434777379
2026-03-25 21:37:26.318,0.4101886451244354,-0.1340889185667038,-0.19605708122253418,-7.978739449754357e-05,0.0031484232749789953,-0.0019489009864628315
2026-03-25 21:37:26.321,0.09864778071641922,-0.0114345857873559,0.04820113629102707,-0.00231806468218565,0.0010883442591875792,-0.0003108990204054862
2026-03-25 21:37:26.323,0.17168694734573364,-0.055649999529123306,-0.14641502499580383,-0.001333099091425538,0.0005769957788288593,-0.0009608406107872725
2026-03-25 21:37:26.325,0.25945672392845154,-0.13497422635555267,-0.22288061678409576,0.0005767809925600886,0.0021466396283358335,-0.0023107528686523438
2026-03-25 21:37:26.327,0.0693637952208519,-0.07055889815092087,-0.06160084158182144,-0.0011043703416362405,-0.00022751530923414975,-0.0012593804858624935
2026-03-25 21:37:26.329,0.21135808527469635,-0.07308556139469147,-0.11793389171361923,-0.000844294554553926,0.001952313119545579,-0.0012828611070290208
2026-03-25 21:37:26.331,0.2305651158094406,-0.07718243449926376,-0.11218087375164032,-0.0007924010278657079,0.0015491293743252754,-0.001675186911597848
2026-03-25 21:37:26.333,0.24816355109214783,-0.05855635553598404,-0.12259465456008911,-0.0012860220158472657,0.0021044216118752956,-0.0013061041245236993
2026-03-25 21:37:26.335,0.08739344030618668,-0.04360343888401985,-0.12324784696102142,-0.0018132670084014535,0.00017740220937412232,-0.00029731090762652457
2026-03-25 21:37:26.338,0.007710839156061411,-0.12579545378684998,-0.22411809861660004,-0.0006359241087920964,-0.0016658589011058211,-0.0006859867717139423
2026-03-25 21:37:26.340,0.023322496563196182,-0.08347371965646744,-0.24819664657115936,-0.0015024107415229082,-0.0011475906940177083,-5.748004696215503e-05
2026-03-25 21:37:26.342,0.10879732668399811,-0.07066661864519119,-0.19226613640785217,-0.0014131903881207108,0.0003572961431927979,-0.0008122955332510173
2026-03-25 21:37:26.344,0.11463040858507156,-0.03979519009590149,-0.11807049065828323,-0.0015759674133732915,0.0004959050565958023,-0.0008479470852762461
2026-03-25 21:37:26.346,0.2756270468235016,-0.07159075886011124,-0.13471029698848724,-0.001027870224788785,0.002347446046769619,-0.0014084379654377699
2026-03-25 21:37:26.348,0.2296496033668518,-0.0900394394993782,-0.0858863890171051,-0.0003692420432344079,0.001769622671417892,-0.0019774141255766153
2026-03-25 21:37:26.350,0.16780208051204681,-0.06650719046592712,-0.1012573167681694,-0.0006728198495693505,0.000837923027575016,-0.001845829770900309
2026-03-25 21:37:26.352,0.17659634351730347,-0.04551408439874649,-0.15278659760951996,-0.0013190292520448565,0.001190136419609189,-0.001481174025684595
2026-03-25 21:37:26.355,0.18459323048591614,-0.03714704513549805,-0.14720743894577026,-0.0018704024842008948,0.0013764511095359921,-0.0009372810018248856
2026-03-25 21:37:26.357,0.125504270195961,-0.05557187646627426,-0.13924095034599304,-0.002317770617082715,4.226543751428835e-05,-0.00022004205675330013
2026-03-25 21:37:26.358,0.07350782305002213,-0.09217856079339981,-0.19428789615631104,-0.0005261400365270674,0.00011156217806274071,-0.0013264765730127692
2026-03-25 21:37:26.360,0.07680154591798782,-0.09580680727958679,-0.21321730315685272,-0.0004398204036988318,-0.0008387261186726391,-0.0010084278183057904
2026-03-25 21:37:26.362,0.04535173624753952,-0.04242917522788048,-0.18048889935016632,-0.001761803636327386,-0.00048072903882712126,-0.00010193532216362655
2026-03-25 21:37:26.364,0.13756078481674194,-0.04504834860563278,-0.15957246720790863,-0.0018452821532264352,0.00040699588134884834,-0.00047222775174304843
2026-03-25 21:37:26.366,0.1889524608850479,-0.06520480662584305,-0.1273895651102066,-0.0011234257835894823,0.0016206278232857585,-0.0013614519266411662
2026-03-25 21:37:26.368,0.21024079620838165,-0.07778378576040268,-0.09527822583913803,-0.0012441633734852076,0.00126540451310575,-0.0013416873989626765
2026-03-25 21:37:26.371,0.22049325704574585,-0.09010064601898193,-0.1022886261343956,-0.000980592449195683,0.0017849330324679613,-0.0015576265286654234
2026-03-25 21:37:26.373,0.19325794279575348,-0.07432844489812851,-0.13633638620376587,-0.000916841032449156,0.00175529217813164,-0.0013570220908150077
2026-03-25 21:37:26.375,0.15389874577522278,-0.05998528376221657,-0.11953191459178925,-0.001362439477816224,0.001117883832193911,-0.0006543679046444595
2026-03-25 21:37:26.377,0.1181044951081276,-0.06826599687337875,-0.15093636512756348,-0.0015158416936174035,0.000248219002969563,-0.00038009134004823864
2026-03-25 21:37:26.379,0.128620445728302,-0.10388433188199997,-0.1973932832479477,-0.0005863643018528819,0.0003868447965942323,-0.0007637183298356831
2026-03-25 21:37:26.381,0.07293649017810822,-0.09936919063329697,-0.16357724368572235,-0.0010215580696240067,-0.0003556750016286969,-0.00044945746776647866
2026-03-25 21:37:26.383,0.10047318786382675,-0.09172587841749191,-0.16755324602127075,-0.0013719383860006928,-7.86600066930987e-05,-0.00028777436818927526
2026-03-25 21:37:26.385,0.15684561431407928,-0.09773679822683334,-0.14184407889842987,-0.0008227114449255168,0.0007181626278907061,-0.0006201760261319578
2026-03-25 21:37:26.388,0.21871714293956757,-0.10198074579238892,-0.09667255729436874,-0.0007210905314423144,0.001817152602598071,-0.0010682317661121488
2026-03-25 21:37:26.390,0.21650150418281555,-0.11064067482948303,-0.11118897795677185,-0.0006589838885702193,0.0017843469977378845,-0.0009617384057492018
2026-03-25 21:37:26.392,0.19065068662166595,-0.11564850807189941,-0.13033632934093475,-0.0006607989780604839,0.0014053629711270332,-0.00072201166767627
2026-03-25 21:37:26.394,0.15511611104011536,-0.1203031837940216,-0.12507160007953644,-0.0007436152664013207,0.001224453211762011,-0.000797357177361846
2026-03-25 21:37:26.396,0.15721000730991364,-0.12573930621147156,-0.12593141198158264,-0.000667890883050859,0.0010432798881083727,-0.00048519045230932534
2026-03-25 21:37:26.398,0.1422269642353058,-0.13079634308815002,-0.14520852267742157,-0.0006269268924370408,0.00044662380241788924,-0.0004362786712590605
2026-03-25 21:37:26.400,0.12253698706626892,-0.12663215398788452,-0.1618966907262802,-0.000468489364720881,0.00044169300235807896,-0.0005617305869236588
2026-03-25 21:37:26.402,0.110939159989357,-0.11581627279520035,-0.15586519241333008,-0.0008251221152022481,0.0005421235109679401,-6.629981362493709e-05
2026-03-25 21:37:26.404,0.13759368658065796,-0.11450139433145523,-0.14959904551506042,-0.0010581762762740254,0.0005592775996774435,-0.00010230098268948495
2026-03-25 21:37:26.406,0.1596875935792923,-0.11720115691423416,-0.13155041635036469,-0.0005087745958007872,0.0010529352584853768,-0.00039060358540154994
2026-03-25 21:37:26.408,0.17354728281497955,-0.12359838932752609,-0.11431852728128433,-0.00024616808514110744,0.001079381792806089,-0.0007213199860416353
2026-03-25 21:37:26.410,0.17755328118801117,-0.1150532141327858,-0.0891040787100792,-0.0005132999503985047,0.0010586184216663241,-0.0009012442314997315
2026-03-25 21:37:26.412,0.20431891083717346,-0.11298883706331253,-0.12034890800714493,-0.0009932438842952251,0.0015309943119063973,-0.0007053123554214835
2026-03-25 21:37:26.414,0.1946377158164978,-0.11223581433296204,-0.12366526573896408,-0.000745445373468101,0.0014891232131049037,-0.0006417175754904747
2026-03-25 21:37:26.416,0.17463691532611847,-0.11778561770915985,-0.12633508443832397,-0.0005904652643948793,0.0013132941676303744,-0.000662259291857481
2026-03-25 21:37:26.418,0.15416266024112701,-0.13073548674583435,-0.11798731982707977,-0.00032199526322074234,0.0009551332914270461,-0.0006472809473052621
2026-03-25 21:37:26.421,0.13423927128314972,-0.12405141443014145,-0.15989239513874054,-0.0005674942512996495,0.0005908136372454464,-0.0003847689658869058
2026-03-25 21:37:26.423,0.1288142204284668,-0.11574961245059967,-0.14488030970096588,-0.0007648881291970611,0.0005925431032665074,9.187116665998474e-05
2026-03-25 21:37:26.425,0.15510687232017517,-0.12152735888957977,-0.14469602704048157,-0.0006213723099790514,0.0008304092916660011,-0.00032551863114349544
2026-03-25 21:37:26.427,0.1576625257730484,-0.12465852499008179,-0.13313066959381104,-0.00048639721353538334,0.0009780075633898377,-0.0005345589015632868
2026-03-25 21:37:26.429,0.16218595206737518,-0.1279401332139969,-0.11716951429843903,-0.00039410049794241786,0.001043124939315021,-0.0005248905508778989
2026-03-25 21:37:26.431,0.16949237883090973,-0.11906994134187698,-0.1034298986196518,-0.00027459629927761853,0.0009954480919986963,-0.0006143358768895268
2026-03-25 21:37:26.433,0.20198868215084076,-0.12602359056472778,-0.10630187392234802,-0.00030095785041339695,0.0016423944616690278,-0.0007507066475227475
2026-03-25 21:37:26.435,0.20136399567127228,-0.11318352818489075,-0.10885974019765854,-0.0005827090935781598,0.001468802453018725,-0.0006273369654081762
2026-03-25 21:37:26.438,0.17450754344463348,-0.11483468860387802,-0.11643776297569275,-0.0006254299078136683,0.0012042568996548653,-0.0007311039371415973
2026-03-25 21:37:26.440,0.14762341976165771,-0.11998816579580307,-0.13653655350208282,-0.0003633902233559638,0.0009478193242102861,-0.0006739460513927042
2026-03-25 21:37:26.442,0.12655772268772125,-0.11694455146789551,-0.13793127238750458,-0.0006585296941921115,0.0004462272336240858,-0.00046963305794633925
2026-03-25 21:37:26.444,0.1256197988986969,-0.126258984208107,-0.1539374440908432,-0.00047184224240481853,0.0005570067442022264,-0.00043424038449302316
2026-03-25 21:37:26.446,0.13152074813842773,-0.1248302310705185,-0.15134650468826294,-0.00037936840089969337,0.0006071574171073735,-0.0006609471747651696
2026-03-25 21:37:26.448,0.13737943768501282,-0.11099625378847122,-0.14144158363342285,-0.00048378686187788844,0.0007522151572629809,-0.0005433182814158499
2026-03-25 21:37:26.450,0.16219234466552734,-0.1049031987786293,-0.13977286219596863,-0.0006617555045522749,0.0009433683007955551,-0.0006474549882113934
2026-03-25 21:37:26.452,0.17471887171268463,-0.10042297095060349,-0.13286033272743225,-0.0007913344306871295,0.0010033848229795694,-0.0008520434494130313
2026-03-25 21:37:26.455,0.16716551780700684,-0.09200406074523926,-0.12286327034235,-0.0008929790346883237,0.0011797783663496375,-0.0009010776993818581
2026-03-25 21:37:26.457,0.16128036379814148,-0.09194736182689667,-0.1234205961227417,-0.0009376408997923136,0.001017400179989636,-0.0008668184163980186
2026-03-25 21:37:26.459,0.17390024662017822,-0.0965585708618164,-0.13864369690418243,-0.0007398481830023229,0.0010881362250074744,-0.0012739698868244886
2026-03-25 21:37:26.461,0.14633218944072723,-0.08997295796871185,-0.13722136616706848,-0.001234015915542841,0.0007130975718609989,-0.000673566129989922
2026-03-25 21:37:26.463,0.13526931405067444,-0.08891133964061737,-0.14553827047348022,-0.0010454717557877302,0.000597182079218328,-0.0007188601302914321
2026-03-25 21:37:26.465,0.1553610861301422,-0.10665322095155716,-0.1546972244977951,-0.0007698231493122876,0.0006994199939072132,-0.0007650865591131151
2026-03-25 21:37:26.467,0.14211778342723846,-0.1086987853050232,-0.13759469985961914,-0.0007786012720316648,0.000293857476208359,-0.0009071462554857135
2026-03-25 21:37:26.469,0.14887814223766327,-0.10085409879684448,-0.13406150043010712,-0.0007517871563322842,0.0007465262315236032,-0.0007986542768776417
2026-03-25 21:37:26.471,0.1464625597000122,-0.10418105125427246,-0.13047198951244354,-0.0010148599976673722,0.0006982916384004056,-0.0008518234244547784
2026-03-25 21:37:26.473,0.18184655904769897,-0.09419036656618118,-0.15023931860923767,-0.0008066061418503523,0.0012704365653917193,-0.0007659290567971766
2026-03-25 21:37:26.475,0.1519538164138794,-0.08963579684495926,-0.1304042488336563,-0.0010995498159900308,0.0008661760366521776,-0.0006563980132341385
2026-03-25 21:37:26.477,0.1548978090286255,-0.0860520526766777,-0.15642638504505157,-0.0007463854271918535,0.0010338628198951483,-0.0008749065455049276
2026-03-25 21:37:26.479,0.14242622256278992,-0.09599822759628296,-0.13720981776714325,-0.0009499851148575544,0.0007347202044911683,-0.0007519886130467057
2026-03-25 21:37:26.481,0.14157238602638245,-0.10671492666006088,-0.14511768519878387,-0.0008063241257332265,0.0006226530531421304,-0.0008667176589369774
2026-03-25 21:37:26.483,0.14282381534576416,-0.08940931409597397,-0.14715124666690826,-0.0007550347945652902,0.0005989632336422801,-0.0007563277031295002
2026-03-25 21:37:26.485,0.13976933062076569,-0.09122873842716217,-0.14608682692050934,-0.0009563913918100297,0.0005364855751395226,-0.0007512433803640306
2026-03-25 21:37:26.488,0.1421085000038147,-0.09399298578500748,-0.12467999011278152,-0.0009117080480791628,0.0006835629465058446,-0.000742063857614994
2026-03-25 21:37:26.490,0.1521250158548355,-0.09624258428812027,-0.1337902694940567,-0.0006969568785279989,0.0009220580104738474,-0.0008054858772084117
2026-03-25 21:37:26.492,0.14762811362743378,-0.10458389669656754,-0.12424027919769287,-0.0007891076384112239,0.0008011898607946932,-0.0009391126222908497
2026-03-25 21:37:26.494,0.17829962074756622,-0.10363341867923737,-0.13607408106327057,-0.0006528113735839725,0.0010330155491828918,-0.0009455956169404089
2026-03-25 21:37:26.496,0.14869090914726257,-0.0879979208111763,-0.12958408892154694,-0.0009093050030060112,0.0007907132967375219,-0.0007275778334587812
2026-03-25 21:37:26.498,0.14705832302570343,-0.0907621830701828,-0.14422178268432617,-0.0009535285062156618,0.0007873901049606502,-0.0008715331205166876
2026-03-25 21:37:26.500,0.1383209377527237,-0.09505101293325424,-0.1504940241575241,-0.0009767628507688642,0.0006747479783371091,-0.000701195269357413
2026-03-25 21:37:26.502,0.14723408222198486,-0.10989735275506973,-0.1554659605026245,-0.0005833133473061025,0.0005230237147770822,-0.0009720693342387676
2026-03-25 21:37:26.504,0.14375950396060944,-0.10143836587667465,-0.15403109788894653,-0.0005977284163236618,0.0006935897981747985,-0.0009565771906636655
2026-03-25 21:37:26.506,0.13775962591171265,-0.09351010620594025,-0.12832283973693848,-0.0010860445909202099,0.0006964472704567015,-0.0005787903792224824
2026-03-25 21:37:26.508,0.17492558062076569,-0.08988770097494125,-0.13886888325214386,-0.0010752591770142317,0.0010883124778047204,-0.0006836513639427722
2026-03-25 21:37:26.510,0.15131987631320953,-0.0907905325293541,-0.11394893378019333,-0.0009584790095686913,0.0009252163581550121,-0.0007324916077777743
2026-03-25 21:37:26.512,0.16571150720119476,-0.10721185058355331,-0.12823960185050964,-0.0007477740873582661,0.001238162163645029,-0.0008516976376995444
2026-03-25 21:37:26.515,0.1680426448583603,-0.10812930017709732,-0.11962517350912094,-0.000523857946973294,0.0008423651452176273,-0.0008416053024120629
2026-03-25 21:37:26.517,0.17128372192382812,-0.10274503380060196,-0.13267561793327332,-0.000938500976189971,0.001080916146747768,-0.0006808142061345279
2026-03-25 21:37:26.519,0.14173759520053864,-0.08607017248868942,-0.12458023428916931,-0.0009970403043553233,0.0008007321157492697,-0.0006863255985081196
2026-03-25 21:37:26.521,0.13830341398715973,-0.09272264689207077,-0.1417074203491211,-0.000984757672995329,0.0009019435383379459,-0.0005823687533847988
2026-03-25 21:37:26.522,0.1492033749818802,-0.1068958193063736,-0.1497342884540558,-0.0008131325012072921,0.0006036875420249999,-0.0007114036125130951
2026-03-25 21:37:26.524,0.14468328654766083,-0.11577978730201721,-0.14605975151062012,-0.0005498075042851269,0.0006356661324389279,-0.0007391602266579866
2026-03-25 21:37:26.526,0.1626826524734497,-0.11202968657016754,-0.15238754451274872,-0.00047788440133444965,0.0007228003232739866,-0.0008119741687551141
2026-03-25 21:37:26.528,0.14199349284172058,-0.0961596816778183,-0.12988269329071045,-0.0010374353732913733,0.0008535432862117887,-0.0007244802545756102
2026-03-25 21:37:26.531,0.17536143958568573,-0.09213794022798538,-0.14218083024024963,-0.0009547095978632569,0.00134086178150028,-0.0006066289497539401
2026-03-25 21:37:26.533,0.17190371453762054,-0.10424526780843735,-0.1314241737127304,-0.0009888308122754097,0.0009219154017046094,-0.0006230148719623685
2026-03-25 21:37:26.535,0.16270805895328522,-0.1067376434803009,-0.13744395971298218,-0.0007062220829539001,0.0009782867273315787,-0.000792740669567138
2026-03-25 21:37:26.537,0.13754411041736603,-0.10304125398397446,-0.13769859075546265,-0.0006745497230440378,0.0008087890455499291,-0.0008109480841085315
2026-03-25 21:37:26.539,0.16271933913230896,-0.11044774949550629,-0.144973486661911,-0.0007872567512094975,0.0009386535966768861,-0.0008522169082425535
2026-03-25 21:37:26.541,0.14284446835517883,-0.09510503709316254,-0.12663842737674713,-0.0010462640784680843,0.0008495695074088871,-0.0005610571824945509
2026-03-25 21:37:26.542,0.15317878127098083,-0.0878041461110115,-0.14022745192050934,-0.0009980708127841353,0.0008771161665208638,-0.0006086930516175926
2026-03-25 21:37:26.544,0.1688593029975891,-0.09551555663347244,-0.14136773347854614,-0.0008660139283165336,0.0011091075139120221,-0.0008042182307690382
2026-03-25 21:37:26.547,0.15974044799804688,-0.09814321249723434,-0.13584841787815094,-0.0008983095758594573,0.0008081014966592193,-0.0008275150903500617
2026-03-25 21:37:26.549,0.15999634563922882,-0.09424617886543274,-0.14347635209560394,-0.0007377208676189184,0.000904677202925086,-0.0008882193942554295
2026-03-25 21:37:26.551,0.1363029181957245,-0.08887889981269836,-0.1324281543493271,-0.00086761120473966,0.0007018003379926085,-0.000976637238636613
2026-03-25 21:37:26.553,0.15574946999549866,-0.09333968162536621,-0.1585809588432312,-0.0010132119059562683,0.0008017017971724272,-0.0007637397502548993
2026-03-25 21:37:26.555,0.14273114502429962,-0.10403836518526077,-0.1377004086971283,-0.0009863474406301975,0.0007976575288921595,-0.0007106902776286006
2026-03-25 21:37:26.557,0.14376966655254364,-0.10202565789222717,-0.14595624804496765,-0.0008299396140500903,0.0008535226806998253,-0.0007472182041965425
2026-03-25 21:37:26.559,0.14830227196216583,-0.10174848139286041,-0.13569015264511108,-0.0005171695374883711,0.0008748872205615044,-0.000999215873889625
2026-03-25 21:37:26.561,0.14806817471981049,-0.10335089266300201,-0.13577872514724731,-0.0009998150635510683,0.0008872768376022577,-0.0007572472095489502
2026-03-25 21:37:26.563,0.15805403888225555,-0.10565406084060669,-0.14110450446605682,-0.0008366339607164264,0.000956064963247627,-0.0006941169267520308
2026-03-25 21:37:26.565,0.1444430947303772,-0.08939079195261002,-0.13033908605575562,-0.0007513815653510392,0.0006011928780935705,-0.0006691335001960397
2026-03-25 21:37:26.567,0.15847283601760864,-0.09261716157197952,-0.13269080221652985,-0.0008244070340879261,0.0009889609646052122,-0.0006436271942220628
2026-03-25 21:37:26.569,0.15839433670043945,-0.09940125048160553,-0.13183000683784485,-0.0010473808506503701,0.0009249896975234151,-0.0008684546337462962
2026-03-25 21:37:26.571,0.15737903118133545,-0.09595845639705658,-0.1278788447380066,-0.0011178877903148532,0.0009553190902806818,-0.0006366167217493057
2026-03-25 21:37:26.573,0.1652187705039978,-0.09789136052131653,-0.1265372484922409,-0.0008141775033436716,0.0009347834275104105,-0.0008832530584186316
2026-03-25 21:37:26.575,0.1608624905347824,-0.09880346804857254,-0.13237816095352173,-0.0009586092783138156,0.0009009346249513328,-0.0008331206045113504
2026-03-25 21:37:26.577,0.1435898244380951,-0.09851682186126709,-0.1393347531557083,-0.0008593614911660552,0.0009157895110547543,-0.0006557510932907462
2026-03-25 21:37:26.578,0.13885965943336487,-0.10347738116979599,-0.15370406210422516,-0.0007765938062220812,0.0009844450978562236,-0.0008752896101213992
2026-03-25 21:37:26.580,0.12698735296726227,-0.100796639919281,-0.14137333631515503,-0.0008836695342324674,0.0006385507294908166,-0.0006706395070068538
2026-03-25 21:37:26.582,0.141380175948143,-0.10624511539936066,-0.14129866659641266,-0.0006010063807480037,0.0008859152439981699,-0.0007970309816300869
2026-03-25 21:37:26.584,0.15286442637443542,-0.10549745708703995,-0.1397095024585724,-0.0006841910071671009,0.0006757312221452594,-0.0008519132970832288
2026-03-25 21:37:26.586,0.15934477746486664,-0.09996678680181503,-0.13168050348758698,-0.000696556584443897,0.0009412349900230765,-0.0007009678520262241
2026-03-25 21:37:26.588,0.1593180149793625,-0.09691429883241653,-0.12285143882036209,-0.0007637753151357174,0.001059944275766611,-0.000734784291125834
2026-03-25 21:37:26.590,0.15961971879005432,-0.08677449077367783,-0.1253434270620346,-0.0009880177676677704,0.0007762779132463038,-0.0007642694399692118
2026-03-25 21:37:26.592,0.15849195420742035,-0.0920201763510704,-0.12863221764564514,-0.0009756316430866718,0.0010002789786085486,-0.0008494913927279413
2026-03-25 21:37:26.594,0.15059857070446014,-0.09115345776081085,-0.12227937579154968,-0.0008854515035636723,0.000885407964233309,-0.0007633973145857453
2026-03-25 21:37:26.596,0.165663942694664,-0.10367625951766968,-0.1439490020275116,-0.0008482627454213798,0.0011196490377187729,-0.0007616468938067555
2026-03-25 21:37:26.598,0.15426774322986603,-0.10479854792356491,-0.12951374053955078,-0.0007691996870562434,0.000927369634155184,-0.0009094857960008085
2026-03-25 21:37:26.600,0.15038907527923584,-0.11005410552024841,-0.13354183733463287,-0.0007114826585166156,0.0009293836774304509,-0.0005481908447109163
2026-03-25 21:37:26.602,0.14707401394844055,-0.10649760812520981,-0.13542340695858002,-0.0006633481825701892,0.000781285809352994,-0.0006614558515138924
2026-03-25 21:37:26.604,0.14756469428539276,-0.11921848356723785,-0.15193524956703186,-0.0009366502054035664,0.0009114533895626664,-0.0006324571440927684
2026-03-25 21:37:26.606,0.14822150766849518,-0.11733230203390121,-0.14268669486045837,-0.0004203632997814566,0.0007467504474334419,-0.0008349628769792616
2026-03-25 21:37:26.608,0.149725541472435,-0.11577701568603516,-0.1426374614238739,-0.0005813687457703054,0.0008578302804380655,-0.000573551282286644
2026-03-25 21:37:26.610,0.16517643630504608,-0.12293337285518646,-0.13746897876262665,-0.000559846987016499,0.0010564085096120834,-0.0005294453585520387
2026-03-25 21:37:26.612,0.15562881529331207,-0.11511357128620148,-0.13172683119773865,-0.0005557117983698845,0.0009944697376340628,-0.0004872250137850642
2026-03-25 21:37:26.614,0.15383730828762054,-0.10645927488803864,-0.12314499914646149,-0.0007598100928589702,0.0010476363822817802,-0.0005708036478608847
2026-03-25 21:37:26.616,0.17138899862766266,-0.10903730988502502,-0.12545417249202728,-0.0004987336578778923,0.001346878008916974,-0.0006433711969293654
2026-03-25 21:37:26.618,0.16431768238544464,-0.10920245945453644,-0.10811340808868408,-0.0005666015204042196,0.0010700729908421636,-0.0006310272146947682
2026-03-25 21:37:26.621,0.16848595440387726,-0.12382076680660248,-0.11939238756895065,-0.0004965414409525692,0.0012076625134795904,-0.0008615122060291469
2026-03-25 21:37:26.623,0.15521349012851715,-0.11888046562671661,-0.11903530359268188,-0.0005478101084008813,0.0009974194690585136,-0.0007779859006404877
2026-03-25 21:37:26.625,0.15933728218078613,-0.1176970973610878,-0.12610162794589996,-0.0006474049878306687,0.0010901674395427108,-0.0006135962903499603
2026-03-25 21:37:26.627,0.16246825456619263,-0.11949174106121063,-0.14849786460399628,-0.0005423996481113136,0.0009606565581634641,-0.000514643790666014
2026-03-25 21:37:26.629,0.1535259187221527,-0.12755900621414185,-0.14034214615821838,-0.00039482730790041387,0.0008362991502508521,-0.0005845843115821481
2026-03-25 21:37:26.631,0.1537407487630844,-0.1343952864408493,-0.1491185426712036,-0.0003911788226105273,0.0008154520764946938,-0.0007878274191170931
2026-03-25 21:37:26.633,0.14623166620731354,-0.12651251256465912,-0.13595493137836456,-0.0005593060050159693,0.0005191785749047995,-0.0005591220688074827
2026-03-25 21:37:26.635,0.16290272772312164,-0.13694924116134644,-0.13493245840072632,-0.0006617579492740333,0.0008182141464203596,-0.0007634739740751684
2026-03-25 21:37:26.637,0.14163176715373993,-0.11783424019813538,-0.1245216354727745,-0.000515915104188025,0.0008189655491150916,-0.0006092033581808209
2026-03-25 21:37:26.640,0.1744668334722519,-0.11667750030755997,-0.11886297911405563,-0.00047747502685524523,0.0012062063906341791,-0.0005398187204264104
2026-03-25 21:37:26.642,0.1685299128293991,-0.11276314407587051,-0.12270978838205338,-0.0006812893552705646,0.0009507524082437158,-0.0004334870900493115
2026-03-25 21:37:26.644,0.1725495457649231,-0.1185670867562294,-0.13315320014953613,-0.000544246518984437,0.0011588562047109008,-0.0007856513257138431
2026-03-25 21:37:26.646,0.1681237667798996,-0.11447601020336151,-0.13946743309497833,-0.000775950204115361,0.0008423344697803259,-0.0004912969307042658
2026-03-25 21:37:26.648,0.1552579253911972,-0.11569155007600784,-0.13494399189949036,-0.000568615214433521,0.0008599116117693484,-0.000692513189278543
2026-03-25 21:37:26.650,0.15046636760234833,-0.11352512240409851,-0.1322445124387741,-0.0008147696498781443,0.0007091257139109075,-0.0006525319768115878
2026-03-25 21:37:26.652,0.15110164880752563,-0.1176736056804657,-0.1381683647632599,-0.000697553448844701,0.0008044157293625176,-0.0007386895595118403
2026-03-25 21:37:26.655,0.15112923085689545,-0.12086839228868484,-0.1433315873146057,-0.0005324252415448427,0.0008461775723844767,-0.0007100994698703289
2026-03-25 21:37:26.657,0.1362747699022293,-0.11474376171827316,-0.14317665994167328,-0.0007039147894829512,0.0005085965385660529,-0.0007016761810518801
2026-03-25 21:37:26.659,0.16462035477161407,-0.1116831973195076,-0.1501472145318985,-0.0005650243838317692,0.0009061803575605154,-0.00068051548441872
2026-03-25 21:37:26.661,0.14860965311527252,-0.10801561176776886,-0.12551771104335785,-0.0007943214732222259,0.000829689612146467,-0.0006587321404367685
2026-03-25 21:37:26.663,0.15429899096488953,-0.10120353102684021,-0.13775096833705902,-0.0006985547952353954,0.0007447196403518319,-0.0008179834112524986
2026-03-25 21:37:26.665,0.16215984523296356,-0.09629307687282562,-0.13980090618133545,-0.0008352805743925273,0.0009028378990478814,-0.0007977458299137652
2026-03-25 21:37:26.666,0.1564316600561142,-0.09509136527776718,-0.13216263055801392,-0.001085313269868493,0.0008419867372140288,-0.000717086426448077
2026-03-25 21:37:26.668,0.16138339042663574,-0.101292185485363,-0.12442763894796371,-0.0008655873825773597,0.0008399537182413042,-0.000990456435829401
2026-03-25 21:37:26.671,0.15997184813022614,-0.09349880367517471,-0.1298810839653015,-0.0008661613101139665,0.0007786426576785743,-0.0006409275811165571
2026-03-25 21:37:26.673,0.16777734458446503,-0.09854140132665634,-0.15054480731487274,-0.000870664487592876,0.001206406857818365,-0.0006527233053930104
2026-03-25 21:37:26.675,0.14771881699562073,-0.09735346585512161,-0.12562470138072968,-0.0008308014366775751,0.0009477486601099372,-0.0007761335582472384
2026-03-25 21:37:26.677,0.14059597253799438,-0.08800088614225388,-0.1488848775625229,-0.001045681070536375,0.0009070542291738093,-0.0009255223558284342
2026-03-25 21:37:26.679,0.16006305813789368,-0.09420153498649597,-0.14999212324619293,-0.0007520162616856396,0.001119232620112598,-0.0008459651144221425
2026-03-25 21:37:26.681,0.13177089393138885,-0.0952644944190979,-0.14493140578269958,-0.000826517934910953,0.0007048879051581025,-0.0010742595186457038
2026-03-25 21:37:26.683,0.13491156697273254,-0.08412913233041763,-0.1524381786584854,-0.001027860795147717,0.0007494865567423403,-0.0006610977579839528
2026-03-25 21:37:26.685,0.144335076212883,-0.09645936638116837,-0.1502901315689087,-0.0009651962318457663,0.0006453997339121997,-0.0010059978812932968
2026-03-25 21:37:26.688,0.14597247540950775,-0.08132827281951904,-0.14106035232543945,-0.0008905598078854382,0.0006630897405557334,-0.0008920975378714502
2026-03-25 21:37:26.690,0.16304545104503632,-0.08261524885892868,-0.14991798996925354,-0.0009634668822400272,0.0009809761540964246,-0.0010012779384851456
2026-03-25 21:37:26.692,0.16031375527381897,-0.07173260301351547,-0.14015808701515198,-0.0010984460823237896,0.0009187384275719523,-0.0008952523930929601
2026-03-25 21:37:26.694,0.14213795959949493,-0.08150609582662582,-0.12401720881462097,-0.0010784685146063566,0.0007695003296248615,-0.0010535313049331307
2026-03-25 21:37:26.696,0.15567156672477722,-0.08403133600950241,-0.13931716978549957,-0.001064977957867086,0.0008341093780472875,-0.0010802769102156162
2026-03-25 21:37:26.698,0.14309045672416687,-0.07918944209814072,-0.1354837417602539,-0.0011881865793839097,0.0008442822145298123,-0.0009309259476140141
2026-03-25 21:37:26.700,0.1440666913986206,-0.08893341571092606,-0.13457351922988892,-0.0008057873346842825,0.0006688281428068876,-0.0009199354099109769
2026-03-25 21:37:26.702,0.13681967556476593,-0.09078212827444077,-0.14266017079353333,-0.0011059374082833529,0.0005820496007800102,-0.0010694351512938738
2026-03-25 21:37:26.704,0.15242506563663483,-0.08602908253669739,-0.15544956922531128,-0.0009292046306654811,0.0007080178475007415,-0.0009523436892777681
2026-03-25 21:37:26.706,0.15223786234855652,-0.09212978929281235,-0.1467001736164093,-0.0009261215454898775,0.0006967827212065458,-0.0009374525980092585
2026-03-25 21:37:26.708,0.1364966630935669,-0.08281279355287552,-0.14011435210704803,-0.0007990638841874897,0.0006567435921169817,-0.0012304492993280292
2026-03-25 21:37:26.710,0.14283126592636108,-0.09112199395895004,-0.1566433608531952,-0.0009936547139659524,0.0008926547598093748,-0.0008403862011618912
2026-03-25 21:37:26.712,0.1594059318304062,-0.09368809312582016,-0.14635656774044037,-0.0008904426940716803,0.000981244957074523,-0.00099784298799932
2026-03-25 21:37:26.714,0.14492608606815338,-0.08933098614215851,-0.13106580078601837,-0.0009576933225616813,0.0008048996678553522,-0.0009768448071554303
2026-03-25 21:37:26.716,0.14620591700077057,-0.08652566373348236,-0.1372736394405365,-0.0010010215919464827,0.0006212784210219979,-0.0009239474311470985
2026-03-25 21:37:26.718,0.1678924262523651,-0.09271487593650818,-0.1596357226371765,-0.0010043963557109237,0.0008710731053724885,-0.0007489898125641048
2026-03-25 21:37:26.720,0.1540416181087494,-0.09252549707889557,-0.1368437111377716,-0.001000016462057829,0.000830209581181407,-0.0007425752119161189
2026-03-25 21:37:26.722,0.14850373566150665,-0.09975840151309967,-0.12973995506763458,-0.0008875170606188476,0.0006485454505309463,-0.0009867551270872355
2026-03-25 21:37:26.725,0.15949328243732452,-0.10594268143177032,-0.13498103618621826,-0.0009584483923390508,0.0008315964951179922,-0.0009548373054713011
2026-03-25 21:37:26.726,0.16431114077568054,-0.09235920011997223,-0.14739836752414703,-0.0007357539143413305,0.0009122837800532579,-0.0007096851477399468
2026-03-25 21:37:26.728,0.1491464227437973,-0.0980839803814888,-0.13050945103168488,-0.0008712119306437671,0.000704118749126792,-0.0008415624615736306
2026-03-25 21:37:26.731,0.1443329006433487,-0.10446422547101974,-0.14901302754878998,-0.0006058171857148409,0.0006858973065391183,-0.0008067585295066237
2026-03-25 21:37:26.733,0.16026557981967926,-0.11375291645526886,-0.14254236221313477,-0.0006706792046315968,0.0008644693298265338,-0.0006950294482521713
2026-03-25 21:37:26.735,0.15500544011592865,-0.11036311835050583,-0.1430089920759201,-0.0009071434033103287,0.0008555391104891896,-0.0005797620979137719
2026-03-25 21:37:26.737,0.14970196783542633,-0.10735700279474258,-0.13748766481876373,-0.0007442936766892672,0.000970543478615582,-0.0006634440505877137
2026-03-25 21:37:26.739,0.1454508751630783,-0.10750564932823181,-0.12349846959114075,-0.0009218205814249814,0.0008430824382230639,-0.0006448993226513267
2026-03-25 21:37:26.741,0.16700798273086548,-0.10667990148067474,-0.13973888754844666,-0.0007647017482668161,0.0009935585549101233,-0.0004496449255384505
2026-03-25 21:37:26.743,0.15879809856414795,-0.11548178642988205,-0.1372860223054886,-0.0005154822720214725,0.0010732352966442704,-0.0007919228519313037
2026-03-25 21:37:26.745,0.15206988155841827,-0.11544249951839447,-0.12430086731910706,-0.0005573024973273277,0.0011671651154756546,-0.0008605206967331469
2026-03-25 21:37:26.747,0.1462673395872116,-0.11030276119709015,-0.1302495151758194,-0.0007331523229368031,0.0011175090912729502,-0.0006602689973078668
2026-03-25 21:37:26.749,0.16820068657398224,-0.122190922498703,-0.14687225222587585,-0.0006420306744985282,0.000928636989556253,-0.0006227490375749767
2026-03-25 21:37:26.751,0.1601792275905609,-0.12374027818441391,-0.12283703684806824,-0.0004571654717437923,0.0009717989596538246,-0.000697375216986984
2026-03-25 21:37:26.753,0.1504049450159073,-0.11391940712928772,-0.12294221669435501,-0.000525114475749433,0.0008456700597889721,-0.0005745951202698052
2026-03-25 21:37:26.754,0.1560986340045929,-0.1266438513994217,-0.13732938468456268,-0.0006821108399890363,0.0011226675705984235,-0.0006029086653143167
2026-03-25 21:37:26.756,0.16033001244068146,-0.1293552964925766,-0.12855744361877441,-0.0005506803863681853,0.0010529712308198214,-0.0005575415561906993
2026-03-25 21:37:26.758,0.14383690059185028,-0.11767952144145966,-0.11929751932621002,-0.00060229905648157,0.0009074255940504372,-0.0006813479703851044
2026-03-25 21:37:26.760,0.15503405034542084,-0.11495830118656158,-0.14014463126659393,-0.0007843421190045774,0.001011422136798501,-0.000435332563938573
2026-03-25 21:37:26.762,0.16453635692596436,-0.1309865117073059,-0.13215376436710358,-0.0005888821906410158,0.0011167819611728191,-0.0004553596372716129
2026-03-25 21:37:26.764,0.15360230207443237,-0.11714690178632736,-0.1258140206336975,-0.00036316359182819724,0.0008793863817118108,-0.0006352643831633031
2026-03-25 21:37:26.766,0.15812167525291443,-0.11364676803350449,-0.12383801490068436,-0.0007429471588693559,0.0010420039761811495,-0.0003035185218323022
2026-03-25 21:37:26.768,0.15861594676971436,-0.12247934192419052,-0.12576806545257568,-0.0005878770025447011,0.0010598857188597322,-0.0005767494440078735
2026-03-25 21:37:26.771,0.16377487778663635,-0.12118446081876755,-0.1205594465136528,-0.0004548128054011613,0.001091153477318585,-0.000645501830149442
2026-03-25 21:37:26.773,0.17408335208892822,-0.11254247277975082,-0.127237468957901,-0.0006231156876310706,0.0011985708260908723,-0.0006386658060364425
2026-03-25 21:37:26.775,0.16225884854793549,-0.11464541405439377,-0.12955889105796814,-0.0006849622586742043,0.0009405410382896662,-0.0004578939115162939
2026-03-25 21:37:26.777,0.15803512930870056,-0.12263917922973633,-0.14263030886650085,-0.0005319113843142986,0.0010853230487555265,-0.0006969188689254224
2026-03-25 21:37:26.779,0.15539945662021637,-0.11506546288728714,-0.1364883929491043,-0.0006218083435669541,0.0007666519959457219,-0.000599246530327946
2026-03-25 21:37:26.781,0.15700440108776093,-0.1134256049990654,-0.13963881134986877,-0.000595790974330157,0.000871718511916697,-0.0005596731207333505
2026-03-25 21:37:26.783,0.13540850579738617,-0.11699111014604568,-0.13107338547706604,-0.00041903433157131076,0.0006435422692447901,-0.0008142080623656511
2026-03-25 21:37:26.785,0.15566326677799225,-0.12122524529695511,-0.13565199077129364,-0.00042603386100381613,0.0009295378113165498,-0.0007295174291357398
2026-03-25 21:37:26.788,0.15164706110954285,-0.11316714435815811,-0.12371446937322617,-0.0006395087693817914,0.0009268442518077791,-0.0006631492869928479
2026-03-25 21:37:26.790,0.16100914776325226,-0.108039490878582,-0.12456817179918289,-0.0007728402270004153,0.0010022646747529507,-0.0006041490123607218
2026-03-25 21:37:26.792,0.17220638692378998,-0.11020778864622116,-0.13638187944889069,-0.0010090299183502793,0.0011217511491850019,-0.0006651128060184419
2026-03-25 21:37:26.794,0.16692940890789032,-0.10686229169368744,-0.13105209171772003,-0.0007801923784427345,0.0010402243351563811,-0.0006345011643134058
2026-03-25 21:37:26.796,0.15291939675807953,-0.09994270652532578,-0.1199444979429245,-0.0008833981119096279,0.0008954191580414772,-0.0007174097117967904
2026-03-25 21:37:26.798,0.15073376893997192,-0.10076083987951279,-0.13745923340320587,-0.0009299073717556894,0.000939507910516113,-0.0007780311862006783
2026-03-25 21:37:26.800,0.15328875184059143,-0.1093062311410904,-0.1383451670408249,-0.000823170063085854,0.0009355349466204643,-0.0007638967363163829
2026-03-25 21:37:26.802,0.14541058242321014,-0.10966407507658005,-0.14283521473407745,-0.0008292378042824566,0.0006674574688076973,-0.0007561870152130723
2026-03-25 21:37:26.804,0.14759765565395355,-0.10331082344055176,-0.13474561274051666,-0.0007617536466568708,0.0008128357585519552,-0.0007688802434131503
2026-03-25 21:37:26.806,0.13944023847579956,-0.10776671022176743,-0.1400669366121292,-0.0008705358486622572,0.0007444771472364664,-0.0005959520349279046
2026-03-25 21:37:26.808,0.14989030361175537,-0.10441941767930984,-0.12994050979614258,-0.0007597380317747593,0.000798119930550456,-0.0007483443478122354
2026-03-25 21:37:26.810,0.15752249956130981,-0.10096843540668488,-0.13647544384002686,-0.0008809042628854513,0.0006610116688534617,-0.000893936026841402
2026-03-25 21:37:26.812,0.1573704034090042,-0.0981404185295105,-0.12704715132713318,-0.0010280696442350745,0.0010822915937751532,-0.0007684394367970526
2026-03-25 21:37:26.814,0.15218791365623474,-0.09545208513736725,-0.13210564851760864,-0.0009650326683185995,0.0009921329328790307,-0.0007110955775715411
2026-03-25 21:37:26.816,0.1526864618062973,-0.09167733043432236,-0.1360706090927124,-0.0009503897745162249,0.0009863617597147822,-0.0007543695974163711
2026-03-25 21:37:26.818,0.15326854586601257,-0.08939805626869202,-0.13555273413658142,-0.0009080088348127902,0.0009749872260726988,-0.0010334532707929611
2026-03-25 21:37:26.821,0.15382374823093414,-0.08572925627231598,-0.14153999090194702,-0.0007501959335058928,0.0009815623052418232,-0.0009550844551995397
2026-03-25 21:37:26.823,0.1508547067642212,-0.08896629512310028,-0.13615986704826355,-0.0007160909008234739,0.0009004694293253124,-0.0010748584754765034
2026-03-25 21:37:26.825,0.14954988658428192,-0.09783726185560226,-0.13991403579711914,-0.0008544061565771699,0.00087311293464154,-0.0009794827783480287
2026-03-25 21:37:26.827,0.1503145694732666,-0.08994463831186295,-0.1404847651720047,-0.0007897863979451358,0.0008337189210578799,-0.0007705676835030317
2026-03-25 21:37:26.829,0.14814896881580353,-0.09963060915470123,-0.15976858139038086,-0.0008941765991039574,0.0006240422371774912,-0.0008802058873698115
2026-03-25 21:37:26.831,0.1422009915113449,-0.09727125614881516,-0.1505812704563141,-0.0009331709006801248,0.0006196374888531864,-0.000948291621170938
2026-03-25 21:37:26.833,0.15252304077148438,-0.09693797677755356,-0.15255312621593475,-0.0008380215149372816,0.0003852676600217819,-0.0008947939495556056
2026-03-25 21:37:26.835,0.14725641906261444,-0.09615053236484528,-0.1449444591999054,-0.0009116497822105885,0.0006064545013941824,-0.0009612311259843409
2026-03-25 21:37:26.838,0.14690695703029633,-0.09215201437473297,-0.13241340219974518,-0.0010289374040439725,0.0007445354131050408,-0.0007604652200825512
2026-03-25 21:37:26.840,0.15877221524715424,-0.09028861671686172,-0.13029064238071442,-0.0009721776004880667,0.0010144166881218553,-0.0009821184212341905
2026-03-25 21:37:26.842,0.15450626611709595,-0.08713734149932861,-0.12426318228244781,-0.0010250932537019253,0.0007535499171353877,-0.0009271191083826125
2026-03-25 21:37:26.845,0.15637467801570892,-0.0874670147895813,-0.13496926426887512,-0.0008293422288261354,0.0009493990801274776,-0.0008522784919477999
2026-03-25 21:37:26.847,0.15744927525520325,-0.09008951485157013,-0.13819873332977295,-0.0007937037735246122,0.0009611849091015756,-0.0007784824701957405
2026-03-25 21:37:26.849,0.15464478731155396,-0.09722074121236801,-0.1354636698961258,-0.0009749160963110626,0.0008606003830209374,-0.0006694095791317523
2026-03-25 21:37:26.851,0.15079785883426666,-0.09924770891666412,-0.1508653312921524,-0.00081667210906744,0.0008776828763075173,-0.0007125267875380814
2026-03-25 21:37:26.853,0.1423358917236328,-0.1080450639128685,-0.14858368039131165,-0.0007832632982172072,0.0006759236566722393,-0.0009540004539303482
2026-03-25 21:37:26.855,0.14170019328594208,-0.10524270683526993,-0.1447196900844574,-0.0006372613715939224,0.0007303766324184835,-0.0007640876574441791
2026-03-25 21:37:26.857,0.13787299394607544,-0.10726790130138397,-0.1443854719400406,-0.0006907751085236669,0.0005412179743871093,-0.0007911089924164116
2026-03-25 21:37:26.859,0.14516162872314453,-0.10741619765758514,-0.13493740558624268,-0.0006916227284818888,0.0007828198722563684,-0.000815938226878643
2026-03-25 21:37:26.861,0.15593820810317993,-0.1026877760887146,-0.13225342333316803,-0.0008321444038301706,0.0006406434695236385,-0.0009059191215783358
2026-03-25 21:37:26.863,0.15947093069553375,-0.09464111924171448,-0.1330024003982544,-0.0007831915281713009,0.0008522533462382853,-0.0005903883720748127
2026-03-25 21:37:26.865,0.15442350506782532,-0.09484980255365372,-0.12650254368782043,-0.0009795887162908912,0.0008916237275116146,-0.000693776470143348
2026-03-25 21:37:26.867,0.17148341238498688,-0.09763094037771225,-0.1308116912841797,-0.0009757755906321108,0.0011296708835288882,-0.0007157616782933474
2026-03-25 21:37:26.869,0.15954869985580444,-0.09766533225774765,-0.1342993676662445,-0.0008064110879786313,0.0009703442337922752,-0.0007525856490246952
2026-03-25 21:37:26.871,0.16026976704597473,-0.10408392548561096,-0.13519130647182465,-0.0009772615740075707,0.0010400878963992,-0.0007720992434769869
2026-03-25 21:37:26.873,0.1549108624458313,-0.10590347647666931,-0.13181018829345703,-0.0008259853930212557,0.0008368171402253211,-0.0007830146350897849
2026-03-25 21:37:26.875,0.14678211510181427,-0.11487497389316559,-0.14543023705482483,-0.0007406507502309978,0.0008776503382250667,-0.0007387936930172145
2026-03-25 21:37:26.877,0.145826056599617,-0.1105334535241127,-0.144141286611557,-0.0006198620540089905,0.0007245385786518455,-0.0007972057210281491
2026-03-25 21:37:26.879,0.15020477771759033,-0.11942977458238602,-0.1439003199338913,-0.0007240495760925114,0.001022702781483531,-0.0007500990177504718
2026-03-25 21:37:26.881,0.14191913604736328,-0.11518611758947372,-0.14162203669548035,-0.0006974649149924517,0.000823162670712918,-0.0007633179193362594
2026-03-25 21:37:26.883,0.1492130011320114,-0.10996226221323013,-0.12688902020454407,-0.0006875867838971317,0.0008826008997857571,-0.000635276606772095
2026-03-25 21:37:26.885,0.16058462858200073,-0.10904964804649353,-0.13988806307315826,-0.0007586196297779679,0.0007847449742257595,-0.0006655302131548524
2026-03-25 21:37:26.888,0.1543315052986145,-0.1085895523428917,-0.12835893034934998,-0.0008298100437968969,0.000958542397711426,-0.0006584461661987007
2026-03-25 21:37:26.890,0.16002194583415985,-0.11285232752561569,-0.1346578299999237,-0.0007933109300211072,0.0011242663022130728,-0.0005676156142726541
2026-03-25 21:37:26.892,0.16644874215126038,-0.1135878711938858,-0.1209285780787468,-0.0007259824778884649,0.0010899354238063097,-0.0006259106448851526
2026-03-25 21:37:26.894,0.16020040214061737,-0.11673077940940857,-0.13370665907859802,-0.0008842443930916488,0.001009039580821991,-0.0005298813339322805
2026-03-25 21:37:26.896,0.15682868659496307,-0.11180172115564346,-0.1427483707666397,-0.0005663714837282896,0.0012203850783407688,-0.0008195295231416821
2026-03-25 21:37:26.898,0.1466408669948578,-0.11150478571653366,-0.13743552565574646,-0.000631301139947027,0.0009593669674359262,-0.0006633679149672389
2026-03-25 21:37:26.900,0.13683176040649414,-0.11495810747146606,-0.1317145973443985,-0.0007348590297624469,0.0006995187723077834,-0.0008704958017915487
2026-03-25 21:37:26.902,0.14910417795181274,-0.11155032366514206,-0.14044304192066193,-0.0006109587848186493,0.0008623178000561893,-0.0007347757928073406
2026-03-25 21:37:26.904,0.15264886617660522,-0.11408133059740067,-0.1392788589000702,-0.0006649757269769907,0.0009120796457864344,-0.00061605783412233
2026-03-25 21:37:26.906,0.14929117262363434,-0.11449488252401352,-0.14161543548107147,-0.00040600181091576815,0.0008207050850614905,-0.0008200084557756782
2026-03-25 21:37:26.908,0.15740399062633514,-0.10971175134181976,-0.13497298955917358,-0.0007839673780836165,0.0008339847554452717,-0.0007390534738078713
2026-03-25 21:37:26.910,0.16400045156478882,-0.10685155540704727,-0.13175895810127258,-0.000800183683168143,0.0008065164438448846,-0.0006433495436795056
2026-03-25 21:37:26.912,0.16212372481822968,-0.10478831827640533,-0.12479902058839798,-0.0007383619667962193,0.0008661739411763847,-0.0007686895551159978
2026-03-25 21:37:26.914,0.1567130833864212,-0.10386472195386887,-0.12247644364833832,-0.0007156581268645823,0.001008993829600513,-0.0006681634113192558
2026-03-25 21:37:26.916,0.1507624238729477,-0.1079309955239296,-0.12884601950645447,-0.0007639687391929328,0.0010129630099982023,-0.000648833520244807
2026-03-25 21:37:26.918,0.15239651501178741,-0.1108873188495636,-0.12544769048690796,-0.0006023713503964245,0.0009109878446906805,-0.0008969238260760903
2026-03-25 21:37:26.921,0.14900511503219604,-0.11235172301530838,-0.1441887468099594,-0.0007492942968383431,0.0008230087696574628,-0.0007580131059512496
2026-03-25 21:37:26.923,0.1504843533039093,-0.10865207016468048,-0.13859818875789642,-0.0007965053664520383,0.0007505090907216072,-0.0008737137541174889
2026-03-25 21:37:26.925,0.15201754868030548,-0.1073378399014473,-0.1408414989709854,-0.0007361382013186812,0.0008099817205220461,-0.0007295781397260725
2026-03-25 21:37:26.927,0.15479466319084167,-0.10477093607187271,-0.14695307612419128,-0.0008728770771995187,0.0009449831559322774,-0.0009418472764082253
2026-03-25 21:37:26.929,0.1528359055519104,-0.09963500499725342,-0.13948814570903778,-0.0007339136209338903,0.0008034154307097197,-0.0007896897150203586
2026-03-25 21:37:26.931,0.14420552551746368,-0.10326999425888062,-0.13881853222846985,-0.0007971213199198246,0.0008919038809835911,-0.0006403658189810812
2026-03-25 21:37:26.933,0.1542775183916092,-0.09997761249542236,-0.14224812388420105,-0.0006555670988745987,0.0007354439003393054,-0.0006577387102879584
2026-03-25 21:37:26.935,0.15732237696647644,-0.10085446387529373,-0.14058367908000946,-0.000753029715269804,0.0008536544046364725,-0.000659116602037102
2026-03-25 21:37:26.938,0.15245352685451508,-0.10584516823291779,-0.13085554540157318,-0.0006119277677498758,0.0009578394237905741,-0.0008961600251495838
2026-03-25 21:37:26.940,0.15089799463748932,-0.10566960275173187,-0.14172662794589996,-0.0008738161996006966,0.0008299787295982242,-0.0008806895348243415
2026-03-25 21:37:26.942,0.14469902217388153,-0.10211876034736633,-0.14000308513641357,-0.0008997375261969864,0.000798410561401397,-0.0007067846599966288
2026-03-25 21:37:26.944,0.15101011097431183,-0.09897417575120926,-0.13940808176994324,-0.0008234376437030733,0.0010098807979375124,-0.0006247198325581849
2026-03-25 21:37:26.946,0.1570112705230713,-0.10066293179988861,-0.14392344653606415,-0.0008572614751756191,0.0009293105686083436,-0.0006197410984896123
2026-03-25 21:37:26.948,0.15716208517551422,-0.10003270953893661,-0.13910359144210815,-0.0008147367043420672,0.0008936365484260023,-0.0006517377332784235
2026-03-25 21:37:26.950,0.1541019082069397,-0.1046285405755043,-0.138823464512825,-0.0008054324425756931,0.000710178108420223,-0.0006050130468793213
2026-03-25 21:37:26.952,0.1552935242652893,-0.1059146523475647,-0.13961832225322723,-0.0008188146166503429,0.0007599565433338284,-0.0008237947477027774
2026-03-25 21:37:26.955,0.14914783835411072,-0.10718769580125809,-0.137381449341774,-0.0008183550671674311,0.0008452081237919629,-0.0006413295632228255
2026-03-25 21:37:26.957,0.1529197245836258,-0.10802461206912994,-0.1346437931060791,-0.0008702614577487111,0.0007994338520802557,-0.0008383712847717106
2026-03-25 21:37:26.959,0.15135230123996735,-0.10647829622030258,-0.12926675379276276,-0.0009472398669458926,0.0008030967437662184,-0.0008831508457660675
2026-03-25 21:37:26.961,0.15876953303813934,-0.10620930790901184,-0.13638605177402496,-0.0008639491279609501,0.0009114461718127131,-0.0008206209749914706
2026-03-25 21:37:26.963,0.1549684703350067,-0.10542506724596024,-0.13548074662685394,-0.0009224588284268975,0.0008287745877169073,-0.0006265544798225164
2026-03-25 21:37:26.965,0.15959033370018005,-0.10330147296190262,-0.1408941149711609,-0.000761117902584374,0.0009137497399933636,-0.0006546670338138938
2026-03-25 21:37:26.967,0.1595064103603363,-0.11001835763454437,-0.1361621767282486,-0.0008116810349747539,0.0007245310116559267,-0.0007981308153830469
2026-03-25 21:37:26.968,0.1616009920835495,-0.10572773963212967,-0.13269005715847015,-0.0007886117673479021,0.0006905990303494036,-0.0006490969099104404
2026-03-25 21:37:26.971,0.1547539383172989,-0.10522038489580154,-0.13393577933311462,-0.0008148306515067816,0.0008595794788561761,-0.0006655309116467834
2026-03-25 21:37:26.973,0.15508216619491577,-0.10350506752729416,-0.13289372622966766,-0.000805447343736887,0.0007028613472357392,-0.0006316339713521302
2026-03-25 21:37:26.975,0.15336491167545319,-0.10652156174182892,-0.14073766767978668,-0.0009186384850181639,0.0010617218213155866,-0.0005702166236005723
2026-03-25 21:37:26.977,0.16196908056735992,-0.11202623695135117,-0.1444186568260193,-0.0008952710777521133,0.0008790378924459219,-0.0005428711883723736
2026-03-25 21:37:26.979,0.1514868587255478,-0.10842187702655792,-0.1381906121969223,-0.0005898855742998421,0.0009509896626695991,-0.0008450801833532751
2026-03-25 21:37:26.981,0.1568322330713272,-0.10734140127897263,-0.13565000891685486,-0.0006653193850070238,0.0008651911048218608,-0.0005607136990875006
2026-03-25 21:37:26.983,0.1489945501089096,-0.11252161115407944,-0.12956325709819794,-0.0009298203513026237,0.0008726819069124758,-0.0005994991515763104
2026-03-25 21:37:26.985,0.14938564598560333,-0.10713113099336624,-0.12515471875667572,-0.0008746929815970361,0.0007283204467967153,-0.0006614085868932307
2026-03-25 21:37:26.988,0.16346310079097748,-0.10790373384952545,-0.13405625522136688,-0.0007130643352866173,0.0010158842196688056,-0.0005135866231285036
2026-03-25 21:37:26.990,0.16034968197345734,-0.10917654633522034,-0.11821969598531723,-0.0008551192004233599,0.001022947602905333,-0.0007119419169612229
2026-03-25 21:37:26.992,0.15772323310375214,-0.10358268022537231,-0.13145461678504944,-0.0008722168859094381,0.00102483038790524,-0.0007034222944639623
2026-03-25 21:37:26.994,0.15538150072097778,-0.09905927628278732,-0.141852006316185,-0.0007974479231052101,0.0009212027653120458,-0.0007887036772444844
2026-03-25 21:37:26.996,0.1468622237443924,-0.11389417201280594,-0.14363716542720795,-0.0008285883814096451,0.0007859683246351779,-0.000808843644335866
2026-03-25 21:37:26.998,0.14937101304531097,-0.11111446470022202,-0.1376604437828064,-0.0006371130584739149,0.0008357230690307915,-0.0006904234760440886
2026-03-25 21:37:27.000,0.1448388397693634,-0.10799193382263184,-0.13857340812683105,-0.0006053035613149405,0.0008270894177258015,-0.0008442963589914143
2026-03-25 21:37:27.002,0.14531220495700836,-0.104444719851017,-0.15108361840248108,-0.0004909950075671077,0.0008998219855129719,-0.0007647667662240565
2026-03-25 21:37:27.004,0.15592657029628754,-0.10434301197528839,-0.14071708917617798,-0.0007513707387261093,0.0006815047818236053,-0.0008519329712726176
2026-03-25 21:37:27.006,0.15658938884735107,-0.10436329245567322,-0.14286068081855774,-0.0007672483916394413,0.0010242672869935632,-0.0007147157448343933
2026-03-25 21:37:27.008,0.16363811492919922,-0.09525167942047119,-0.13610877096652985,-0.0007876329473219812,0.0008947456371970475,-0.0007879981421865523
2026-03-25 21:37:27.010,0.16055239737033844,-0.09643761813640594,-0.1262068748474121,-0.0008034731727093458,0.0009536782163195312,-0.0006611967110075057
2026-03-25 21:37:27.012,0.16430650651454926,-0.09403438121080399,-0.1272570639848709,-0.0007807422080077231,0.0008923493442125618,-0.0008208442013710737
2026-03-25 21:37:27.014,0.15988858044147491,-0.09421952813863754,-0.13116855919361115,-0.0007948007551021874,0.0008873639162629843,-0.0009143217466771603
2026-03-25 21:37:27.016,0.15353351831436157,-0.09831969439983368,-0.13580863177776337,-0.0009356075315736234,0.0008424809784628451,-0.000939454766921699
2026-03-25 21:37:27.018,0.15134213864803314,-0.1041891947388649,-0.13932639360427856,-0.0008161692530848086,0.0007492690347135067,-0.0007748947246000171
2026-03-25 21:37:27.021,0.1490265130996704,-0.10405611991882324,-0.14365611970424652,-0.0009494242840446532,0.0007984834956005216,-0.0007805632776580751
2026-03-25 21:37:27.022,0.1438741385936737,-0.10263295471668243,-0.14169073104858398,-0.00079853500938043,0.000575847749132663,-0.0010346882045269012
2026-03-25 21:37:27.024,0.14280752837657928,-0.09690044820308685,-0.14205174148082733,-0.0006800350383855402,0.0007327052298933268,-0.0007140038651414216
2026-03-25 21:37:27.026,0.14762762188911438,-0.09366810321807861,-0.14088574051856995,-0.0007349951774813235,0.0008183740428648889,-0.0008298828033730388
2026-03-25 21:37:27.028,0.1498717963695526,-0.09764475375413895,-0.14120285212993622,-0.0007687367033213377,0.0009027080959640443,-0.0008542284485884011
2026-03-25 21:37:27.030,0.15284155309200287,-0.09627082943916321,-0.13071681559085846,-0.0008312052232213318,0.001066179946064949,-0.0008294044528156519
2026-03-25 21:37:27.032,0.15977098047733307,-0.09452328085899353,-0.13985253870487213,-0.000975089380517602,0.0008987887413240969,-0.0009141096379607916
2026-03-25 21:37:27.034,0.15863990783691406,-0.09666043519973755,-0.13787220418453217,-0.0009708389407023787,0.0009231483563780785,-0.0006349713075906038
2026-03-25 21:37:27.036,0.15213361382484436,-0.09786930680274963,-0.14362889528274536,-0.0008954674121923745,0.0009525385103188455,-0.0009334249189123511
2026-03-25 21:37:27.038,0.15263791382312775,-0.09621942788362503,-0.1354297697544098,-0.0007831666152924299,0.0008922374690882862,-0.0008996318210847676
2026-03-25 21:37:27.040,0.15234693884849548,-0.0979040116071701,-0.140243798494339,-0.0007302202866412699,0.0007592526380904019,-0.0009684967226348817
2026-03-25 21:37:27.042,0.14619269967079163,-0.10127117484807968,-0.14546042680740356,-0.0008185021579265594,0.0006550700054503977,-0.0008736919262446463
2026-03-25 21:37:27.044,0.15138311684131622,-0.10341046005487442,-0.15225881338119507,-0.000824283342808485,0.0007252381183207035,-0.0006891241064295173
2026-03-25 21:37:27.046,0.15370993316173553,-0.1062009260058403,-0.14333266019821167,-0.0009522567852400243,0.0006749714375473559,-0.0008023869595490396
2026-03-25 21:37:27.048,0.15919339656829834,-0.10722514986991882,-0.13905906677246094,-0.0009358265670016408,0.000578931940253824,-0.0007628181483596563
2026-03-25 21:37:27.050,0.15018977224826813,-0.10136126726865768,-0.13078591227531433,-0.0008621943416073918,0.000592499622143805,-0.0008427915745414793
2026-03-25 21:37:27.052,0.15027031302452087,-0.09880680590867996,-0.14086274802684784,-0.0007736147963441908,0.0006896912818774581,-0.0006507880752906203
2026-03-25 21:37:27.055,0.15575140714645386,-0.09764256328344345,-0.1477358639240265,-0.001037387060932815,0.0007647820166312158,-0.0007520142244175076
2026-03-25 21:37:27.056,0.15302827954292297,-0.09812525659799576,-0.13382382690906525,-0.0009926590137183666,0.0008615830447524786,-0.0006073673139326274
2026-03-25 21:37:27.058,0.15656645596027374,-0.09875249117612839,-0.13600066304206848,-0.000984381651505828,0.001034181797876954,-0.000738148286473006
2026-03-25 21:37:27.060,0.16379386186599731,-0.10265818238258362,-0.13544057309627533,-0.000875520461704582,0.000982974423095584,-0.0008130674250423908
2026-03-25 21:37:27.063,0.15409666299819946,-0.10467400401830673,-0.1326599419116974,-0.0011162871960550547,0.0008846995769999921,-0.0008064095745794475
2026-03-25 21:37:27.065,0.15435585379600525,-0.09624072909355164,-0.13709555566310883,-0.0007894540904089808,0.0007155649946071208,-0.0006559751345776021
2026-03-25 21:37:27.067,0.15313300490379333,-0.10229554772377014,-0.1406075805425644,-0.0007461273344233632,0.0007943958626128733,-0.0007656062953174114
2026-03-25 21:37:27.069,0.15449124574661255,-0.10541646927595139,-0.14158760011196136,-0.0008681925828568637,0.0008159386925399303,-0.0006867001065984368
2026-03-25 21:37:27.071,0.15473508834838867,-0.1079397201538086,-0.14054159820079803,-0.0007819984457455575,0.0006142783095128834,-0.000677148113027215
2026-03-25 21:37:27.073,0.1460505872964859,-0.10840662568807602,-0.1462954729795456,-0.0009215166792273521,0.0008368537528440356,-0.000767077726777643
2026-03-25 21:37:27.075,0.15096013247966766,-0.11059501767158508,-0.1400258094072342,-0.0008938352693803608,0.0008693746058270335,-0.000749813043512404
2026-03-25 21:37:27.077,0.15548428893089294,-0.11010158807039261,-0.13060513138771057,-0.0007570239249616861,0.0008539617410860956,-0.0007079481147229671
2026-03-25 21:37:27.079,0.1646079421043396,-0.10551918298006058,-0.14388616383075714,-0.000645918189547956,0.0010075989412143826,-0.0008296907762996852
2026-03-25 21:37:27.081,0.15239666402339935,-0.10393255203962326,-0.13187840580940247,-0.0006477468414232135,0.0008622548193670809,-0.0006525064818561077
2026-03-25 21:37:27.083,0.1546390801668167,-0.10873709619045258,-0.1357658952474594,-0.0008193127578124404,0.0008589947246946394,-0.000642491620965302
2026-03-25 21:37:27.085,0.1603298783302307,-0.10523951053619385,-0.1371084302663803,-0.0008159680292010307,0.0009162267087958753,-0.0006154662114568055
2026-03-25 21:37:27.087,0.15884284675121307,-0.10883978754281998,-0.1258338987827301,-0.0008298190659843385,0.0007357106660492718,-0.0005600962904281914
2026-03-25 21:37:27.089,0.16332459449768066,-0.1107916533946991,-0.12672358751296997,-0.0006391865317709744,0.0008729863329790533,-0.0007917858310975134
2026-03-25 21:37:27.091,0.1593969613313675,-0.11371012032032013,-0.13446226716041565,-0.000630024413112551,0.0009132036939263344,-0.0009356282535009086
2026-03-25 21:37:27.093,0.1634632796049118,-0.1102888360619545,-0.13836511969566345,-0.0007965787081047893,0.0007866797386668622,-0.0006414306117221713
2026-03-25 21:37:27.095,0.1554524451494217,-0.10861972719430923,-0.13250578939914703,-0.0005718189058825374,0.0009667887934483588,-0.000731271633412689
2026-03-25 21:37:27.097,0.15218064188957214,-0.1131904274225235,-0.1435551643371582,-0.0008162677404470742,0.0009945748606696725,-0.0005879628588445485
2026-03-25 21:37:27.099,0.15744946897029877,-0.11894597858190536,-0.14470939338207245,-0.0006774186040274799,0.0008372183656319976,-0.0005709578399546444
2026-03-25 21:37:27.101,0.15286119282245636,-0.11444215476512909,-0.1376112848520279,-0.0005780636565759778,0.0008229032973758876,-0.0007592985639348626
2026-03-25 21:37:27.103,0.14840088784694672,-0.11333836615085602,-0.13177937269210815,-0.0007134941406548023,0.001086534815840423,-0.0006498654838651419
2026-03-25 21:37:27.104,0.1451885998249054,-0.11532727628946304,-0.12412772327661514,-0.0008410648442804813,0.0008790818974375725,-0.0006443469901569188
2026-03-25 21:37:27.106,0.16198576986789703,-0.11735451221466064,-0.13537058234214783,-0.0007548736757598817,0.0011223729234188795,-0.0007573123439215124
2026-03-25 21:37:27.108,0.1614268571138382,-0.11002939194440842,-0.12518757581710815,-0.0008586618350818753,0.000912488263566047,-0.0006474916008301079
2026-03-25 21:37:27.110,0.17110979557037354,-0.11602223664522171,-0.12897002696990967,-0.000840434746351093,0.0011094874935224652,-0.0006668653804808855
2026-03-25 21:37:27.112,0.16291731595993042,-0.11580575257539749,-0.1250842809677124,-0.0009328870801255107,0.0010324103059247136,-0.00044584591523744166
2026-03-25 21:37:27.114,0.1583900898694992,-0.11285052448511124,-0.12117953598499298,-0.0008974790689535439,0.0010624633869156241,-0.0005723278154619038
2026-03-25 21:37:27.116,0.16687481105327606,-0.10725807398557663,-0.12790648639202118,-0.0007617420051246881,0.0010820013703778386,-0.0006648139678873122
2026-03-25 21:37:27.118,0.15699394047260284,-0.10663726925849915,-0.1340634673833847,-0.0007297844276763499,0.000886735797394067,-0.0006138032185845077
2026-03-25 21:37:27.120,0.15622641146183014,-0.11130917817354202,-0.13785287737846375,-0.0006479815929196775,0.0009413929074071348,-0.0007515394827350974
2026-03-25 21:37:27.122,0.14826560020446777,-0.11517321318387985,-0.14357173442840576,-0.0006746841827407479,0.0007729986682534218,-0.0006833670777268708
2026-03-25 21:37:27.124,0.14677801728248596,-0.11126513034105301,-0.14191454648971558,-0.0004779307055287063,0.0007647754973731935,-0.0007496104226447642
2026-03-25 21:37:27.126,0.15294665098190308,-0.11362172663211823,-0.13838645815849304,-0.0005759181804023683,0.0005994777893647552,-0.0007389912498183548
2026-03-25 21:37:27.128,0.15371045470237732,-0.10955436527729034,-0.13284096121788025,-0.0005521491402760148,0.0009278924553655088,-0.0007526719127781689
2026-03-25 21:37:27.130,0.1661282181739807,-0.10716832429170609,-0.13119222223758698,-0.0006877443520352244,0.0008632353274151683,-0.0008620134904049337
2026-03-25 21:37:27.132,0.1577485203742981,-0.10474365204572678,-0.13774731755256653,-0.0007411882979795337,0.0009093486587516963,-0.0006451761582866311
2026-03-25 21:37:27.134,0.1612590253353119,-0.10283906757831573,-0.13578681647777557,-0.0007032552966848016,0.0009535851422697306,-0.0006823560106568038
2026-03-25 21:37:27.136,0.15531717240810394,-0.10449673980474472,-0.12852516770362854,-0.0009791493648663163,0.0009191491408273578,-0.000717822287697345
2026-03-25 21:37:27.138,0.15777623653411865,-0.10127894580364227,-0.13725018501281738,-0.0007630157633684576,0.000882511492818594,-0.0009132209816016257
2026-03-25 21:37:27.140,0.15853533148765564,-0.10374447703361511,-0.12262170761823654,-0.0005934779765084386,0.0007574419141747057,-0.0008099038386717439
2026-03-25 21:37:27.142,0.15623320639133453,-0.10615915060043335,-0.12245814502239227,-0.0007385879289358854,0.0010123347165063024,-0.0006403396255336702
2026-03-25 21:37:27.144,0.1551026552915573,-0.10019560903310776,-0.135550394654274,-0.0008235065615735948,0.0008174338727258146,-0.0007733567617833614
2026-03-25 21:37:27.146,0.15135589241981506,-0.09621629863977432,-0.13375797867774963,-0.0008908651652745903,0.0007845985237509012,-0.0006813100189901888
2026-03-25 21:37:27.148,0.15532858669757843,-0.10290487110614777,-0.14596126973628998,-0.0008745990344323218,0.0009323754347860813,-0.0008375773904845119
2026-03-25 21:37:27.150,0.1512175053358078,-0.10428150743246078,-0.15036973357200623,-0.0008687052177265286,0.0008364868117496371,-0.0007486999966204166
2026-03-25 21:37:27.152,0.14566676318645477,-0.10534244030714035,-0.1498955339193344,-0.0007101331721059978,0.0006719609955325723,-0.000982925994321704
2026-03-25 21:37:27.155,0.14432427287101746,-0.10311546176671982,-0.14488807320594788,-0.0008412773604504764,0.0007646416197530925,-0.0009759010863490403
2026-03-25 21:37:27.157,0.15277718007564545,-0.10530947893857956,-0.14260223507881165,-0.0007749931537546217,0.0008056678343564272,-0.0008781836368143559
2026-03-25 21:37:27.159,0.15392522513866425,-0.09767698496580124,-0.13934984803199768,-0.0006534809363074601,0.0008813332533463836,-0.0010678917169570923
2026-03-25 21:37:27.161,0.15669411420822144,-0.10188823193311691,-0.12780699133872986,-0.000848740222863853,0.0008509411127306521,-0.0010582654504105449
2026-03-25 21:37:27.163,0.16292154788970947,-0.09536728262901306,-0.1358346790075302,-0.0008284001378342509,0.0009740973473526537,-0.0010248294565826654
2026-03-25 21:37:27.165,0.15686887502670288,-0.08499550819396973,-0.13119594752788544,-0.0010083253728225827,0.0009115023422054946,-0.0008180669974535704
2026-03-25 21:37:27.167,0.15427377820014954,-0.08754640072584152,-0.13488532602787018,-0.0009384801960550249,0.0008552729850634933,-0.0008548401528969407
2026-03-25 21:37:27.169,0.15229986608028412,-0.09236051887273788,-0.13820326328277588,-0.0009577684104442596,0.0008857696084305644,-0.0007705884054303169
2026-03-25 21:37:27.171,0.1535768210887909,-0.092880479991436,-0.14819800853729248,-0.0007426601951010525,0.000810400175396353,-0.000798259861767292
2026-03-25 21:37:27.173,0.15275713801383972,-0.09495723247528076,-0.14476244151592255,-0.0006446693441830575,0.0005493283970281482,-0.0007096069748513401
2026-03-25 21:37:27.175,0.15169425308704376,-0.10340529680252075,-0.1476580947637558,-0.0009395928354933858,0.0005895558861084282,-0.0009300628444179893
2026-03-25 21:37:27.177,0.14589674770832062,-0.09785716980695724,-0.142341747879982,-0.0009043953032232821,0.0006997387972660363,-0.0008345319656655192
2026-03-25 21:37:27.179,0.15291810035705566,-0.0979306697845459,-0.1415398120880127,-0.0009143339120782912,0.0008970596827566624,-0.0007676932727918029
2026-03-25 21:37:27.181,0.14874738454818726,-0.10295738279819489,-0.14445051550865173,-0.0009651571162976325,0.0010396272409707308,-0.0008215325651690364
2026-03-25 21:37:27.183,0.15282848477363586,-0.0994662195444107,-0.13396747410297394,-0.0007963270181789994,0.0007537523633800447,-0.0008564512827433646
2026-03-25 21:37:27.185,0.15968570113182068,-0.09753473103046417,-0.1400679349899292,-0.000760893861297518,0.0007201120024546981,-0.0007794274133630097
2026-03-25 21:37:27.187,0.15304434299468994,-0.09820900857448578,-0.13608330488204956,-0.0009292576578445733,0.0006805549492128193,-0.0007017117459326982
2026-03-25 21:37:27.189,0.16119080781936646,-0.0990578681230545,-0.14570926129817963,-0.0008622161112725735,0.0010413118870928884,-0.0007465273374691606
2026-03-25 21:37:27.191,0.15865929424762726,-0.09452659636735916,-0.12171724438667297,-0.0009148537646979094,0.0008255235734395683,-0.0007859027246013284
2026-03-25 21:37:27.193,0.16245317459106445,-0.09656050056219101,-0.12441898882389069,-0.0008102451683953404,0.0008422093815170228,-0.0007504686363972723
2026-03-25 21:37:27.195,0.16881625354290009,-0.10145088285207748,-0.1288360208272934,-0.000824374845251441,0.0008190058288164437,-0.0008440002566203475
2026-03-25 21:37:27.197,0.14967264235019684,-0.09477219730615616,-0.13073992729187012,-0.0009090702515095472,0.0008352327276952565,-0.0008102946449071169
2026-03-25 21:37:27.199,0.1510012298822403,-0.10200832784175873,-0.14300109446048737,-0.0009173736325465143,0.0010134518379345536,-0.0008589200442656875
2026-03-25 21:37:27.201,0.14737389981746674,-0.10370167344808578,-0.1389540433883667,-0.0008997317054308951,0.0006685854750685394,-0.000693605630658567
2026-03-25 21:37:27.203,0.15519988536834717,-0.10933778434991837,-0.14770011603832245,-0.0009224479435943067,0.0008220357703976333,-0.0005953903892077506
2026-03-25 21:37:27.205,0.14539213478565216,-0.11171511560678482,-0.13812540471553802,-0.000730768428184092,0.0007278498378582299,-0.000788769859354943
2026-03-25 21:37:27.207,0.15306392312049866,-0.11170956492424011,-0.1300281286239624,-0.0007074224413372576,0.00099107064306736,-0.0007442937348969281
2026-03-25 21:37:27.209,0.1486205756664276,-0.10708438605070114,-0.12778545916080475,-0.0007515549659729004,0.0007827400113455951,-0.000775654858443886
2026-03-25 21:37:27.211,0.15968841314315796,-0.10156240314245224,-0.13629288971424103,-0.0007155669154599309,0.0008288708049803972,-0.0006287156720645726
2026-03-25 21:37:27.213,0.16124112904071808,-0.09945718944072723,-0.12856128811836243,-0.0010003059869632125,0.0008449858869425952,-0.0004758158465847373
2026-03-25 21:37:27.215,0.16559644043445587,-0.10182776302099228,-0.13312415778636932,-0.0007182871340774,0.0007853878778405488,-0.0007095939363352954
2026-03-25 21:37:27.217,0.16741539537906647,-0.1067560538649559,-0.136555477976799,-0.0008078825194388628,0.001085371826775372,-0.0006751329638063908
2026-03-25 21:37:27.219,0.15727372467517853,-0.10180382430553436,-0.12925036251544952,-0.000768815167248249,0.000747742538806051,-0.0007814864511601627
2026-03-25 21:37:27.221,0.16808830201625824,-0.11171866953372955,-0.13614509999752045,-0.0006043938337825239,0.00114618765655905,-0.0008194693364202976
2026-03-25 21:37:27.223,0.14729195833206177,-0.10481352359056473,-0.13118496537208557,-0.0005346623947843909,0.0007763059693388641,-0.0008724145009182394
2026-03-25 21:37:27.225,0.15606319904327393,-0.10924410074949265,-0.13428211212158203,-0.0007702834554947913,0.0008100940030999482,-0.0006873240345157683
2026-03-25 21:37:27.227,0.14993631839752197,-0.11133621633052826,-0.13218148052692413,-0.0006057152058929205,0.00082641770131886,-0.0006001910660415888
2026-03-25 21:37:27.229,0.14837975800037384,-0.11804656684398651,-0.1393381655216217,-0.0007928196573629975,0.0007413321873173118,-0.0004571138124447316
2026-03-25 21:37:27.231,0.1638762652873993,-0.11531120538711548,-0.1487630009651184,-0.0007113683968782425,0.001061366288922727,-0.0005755985621362925
2026-03-25 21:37:27.233,0.1540786474943161,-0.10842876881361008,-0.11962470412254333,-0.0005927467136643827,0.000605287030339241,-0.0004869874974247068
2026-03-25 21:37:27.235,0.1641184687614441,-0.11270254105329514,-0.13401548564434052,-0.0006977475131861866,0.000887653382960707,-0.0006909931544214487
2026-03-25 21:37:27.237,0.15148614346981049,-0.11444801837205887,-0.11477360874414444,-0.000596376252360642,0.0008529029437340796,-0.000565338646993041
2026-03-25 21:37:27.239,0.1512584537267685,-0.11054570972919464,-0.12056345492601395,-0.0008285468211397529,0.0008861029054969549,-0.0006207796977832913
2026-03-25 21:37:27.241,0.15857680141925812,-0.11105065047740936,-0.12246193736791611,-0.0006889633368700743,0.0010368528310209513,-0.0006979104364290833
2026-03-25 21:37:27.243,0.16648122668266296,-0.10896461457014084,-0.13361318409442902,-0.0006538177840411663,0.0010994835756719112,-0.000574517878703773
2026-03-25 21:37:27.245,0.1590147465467453,-0.1141950786113739,-0.13034501671791077,-0.0008924792637117207,0.001028380705974996,-0.0007927198312245309
2026-03-25 21:37:27.247,0.16179262101650238,-0.11181220412254333,-0.13935528695583344,-0.0008656617137603462,0.0009873417438939214,-0.0007265156600624323
2026-03-25 21:37:27.249,0.15377885103225708,-0.10603896528482437,-0.13401611149311066,-0.0007570200250484049,0.0008100031991489232,-0.0005636356072500348
2026-03-25 21:37:27.251,0.15228183567523956,-0.11224944144487381,-0.14648175239562988,-0.0006175836897455156,0.0009303464321419597,-0.0005531204515136778
2026-03-25 21:37:27.253,0.14929597079753876,-0.11251862347126007,-0.12902018427848816,-0.0005404087714850903,0.0005850789020769298,-0.0006861390429548919
2026-03-25 21:37:27.255,0.1474589705467224,-0.115552619099617,-0.13619987666606903,-0.0006494343397207558,0.0008804446551948786,-0.0008281096233986318
2026-03-25 21:37:27.257,0.13854391872882843,-0.11132117360830307,-0.13103754818439484,-0.0007110775914043188,0.0005549074267037213,-0.0007696265238337219
2026-03-25 21:37:27.259,0.15196850895881653,-0.1158769428730011,-0.1329243779182434,-0.0005952396895736456,0.0010822102194651961,-0.0007211462361738086
2026-03-25 21:37:27.261,0.15872220695018768,-0.10247734934091568,-0.11977384239435196,-0.0005911071202717721,0.001078580622561276,-0.0005268629756756127
2026-03-25 21:37:27.263,0.16128751635551453,-0.10358937084674835,-0.12268821895122528,-0.0005833180039189756,0.0010695788078010082,-0.0007964005344547331
2026-03-25 21:37:27.265,0.16214607656002045,-0.10688664019107819,-0.13367730379104614,-0.0008807542035356164,0.0010786914499476552,-0.0007740085711702704
2026-03-25 21:37:27.267,0.15653552114963531,-0.09777741134166718,-0.12432029843330383,-0.0008200632873922586,0.0008896726067177951,-0.0007890452980063856
2026-03-25 21:37:27.269,0.1637973040342331,-0.10305704176425934,-0.13618773221969604,-0.000863557739648968,0.0009654329624027014,-0.0007989847217686474
2026-03-25 21:37:27.271,0.14393724501132965,-0.09869322180747986,-0.13139766454696655,-0.0007982989773154259,0.0007472152356058359,-0.0008116901153698564
2026-03-25 21:37:27.273,0.16064269840717316,-0.10280963778495789,-0.14136797189712524,-0.0007670966442674398,0.0007374861743301153,-0.0007809762610122561
2026-03-25 21:37:27.275,0.15640181303024292,-0.10752563178539276,-0.1280120611190796,-0.0006596391322091222,0.000692166737280786,-0.0007928907289169729
2026-03-25 21:37:27.277,0.14374469220638275,-0.10550180077552795,-0.12719441950321198,-0.0008412977331317961,0.000940961588639766,-0.0007379528251476586
2026-03-25 21:37:27.279,0.15124572813510895,-0.10980093479156494,-0.14395514130592346,-0.0008274808642454445,0.0008863794500939548,-0.0007299593999050558
2026-03-25 21:37:27.281,0.14574314653873444,-0.1006283089518547,-0.14090004563331604,-0.0007248736801557243,0.0009793414501473308,-0.00060411321464926
2026-03-25 21:37:27.283,0.14949020743370056,-0.10786917805671692,-0.13837651908397675,-0.0008894003112800419,0.0008776840986683965,-0.000659234297927469
2026-03-25 21:37:27.285,0.1500021368265152,-0.10236325860023499,-0.13737787306308746,-0.0007378602749668062,0.0010104129323735833,-0.0008874799241311848
2026-03-25 21:37:27.287,0.1515745222568512,-0.09597377479076385,-0.12987902760505676,-0.0008964678854681551,0.0005545723834075034,-0.0008592805243097246
2026-03-25 21:37:27.289,0.16020295023918152,-0.09830424189567566,-0.13903944194316864,-0.0008554499363526702,0.000948461121879518,-0.0007376525900326669
2026-03-25 21:37:27.291,0.16451981663703918,-0.09619204699993134,-0.126681387424469,-0.0007518862257711589,0.0008688936941325665,-0.0006129334215074778
2026-03-25 21:37:27.293,0.1569049209356308,-0.09968356788158417,-0.12873999774456024,-0.0009046885534189641,0.0008984905434772372,-0.0006989402463659644
2026-03-25 21:37:27.296,0.1505177766084671,-0.09997186809778214,-0.13262499868869781,-0.0008487539598718286,0.0008272028062492609,-0.0006227603880688548
2026-03-25 21:37:27.298,0.1550576090812683,-0.10054964572191238,-0.14655062556266785,-0.0006758765666745603,0.0008637001737952232,-0.0007056054309941828
2026-03-25 21:37:27.300,0.1475997418165207,-0.1057419702410698,-0.1368427723646164,-0.0008382544619962573,0.0006509794620797038,-0.0008496489026583731
2026-03-25 21:37:27.302,0.1461956799030304,-0.10990716516971588,-0.14220669865608215,-0.0007101902738213539,0.0007136882632039487,-0.0008885733550414443
2026-03-25 21:37:27.304,0.14206719398498535,-0.10689631849527359,-0.13138160109519958,-0.0008284408831968904,0.000861391716171056,-0.0007301499135792255
2026-03-25 21:37:27.306,0.15181706845760345,-0.09753210842609406,-0.1379678100347519,-0.0007812633994035423,0.0008462581317871809,-0.0007028333493508399
2026-03-25 21:37:27.308,0.1588296741247177,-0.09764402359724045,-0.12271296977996826,-0.0009163823560811579,0.0010104391258209944,-0.0007429892430081964
2026-03-25 21:37:27.310,0.1533563882112503,-0.09612733870744705,-0.13147011399269104,-0.0009010946960188448,0.0008594153332524002,-0.0006592949503101408
2026-03-25 21:37:27.312,0.16589608788490295,-0.09883630275726318,-0.13156470656394958,-0.0009759608074091375,0.0010154988849535584,-0.0006179058691486716
2026-03-25 21:37:27.314,0.15125715732574463,-0.1016349121928215,-0.12541985511779785,-0.0012275408953428268,0.0008651547832414508,-0.0006420889403671026
2026-03-25 21:37:27.316,0.16310995817184448,-0.100751131772995,-0.13933327794075012,-0.0007538881036452949,0.0011046752333641052,-0.0008369989809580147
2026-03-25 21:37:27.318,0.1536998450756073,-0.10397164523601532,-0.13800382614135742,-0.0007070685969665647,0.0008865468553267419,-0.0008575164247304201
2026-03-25 21:37:27.320,0.1528003215789795,-0.10159208625555038,-0.14106345176696777,-0.0006790214101783931,0.0009289135923609138,-0.0007864481885917485
2026-03-25 21:37:27.322,0.14485090970993042,-0.09940508008003235,-0.1390441656112671,-0.0008179268334060907,0.000862237939145416,-0.0008133779047057033
2026-03-25 21:37:27.324,0.14548653364181519,-0.09453179687261581,-0.14568154513835907,-0.0006247348501347005,0.0005317215691320598,-0.000997947296127677
2026-03-25 21:37:27.326,0.1513916254043579,-0.1056680753827095,-0.14006371796131134,-0.0006312573095783591,0.0008149576024152339,-0.001000677584670484
2026-03-25 21:37:27.328,0.14812655746936798,-0.10385062545537949,-0.13764958083629608,-0.0006643885863013566,0.0006855688989162445,-0.0009298935765400529
2026-03-25 21:37:27.330,0.16542649269104004,-0.10417558252811432,-0.15479116141796112,-0.0007546618580818176,0.0008226279751397669,-0.0007947629201225936
2026-03-25 21:37:27.332,0.15593639016151428,-0.09659985452890396,-0.12708093225955963,-0.0008854463812895119,0.0006640297942794859,-0.0008013349724933505
2026-03-25 21:37:27.334,0.1537897139787674,-0.1029764860868454,-0.13036493957042694,-0.0008237735601142049,0.0008577354601584375,-0.0006888465723022819
2026-03-25 21:37:27.336,0.1561543494462967,-0.1022910475730896,-0.13734805583953857,-0.0007831128314137459,0.0009046400082297623,-0.0008014144259504974
2026-03-25 21:37:27.338,0.15005970001220703,-0.10254500061273575,-0.1317383199930191,-0.0008799424977041781,0.0008946459856815636,-0.0007591620669700205
2026-03-25 21:37:27.340,0.16075564920902252,-0.10485120862722397,-0.13121744990348816,-0.0007320982404053211,0.0007999223889783025,-0.0008332524448633194
2026-03-25 21:37:27.342,0.15572886168956757,-0.10542813688516617,-0.13788124918937683,-0.0007643618737347424,0.0008305918890982866,-0.0008280935580842197
2026-03-25 21:37:27.344,0.163059800863266,-0.10495709627866745,-0.14258714020252228,-0.0006813988438807428,0.0009062702883966267,-0.0009555803844705224
2026-03-25 21:37:27.346,0.15348365902900696,-0.10535626858472824,-0.13521544635295868,-0.0007744668982923031,0.0008652563556097448,-0.0008349110139533877
2026-03-25 21:37:27.348,0.1505032181739807,-0.10593098402023315,-0.14544735848903656,-0.0007157708168961108,0.0008882086840458214,-0.0007509233546443284
2026-03-25 21:37:27.350,0.15235979855060577,-0.10328374058008194,-0.1424238085746765,-0.0006596402381546795,0.0007005422376096249,-0.0008617584244348109
2026-03-25 21:37:27.352,0.15410660207271576,-0.10243602097034454,-0.1382254958152771,-0.0007822924526408315,0.0007951847510412335,-0.0007321035373024642
2026-03-25 21:37:27.354,0.15218020975589752,-0.11129122227430344,-0.12997859716415405,-0.0008293382124975324,0.0007792668184265494,-0.0007612562621943653
2026-03-25 21:37:27.356,0.16109448671340942,-0.11026118695735931,-0.1465352177619934,-0.0006366935558617115,0.0007640773546881974,-0.0008468723972328007
2026-03-25 21:37:27.358,0.1573026478290558,-0.10646844655275345,-0.1363655924797058,-0.0006622829823754728,0.0009162506903521717,-0.0007379609160125256
2026-03-25 21:37:27.360,0.15848234295845032,-0.10641160607337952,-0.13262535631656647,-0.0008593405946157873,0.0008838796056807041,-0.0007195995422080159
2026-03-25 21:37:27.362,0.15116605162620544,-0.1059870570898056,-0.1289091557264328,-0.0007485686801373959,0.000784121104516089,-0.000707282277289778
2026-03-25 21:37:27.364,0.1519094854593277,-0.10388495773077011,-0.12099823355674744,-0.0008821467636153102,0.0010435809381306171,-0.0007403242634609342
2026-03-25 21:37:27.366,0.15835273265838623,-0.10425925999879837,-0.13242508471012115,-0.0008936794474720955,0.0010415561264380813,-0.0006752320332452655
2026-03-25 21:37:27.368,0.15250588953495026,-0.10395225882530212,-0.12897974252700806,-0.0007643966237083077,0.0009899199940264225,-0.0008734320872463286
2026-03-25 21:37:27.370,0.15151596069335938,-0.10384552925825119,-0.14078401029109955,-0.0006396837998181581,0.0009340857504867017,-0.0006457844283431768
2026-03-25 21:37:27.372,0.15615242719650269,-0.10472766309976578,-0.1367918699979782,-0.0007482558721676469,0.0009178315522149205,-0.000824293470941484
2026-03-25 21:37:27.374,0.14993056654930115,-0.10167299211025238,-0.1343713104724884,-0.000854793528560549,0.000741328694857657,-0.0006374544464051723
2026-03-25 21:37:27.376,0.14797404408454895,-0.10554919391870499,-0.13777931034564972,-0.0006630740244872868,0.0009181784698739648,-0.000903353386092931
2026-03-25 21:37:27.378,0.14618521928787231,-0.10697907209396362,-0.13965509831905365,-0.0007172473706305027,0.0007178004598245025,-0.0006978473975323141
2026-03-25 21:37:27.380,0.15274788439273834,-0.10625315457582474,-0.13960449397563934,-0.0005272582056932151,0.0008988603949546814,-0.0008872810867615044
2026-03-25 21:37:27.382,0.14821700751781464,-0.10295611619949341,-0.1340777426958084,-0.0005024697748012841,0.0009327110019512475,-0.0006923666805960238
2026-03-25 21:37:27.384,0.1532219797372818,-0.1052815169095993,-0.14756394922733307,-0.0005443021655082703,0.000954079965595156,-0.0008769822889007628
2026-03-25 21:37:27.386,0.15690509974956512,-0.1026260107755661,-0.13468247652053833,-0.0008134759846143425,0.0009208580595441163,-0.0006170173292048275
2026-03-25 21:37:27.388,0.1534890979528427,-0.10872416943311691,-0.1370973140001297,-0.0007071822183206677,0.0009768321178853512,-0.0007530845468863845
2026-03-25 21:37:27.391,0.16076909005641937,-0.10390365868806839,-0.1311410516500473,-0.0007304080645553768,0.0008908695890568197,-0.0006650735158473253
2026-03-25 21:37:27.393,0.153781458735466,-0.10391700267791748,-0.13609759509563446,-0.0008526992169208825,0.0008337637409567833,-0.0006534738349728286
2026-03-25 21:37:27.395,0.15433010458946228,-0.10273192077875137,-0.12981298565864563,-0.0006972969276830554,0.0009449727367609739,-0.0008360878564417362
2026-03-25 21:37:27.397,0.15055647492408752,-0.10450655221939087,-0.13304558396339417,-0.0009122824412770569,0.0008566007600165904,-0.0007491480791941285
2026-03-25 21:37:27.399,0.15923303365707397,-0.10437267273664474,-0.15334592759609222,-0.0008496963419020176,0.0007345291087403893,-0.000551869161427021
2026-03-25 21:37:27.401,0.1527700424194336,-0.10727538168430328,-0.14498570561408997,-0.0005398023058660328,0.0009347886079922318,-0.0007364539196714759
2026-03-25 21:37:27.403,0.13760025799274445,-0.10996496677398682,-0.14220911264419556,-0.000594270066358149,0.0007547307177446783,-0.0006486541242338717
2026-03-25 21:37:27.405,0.1519177258014679,-0.11168649047613144,-0.1334618479013443,-0.0006811369676142931,0.000684987346176058,-0.0009575698059052229
2026-03-25 21:37:27.406,0.14415143430233002,-0.10674881190061569,-0.1412714123725891,-0.0008254070417024195,0.000729319523088634,-0.000661055906675756
2026-03-25 21:37:27.408,0.15082205832004547,-0.10122933983802795,-0.1401130110025406,-0.0006655931356362998,0.0009549399837851524,-0.000651154201477766
2026-03-25 21:37:27.410,0.15557757019996643,-0.10271365195512772,-0.13253143429756165,-0.0009758156957104802,0.001009055646136403,-0.0006549551617354155
2026-03-25 21:37:27.412,0.16111604869365692,-0.09851968288421631,-0.1310070902109146,-0.0009033340611495078,0.0010251676430925727,-0.0007406015647575259
2026-03-25 21:37:27.414,0.1512201428413391,-0.09869320690631866,-0.13190951943397522,-0.0006392457289621234,0.0009035702678374946,-0.0008700650068931282
2026-03-25 21:37:27.416,0.16071005165576935,-0.10726950317621231,-0.13773706555366516,-0.0009434879175387323,0.0008957043755799532,-0.0006968729430809617
2026-03-25 21:37:27.418,0.1597508192062378,-0.10351134091615677,-0.13179294764995575,-0.0008199689909815788,0.0010393067495897412,-0.0008358950726687908
2026-03-25 21:37:27.420,0.16227683424949646,-0.1006009578704834,-0.11987936496734619,-0.0006488061626441777,0.0008578692213632166,-0.0009904935723170638
2026-03-25 21:37:27.422,0.15077976882457733,-0.10892985016107559,-0.14091864228248596,-0.0007598866359330714,0.0008026143186725676,-0.000898537808097899
2026-03-25 21:37:27.424,0.1472621113061905,-0.11209425330162048,-0.13927355408668518,-0.0008460464887320995,0.0008141305879689753,-0.000751654792111367
2026-03-25 21:37:27.426,0.1450393795967102,-0.11985475569963455,-0.1350451111793518,-0.0006635001627728343,0.000880378414876759,-0.0008530192426405847
2026-03-25 21:37:27.428,0.14510072767734528,-0.11192550510168076,-0.13657495379447937,-0.0008161686128005385,0.0008141892612911761,-0.0008171006920747459
2026-03-25 21:37:27.430,0.15746285021305084,-0.10495921969413757,-0.15030315518379211,-0.0005787272239103913,0.000846660346724093,-0.0006609247648157179
2026-03-25 21:37:27.432,0.1587672084569931,-0.1058184802532196,-0.13516545295715332,-0.0006295664352364838,0.0008348674164153636,-0.00065291189821437
2026-03-25 21:37:27.434,0.1538672000169754,-0.10682737827301025,-0.144561305642128,-0.0008612301899120212,0.0008525065495632589,-0.0006353909848257899
2026-03-25 21:37:27.436,0.15105755627155304,-0.10976998507976532,-0.1335112452507019,-0.0006811170023865998,0.0009586907690390944,-0.0008295461884699762
2026-03-25 21:37:27.438,0.1450490951538086,-0.10829861462116241,-0.12062905728816986,-0.0007102058152668178,0.000966747640632093,-0.0008615690749138594
2026-03-25 21:37:27.440,0.15080589056015015,-0.10540154576301575,-0.12627622485160828,-0.0006706506828777492,0.0009660434443503618,-0.0007219559047371149
2026-03-25 21:37:27.442,0.1496724784374237,-0.10441343486309052,-0.1293783187866211,-0.000665398663841188,0.0008642784086987376,-0.000762436306104064
2026-03-25 21:37:27.444,0.17139683663845062,-0.11003006249666214,-0.1476275771856308,-0.000889575807377696,0.0010075063910335302,-0.0008467956795357168
2026-03-25 21:37:27.446,0.15909118950366974,-0.10406467318534851,-0.1316884160041809,-0.0008548856130801141,0.0010251018684357405,-0.0006176219321787357
2026-03-25 21:37:27.448,0.17160847783088684,-0.10595844686031342,-0.14350107312202454,-0.0005697867600247264,0.00108179054223001,-0.0007285220199264586
2026-03-25 21:37:27.450,0.1395145207643509,-0.10919447243213654,-0.14210651814937592,-0.0007029636763036251,0.0007397900335490704,-0.0008093682699836791
2026-03-25 21:37:27.452,0.1446382999420166,-0.10863921046257019,-0.1488395780324936,-0.0007768108043819666,0.0007776676793582737,-0.0007163960253819823
2026-03-25 21:37:27.454,0.1407664269208908,-0.11214455217123032,-0.14541423320770264,-0.0006848098710179329,0.0005703744827769697,-0.000844266964122653
2026-03-25 21:37:27.456,0.14626643061637878,-0.12058372050523758,-0.134858638048172,-0.0007434465805999935,0.0009286408894695342,-0.0009376346133649349
2026-03-25 21:37:27.458,0.1466178596019745,-0.11330041289329529,-0.12844093143939972,-0.0007294348324649036,0.0007386944489553571,-0.0008819572976790369
2026-03-25 21:37:27.460,0.16292157769203186,-0.10527312755584717,-0.13214237987995148,-0.0007424886571243405,0.0011082114651799202,-0.0009245636174455285
2026-03-25 21:37:27.462,0.16203342378139496,-0.09784567356109619,-0.13537508249282837,-0.000969407323282212,0.000988562824204564,-0.000709385029040277
2026-03-25 21:37:27.464,0.16574302315711975,-0.09654033184051514,-0.12437655031681061,-0.0009390047052875161,0.0010650819167494774,-0.000854379846714437
2026-03-25 21:37:27.466,0.16595017910003662,-0.09229644387960434,-0.1353578269481659,-0.0008527619647793472,0.0008972656214609742,-0.0007972336024977267
2026-03-25 21:37:27.468,0.15280655026435852,-0.09617230296134949,-0.12921647727489471,-0.0009053433313965797,0.0009326687431894243,-0.0007266507018357515
2026-03-25 21:37:27.470,0.15759073197841644,-0.10420536994934082,-0.14055049419403076,-0.0006816753884777427,0.000891355040948838,-0.0007470379350706935
2026-03-25 21:37:27.472,0.1450386643409729,-0.1103680208325386,-0.14544427394866943,-0.0006194047164171934,0.0005892532644793391,-0.0010626503499224782
2026-03-25 21:37:27.474,0.15186206996440887,-0.11136584728956223,-0.14289137721061707,-0.0005675138672813773,0.0008690025424584746,-0.0008512816275469959
2026-03-25 21:37:27.476,0.13985805213451385,-0.1087660938501358,-0.13628607988357544,-0.00071902439231053,0.0006876526749692857,-0.0007908997940830886
2026-03-25 21:37:27.478,0.15683189034461975,-0.10330858826637268,-0.14993400871753693,-0.0006354996585287154,0.0009632885339669883,-0.0008767933468334377
2026-03-25 21:37:27.480,0.14506813883781433,-0.10345570743083954,-0.1315603256225586,-0.0009264516411349177,0.0006411654758267105,-0.0008337520994246006
2026-03-25 21:37:27.482,0.1539309173822403,-0.10187698900699615,-0.15331116318702698,-0.0007271094364114106,0.0008755262824706733,-0.0007260356214828789
2026-03-25 21:37:27.484,0.14702782034873962,-0.09949488937854767,-0.12680590152740479,-0.0006789308972656727,0.0008874517516233027,-0.0007243502768687904
2026-03-25 21:37:27.486,0.15812110900878906,-0.10129176080226898,-0.12789954245090485,-0.0008848066790960729,0.0009624724625609815,-0.0007012501591816545
2026-03-25 21:37:27.488,0.1618860363960266,-0.10305704176425934,-0.13974422216415405,-0.0007194706704467535,0.0009861664148047566,-0.0009965678909793496
2026-03-25 21:37:27.490,0.15719252824783325,-0.09633903205394745,-0.13483449816703796,-0.000855619611684233,0.0006531911785714328,-0.0007461788482032716
2026-03-25 21:37:27.492,0.15598896145820618,-0.09461655467748642,-0.14331969618797302,-0.0007588794687762856,0.0011300869518890977,-0.0007543097017332911
2026-03-25 21:37:27.494,0.1570826768875122,-0.09683758020401001,-0.14348624646663666,-0.0006351878400892019,0.0009587539825588465,-0.0007491381838917732
2026-03-25 21:37:27.496,0.1441982537508011,-0.10180987417697906,-0.13461552560329437,-0.0006631810683757067,0.0008771024295128882,-0.0006907042698003352
2026-03-25 21:37:27.498,0.14035527408123016,-0.10249431431293488,-0.1376386284828186,-0.0005892799235880375,0.0009515983983874321,-0.000953849230427295
2026-03-25 21:37:27.501,0.14763417840003967,-0.10043790936470032,-0.14507420361042023,-0.0007766974740661681,0.0008718965691514313,-0.0007712281658314168
2026-03-25 21:37:27.503,0.14354310929775238,-0.1016102060675621,-0.14429156482219696,-0.0008564299205318093,0.0007054506568238139,-0.0007446891977451742
2026-03-25 21:37:27.505,0.15225821733474731,-0.09963768720626831,-0.14906977117061615,-0.0007096102926880121,0.0007393809501081705,-0.001008697901852429
2026-03-25 21:37:27.507,0.15386806428432465,-0.09979436546564102,-0.13561421632766724,-0.0007924186065793037,0.0005597657291218638,-0.0007921347860246897
2026-03-25 21:37:27.509,0.15441282093524933,-0.1039271429181099,-0.13423146307468414,-0.0006941844476386905,0.000982112716883421,-0.0008646554779261351
2026-03-25 21:37:27.511,0.15383829176425934,-0.09983298927545547,-0.13170501589775085,-0.0008852302562445402,0.000918291334528476,-0.0008635845151729882
2026-03-25 21:37:27.513,0.1651664674282074,-0.09208797663450241,-0.13501088321208954,-0.0008285599760711193,0.0008937714737839997,-0.0006524007185362279
2026-03-25 21:37:27.515,0.1595958173274994,-0.09331277012825012,-0.13951897621154785,-0.0008639723528176546,0.00093706080224365,-0.0007459307089447975
2026-03-25 21:37:27.517,0.15024763345718384,-0.0906432718038559,-0.1351402997970581,-0.000844653754029423,0.0008535842061974108,-0.0008205868653021753
2026-03-25 21:37:27.519,0.1556817591190338,-0.09888555854558945,-0.135385200381279,-0.0007528791320510209,0.0008653216063976288,-0.0008599862921983004
2026-03-25 21:37:27.521,0.1448601931333542,-0.10337462276220322,-0.13099291920661926,-0.0005824865656904876,0.0006700856029056013,-0.0007254010415636003
2026-03-25 21:37:27.523,0.14767111837863922,-0.10773718357086182,-0.1383706033229828,-0.000681077130138874,0.0008252083207480609,-0.0009324681595899165
2026-03-25 21:37:27.525,0.15525099635124207,-0.10326095670461655,-0.1396838128566742,-0.0006677967612631619,0.0008129854104481637,-0.0009321477264165878
2026-03-25 21:37:27.527,0.15386028587818146,-0.10235966742038727,-0.13971714675426483,-0.0009926983620971441,0.000926341162994504,-0.0008347558905370533
2026-03-25 21:37:27.529,0.15442509949207306,-0.09652900695800781,-0.1405753791332245,-0.001030512386932969,0.0009474035468883812,-0.0007656532688997686
2026-03-25 21:37:27.531,0.14890654385089874,-0.09596701711416245,-0.13605652749538422,-0.0009950431995093822,0.0008175171096809208,-0.0006852401420474052
2026-03-25 21:37:27.533,0.16057777404785156,-0.10694624483585358,-0.14317986369132996,-0.00080633390462026,0.0009246119880117476,-0.0008421497186645865
2026-03-25 21:37:27.535,0.1446470022201538,-0.10419195890426636,-0.13611158728599548,-0.0007894911104813218,0.0008709995890967548,-0.0007260121637955308
2026-03-25 21:37:27.537,0.1503283828496933,-0.10344354808330536,-0.14031682908535004,-0.0007784065091982484,0.000960246252361685,-0.0007049564737826586
2026-03-25 21:37:27.539,0.15252657234668732,-0.10879676043987274,-0.14612416923046112,-0.0008248848607763648,0.0008795499452389777,-0.0009827744215726852
2026-03-25 21:37:27.541,0.15107876062393188,-0.10774902254343033,-0.13696013391017914,-0.0009538405574858189,0.0008651306270621717,-0.0008920304826460779
2026-03-25 21:37:27.543,0.156631201505661,-0.10337177664041519,-0.14300087094306946,-0.0008126914035528898,0.00090553960762918,-0.000686215003952384
2026-03-25 21:37:27.545,0.1528773009777069,-0.1051337942481041,-0.13316957652568817,-0.0005733114085160196,0.0009833808289840817,-0.0008959077531471848
2026-03-25 21:37:27.547,0.1583959013223648,-0.10332994163036346,-0.13758796453475952,-0.0007180013926699758,0.000940176600124687,-0.0008365545072592795
2026-03-25 21:37:27.549,0.15283940732479095,-0.10357444733381271,-0.125123530626297,-0.0007097644847817719,0.0009002667502500117,-0.0006295136408880353
2026-03-25 21:37:27.551,0.15970323979854584,-0.10922084748744965,-0.13432230055332184,-0.0008530557970516384,0.000884002773091197,-0.0007453557918779552
2026-03-25 21:37:27.553,0.15559110045433044,-0.10284634679555893,-0.13514497876167297,-0.0008115197415463626,0.0009057733113877475,-0.0007891326094977558
2026-03-25 21:37:27.555,0.151574045419693,-0.10893980413675308,-0.13740098476409912,-0.0009330103639513254,0.0009089215309359133,-0.0007689626654610038
2026-03-25 21:37:27.557,0.15312542021274567,-0.11053364723920822,-0.13873137533664703,-0.0005785056273452938,0.0008544283919036388,-0.0009161504567600787
2026-03-25 21:37:27.559,0.14658643305301666,-0.1052955910563469,-0.1372913420200348,-0.0005219759768806398,0.0009034075192175806,-0.0007620117976330221
2026-03-25 21:37:27.561,0.14897535741329193,-0.11218574643135071,-0.1331467181444168,-0.000835789309348911,0.0007468757103197277,-0.0006429991917684674
2026-03-25 21:37:27.563,0.15242700278759003,-0.1071753203868866,-0.14239272475242615,-0.0008019288652576506,0.000800229434389621,-0.0007970134611241519
2026-03-25 21:37:27.565,0.1522381603717804,-0.10802723467350006,-0.1351257711648941,-0.0008246709476225078,0.0009075113921426237,-0.0005567098269239068
2026-03-25 21:37:27.567,0.1501012146472931,-0.10722949355840683,-0.127280592918396,-0.0007368744118139148,0.0008925790898501873,-0.0007384439813904464
2026-03-25 21:37:27.569,0.1713031828403473,-0.11289399862289429,-0.1309792548418045,-0.000584291061386466,0.0011704562930390239,-0.0008220994495786726
2026-03-25 21:37:27.571,0.1604529470205307,-0.10873974114656448,-0.1264626681804657,-0.0006888581556268036,0.0009472746751271188,-0.0007720853318460286
2026-03-25 21:37:27.573,0.15826697647571564,-0.1057266965508461,-0.12939955294132233,-0.0008640884188935161,0.0009217413025908172,-0.0007016583112999797
2026-03-25 21:37:27.575,0.15090668201446533,-0.10681090503931046,-0.14026060700416565,-0.0007349465740844607,0.0010216858936473727,-0.0007884447113610804
2026-03-25 21:37:27.577,0.14404451847076416,-0.10172539949417114,-0.13880306482315063,-0.000816279964055866,0.0009826302994042635,-0.0005776265170425177
2026-03-25 21:37:27.579,0.15152016282081604,-0.10986505448818207,-0.14103668928146362,-0.0007205605506896973,0.0009441974107176065,-0.0007042707875370979
2026-03-25 21:37:27.581,0.16496603190898895,-0.11449731141328812,-0.13659998774528503,-0.000488877238240093,0.0007840052130632102,-0.0008381791994906962
2026-03-25 21:37:27.583,0.1555090695619583,-0.12198427319526672,-0.14962102472782135,-0.0006328829331323504,0.0008085149456746876,-0.0008342293440364301
2026-03-25 21:37:27.585,0.14831304550170898,-0.1178017184138298,-0.13918337225914001,-0.0008245658245868981,0.0007783666951581836,-0.0005635011475533247
2026-03-25 21:37:27.587,0.15264825522899628,-0.10968489944934845,-0.1374756097793579,-0.0008086753659881651,0.0007940676878206432,-0.0006754043279215693
2026-03-25 21:37:27.589,0.1524660587310791,-0.10656263679265976,-0.1344110667705536,-0.000664194580167532,0.0008868606528267264,-0.0008031635661609471
2026-03-25 21:37:27.591,0.1568807065486908,-0.10212303698062897,-0.12629055976867676,-0.0008726589730940759,0.0010953033342957497,-0.0007535383920185268
2026-03-25 21:37:27.593,0.17268410325050354,-0.1095307394862175,-0.12739582359790802,-0.0006013304810039699,0.0013351704692468047,-0.0008193906978704035
2026-03-25 21:37:27.595,0.16122682392597198,-0.10407597571611404,-0.1264849305152893,-0.0008261326001957059,0.0008298857137560844,-0.0008722343482077122
2026-03-25 21:37:27.597,0.15744870901107788,-0.1060301885008812,-0.12779700756072998,-0.0010524099925532937,0.0010328303324058652,-0.0006145054358057678
2026-03-25 21:37:27.599,0.15372347831726074,-0.1041552796959877,-0.13676850497722626,-0.0007789566880092025,0.0007999020745046437,-0.0006012000958435237
2026-03-25 21:37:27.601,0.15043586492538452,-0.10936340689659119,-0.14386099576950073,-0.0007015597657300532,0.0007968755671754479,-0.0008222041069529951
2026-03-25 21:37:27.603,0.14469978213310242,-0.10999666899442673,-0.14485886693000793,-0.0007681056740693748,0.0007981968228705227,-0.0007940998766571283
2026-03-25 21:37:27.605,0.1485673487186432,-0.11078394204378128,-0.13559003174304962,-0.00029897529748268425,0.0007547835703007877,-0.0009869240457192063
2026-03-25 21:37:27.607,0.15008725225925446,-0.11563672125339508,-0.13312667608261108,-0.0005768899573013186,0.0007397911977022886,-0.0009814649820327759
2026-03-25 21:37:27.611,0.1588009148836136,-0.10063742846250534,-0.13083326816558838,-0.0008021363173611462,0.0008541219867765903,-0.0007553916075266898
2026-03-25 21:37:27.613,0.16516026854515076,-0.10121571272611618,-0.13296639919281006,-0.0009355505462735891,0.0009492618264630437,-0.0007117586210370064
2026-03-25 21:37:27.615,0.160858616232872,-0.09763721376657486,-0.12782302498817444,-0.0009685673285275698,0.0011696931906044483,-0.0007641459815204144
2026-03-25 21:37:27.617,0.16421562433242798,-0.10197920352220535,-0.1410117894411087,-0.0006663216045126319,0.001165018999017775,-0.0006891069933772087
2026-03-25 21:37:27.619,0.15640728175640106,-0.10079766809940338,-0.13211967051029205,-0.0008053055498749018,0.0007096995832398534,-0.0007597613730467856
2026-03-25 21:37:27.621,0.148784339427948,-0.09834401309490204,-0.14269761741161346,-0.0006304344278760254,0.0007038556504994631,-0.0009158182656392455
2026-03-25 21:37:27.623,0.14317446947097778,-0.10404673218727112,-0.134078711271286,-0.0006614586454816163,0.0006823656149208546,-0.0008584139286540449
2026-03-25 21:37:27.625,0.15398576855659485,-0.10597578436136246,-0.140652596950531,-0.0007423270144499838,0.0008488039602525532,-0.0008581001311540604
2026-03-25 21:37:27.627,0.1535346806049347,-0.11255459487438202,-0.1361529380083084,-0.0007589109591208398,0.0007416734006255865,-0.000752794265281409
2026-03-25 21:37:27.629,0.15695616602897644,-0.11365815252065659,-0.13886907696723938,-0.0007905992679297924,0.0009236281039193273,-0.0008295135339722037
2026-03-25 21:37:27.631,0.154432475566864,-0.10115216672420502,-0.1269320696592331,-0.0007781264721415937,0.0010190431494265795,-0.0007397455628961325
2026-03-25 21:37:27.633,0.14705580472946167,-0.09801451116800308,-0.1256946623325348,-0.000916411227080971,0.0007337308488786221,-0.000719754898454994
2026-03-25 21:37:27.635,0.15113866329193115,-0.09450744092464447,-0.13244611024856567,-0.0009083213517442346,0.0007932069711387157,-0.0007837927551008761
2026-03-25 21:37:27.637,0.1499849557876587,-0.09351383149623871,-0.14690503478050232,-0.0009306150604970753,0.0009043746977113187,-0.0006886736373417079
2026-03-25 21:37:27.639,0.16364404559135437,-0.10413256287574768,-0.13700522482395172,-0.000797501124907285,0.0008720526820980012,-0.0008162638987414539
2026-03-25 21:37:27.641,0.15397949516773224,-0.10381322354078293,-0.1335543990135193,-0.0007112912717275321,0.0009655891917645931,-0.0008024752023629844
2026-03-25 21:37:27.643,0.15040014684200287,-0.10154634714126587,-0.128927081823349,-0.0006959179881960154,0.0009114871500059962,-0.0009507292998023331
2026-03-25 21:37:27.645,0.14997929334640503,-0.09927968680858612,-0.13229399919509888,-0.0006718346267007291,0.000908413203433156,-0.0007830595714040101
2026-03-25 21:37:27.647,0.15276050567626953,-0.10282929986715317,-0.14547237753868103,-0.0008345323149114847,0.0008029181626625359,-0.000754009117372334
2026-03-25 21:37:27.649,0.15452180802822113,-0.10123030096292496,-0.13165263831615448,-0.0009246323024854064,0.0007649969193153083,-0.0007338190916925669
2026-03-25 21:37:27.651,0.1517055332660675,-0.09917079657316208,-0.14242829382419586,-0.0007685779128223658,0.0008865852723829448,-0.000824702437967062
2026-03-25 21:37:27.653,0.14633844792842865,-0.10344036668539047,-0.12980104982852936,-0.0008093132055364549,0.0010086670517921448,-0.0007863412611186504
2026-03-25 21:37:27.655,0.15234819054603577,-0.10684143751859665,-0.14408354461193085,-0.0007827476365491748,0.000602270127274096,-0.0007989492733031511
2026-03-25 21:37:27.657,0.14541377127170563,-0.10224156826734543,-0.14091123640537262,-0.0007900286000221968,0.000768486235756427,-0.0009128802921622992
2026-03-25 21:37:27.659,0.14992612600326538,-0.09685774147510529,-0.13558846712112427,-0.0007409887621179223,0.0008913745987229049,-0.0006722215912304819
2026-03-25 21:37:27.661,0.15791040658950806,-0.10476887971162796,-0.13070479035377502,-0.0010046004317700863,0.0008573439554311335,-0.000755544169805944
2026-03-25 21:37:27.663,0.15669003129005432,-0.09900746494531631,-0.1313885897397995,-0.0009687395649962127,0.0008048109011724591,-0.0005922666750848293
2026-03-25 21:37:27.665,0.15972134470939636,-0.0990951731801033,-0.13853852450847626,-0.0009995590662583709,0.0009362450800836086,-0.0007653568172827363
2026-03-25 21:37:27.667,0.15676604211330414,-0.09944836050271988,-0.13651937246322632,-0.0008528036996722221,0.0009471813682466745,-0.000650622125249356
2026-03-25 21:37:27.669,0.14964501559734344,-0.10151716321706772,-0.12881866097450256,-0.0008161814766936004,0.0009901339653879404,-0.0006966194487176836
2026-03-25 21:37:27.671,0.1584976613521576,-0.09866181015968323,-0.1402895450592041,-0.0006943249027244747,0.0008989289635792375,-0.00083878543227911
2026-03-25 21:37:27.673,0.14980991184711456,-0.10602795332670212,-0.13412120938301086,-0.000780330621637404,0.001057641115039587,-0.0008139446144923568
2026-03-25 21:37:27.675,0.1485137939453125,-0.11006999015808105,-0.1351134032011032,-0.0008654127013869584,0.0009990206453949213,-0.0007368657388724387
2026-03-25 21:37:27.677,0.14705301821231842,-0.1076510101556778,-0.14102831482887268,-0.0008727264939807355,0.0008456206414848566,-0.0008576771942898631
2026-03-25 21:37:27.678,0.14986445009708405,-0.10793399065732956,-0.139313742518425,-0.0007557440549135208,0.0008304251823574305,-0.00092122214846313
2026-03-25 21:37:27.680,0.14559988677501678,-0.11065758764743805,-0.13552339375019073,-0.000799637520685792,0.0009493015240877867,-0.000887637899722904
2026-03-25 21:37:27.682,0.16163375973701477,-0.10715190321207047,-0.146201029419899,-0.0007669018814340234,0.001019998686388135,-0.0007444620132446289
2026-03-25 21:37:27.684,0.1630678027868271,-0.11089550703763962,-0.1336563676595688,-0.0009141358896158636,0.0009459288557991385,-0.0006671715527772903
2026-03-25 21:37:27.686,0.15364040434360504,-0.1049935445189476,-0.12959839403629303,-0.0007328689098358154,0.0009352851775474846,-0.0008508620085194707
2026-03-25 21:37:27.688,0.15376970171928406,-0.10504495352506638,-0.1289595365524292,-0.0006919393199495971,0.0008577353437431157,-0.0006806027377024293
2026-03-25 21:37:27.690,0.1569196879863739,-0.10451068729162216,-0.13589800894260406,-0.0009824930457398295,0.0008989388588815928,-0.0006734636262990534
2026-03-25 21:37:27.692,0.15223810076713562,-0.10976973921060562,-0.12694507837295532,-0.0009055358241312206,0.0004702771548181772,-0.0007276721298694611
2026-03-25 21:37:27.694,0.16905933618545532,-0.12101813405752182,-0.15666306018829346,-0.0003802466671913862,0.0013453116407617927,-0.0011453322367742658
2026-03-25 21:37:27.696,0.14563614130020142,-0.1101660430431366,-0.13325603306293488,-0.0006680481601506472,0.0008334474987350404,-0.0006756064831279218
2026-03-25 21:37:27.698,0.1693718433380127,-0.11428354680538177,-0.1497131586074829,-0.0008736674208194017,0.0010687154717743397,-0.0005582025623880327
2026-03-25 21:37:27.700,0.15108267962932587,-0.109568290412426,-0.12694677710533142,-0.0005777261103503406,0.0010799545561894774,-0.0007460570777766407
2026-03-25 21:37:27.702,0.15562555193901062,-0.10927606374025345,-0.13049840927124023,-0.0007426655502058566,0.000903050065971911,-0.0007280756253749132
2026-03-25 21:37:27.704,0.164310485124588,-0.10557245463132858,-0.12471953779459,-0.0007927065016701818,0.000792836188338697,-0.0006299384986050427
2026-03-25 21:37:27.706,0.16029401123523712,-0.11284348368644714,-0.13955101370811462,-0.0007464680238626897,0.0009276761556975543,-0.0008279091562144458
2026-03-25 21:37:27.708,0.1534883826971054,-0.1070152223110199,-0.13140198588371277,-0.0007994786137714982,0.0010630703764036298,-0.0006878230487927794
2026-03-25 21:37:27.710,0.1469901204109192,-0.10827533155679703,-0.13284462690353394,-0.000853534322232008,0.000807661737781018,-0.0007889060652814806
2026-03-25 21:37:27.712,0.1638278365135193,-0.10907627642154694,-0.13198857009410858,-0.000482917414046824,0.0009072948596440256,-0.000711277243681252
2026-03-25 21:37:27.714,0.14978864789009094,-0.11164754629135132,-0.12337873876094818,-0.0008196709677577019,0.0007510804571211338,-0.000632576469797641
2026-03-25 21:37:27.716,0.14415235817432404,-0.11008042097091675,-0.12659604847431183,-0.0008683088817633688,0.0008198863943107426,-0.0006773696513846517
2026-03-25 21:37:27.718,0.15109674632549286,-0.11248285323381424,-0.14516818523406982,-0.0007032089633867145,0.0010162529069930315,-0.0007579858065582812
2026-03-25 21:37:27.720,0.1498170793056488,-0.10651183873414993,-0.13568663597106934,-0.0008092279895208776,0.0009551518596708775,-0.0006366612506099045
2026-03-25 21:37:27.722,0.14910677075386047,-0.10937927663326263,-0.14564742147922516,-0.0010615839855745435,0.0008823595708236098,-0.0003495824057608843
2026-03-25 21:37:27.724,0.12293745577335358,-0.12770944833755493,-0.15541841089725494,-0.0006771601038053632,0.00034807631163857877,-9.460142609896138e-05
2026-03-25 21:37:27.726,0.0645822063088417,-0.16831323504447937,-0.1962399184703827,-0.00015071970119606704,-0.0005813765455968678,-0.00010076361650135368
2026-03-25 21:37:27.728,-0.02392011694610119,-0.17814749479293823,-0.23988564312458038,0.00014819337229710072,-0.001596326008439064,4.228231045999564e-05
2026-03-25 21:37:27.731,-0.03853664547204971,-0.16743484139442444,-0.24834118783473969,-0.0002424227714072913,-0.0018384231952950358,0.0005406131385825574
2026-03-25 21:37:27.735,0.005054484121501446,-0.1915559470653534,-0.2362760454416275,2.0469877199502662e-05,-0.0014746643137186766,0.00044944396358914673
2026-03-25 21:37:27.737,-0.05864618718624115,-0.17384225130081177,-0.25512874126434326,7.31547552277334e-05,-0.0020070767495781183,-2.0633769963751547e-05
2026-03-25 21:37:27.741,-0.010229869745671749,-0.15795904397964478,-0.24532338976860046,-0.00017858255887404084,-0.0014078995445743203,-0.0003287550644017756
2026-03-25 21:37:27.743,0.060286883264780045,-0.1355789601802826,-0.1823035180568695,-0.0005709729739464819,-0.0007195230573415756,-0.000596635858528316
2026-03-25 21:37:27.747,0.14327876269817352,-0.09055859595537186,-0.14482061564922333,-0.0008594410610385239,0.0006624446250498295,-0.0011667781509459019
2026-03-25 21:37:27.749,0.13462793827056885,-0.06780827790498734,-0.1575564742088318,-0.0009462535963393748,0.00026458894717507064,-0.001363657764159143
2026-03-25 21:37:27.753,0.18074572086334229,-0.037650980055332184,-0.10684178024530411,-0.0013392491964623332,0.0012520767049863935,-0.001542849699035287
2026-03-25 21:37:27.755,0.2254001945257187,-0.0184223260730505,-0.11245732754468918,-0.0016629090532660484,0.001774973119609058,-0.0013964972458779812
2026-03-25 21:37:27.757,0.1994982361793518,-0.04412282630801201,-0.09345220029354095,-0.0011572238290682435,0.001748634153045714,-0.001673622173257172
2026-03-25 21:37:27.759,0.16541078686714172,-0.05465628579258919,-0.11188441514968872,-0.001043391297571361,0.001049175625666976,-0.0019533506128937006
2026-03-25 21:37:27.763,0.18207643926143646,-0.031534094363451004,-0.12650898098945618,-0.0015819057589396834,0.0013523527886718512,-0.00167546805460006
2026-03-25 21:37:27.767,0.21468758583068848,-0.03740843012928963,-0.10509465634822845,-0.0011891426984220743,0.0015976654831320047,-0.001693081110715866
2026-03-25 21:37:27.771,0.16027231514453888,-0.04331124201416969,-0.1166876032948494,-0.0014009071746841073,0.001107948599383235,-0.0016039218753576279
2026-03-25 21:37:27.773,0.1918172389268875,-0.031103968620300293,-0.10984715074300766,-0.0014915973879396915,0.0016493219882249832,-0.0014191801892593503
2026-03-25 21:37:27.777,0.20859524607658386,-0.04327511787414551,-0.09596508741378784,-0.001559054828248918,0.0014460210222750902,-0.0015444274758920074
2026-03-25 21:37:27.779,0.18984565138816833,-0.05172307416796684,-0.1016479879617691,-0.0014860484516248107,0.0014156479155644774,-0.001358796376734972
2026-03-25 21:37:27.781,0.17327123880386353,-0.046152759343385696,-0.09099004417657852,-0.0013607892906293273,0.0012241736985743046,-0.0014755690935999155
2026-03-25 21:37:27.783,0.16944542527198792,-0.039264243096113205,-0.10527361929416656,-0.0015404779696837068,0.001051926868967712,-0.0013149706646800041
2026-03-25 21:37:27.785,0.1992524266242981,-0.04131116718053818,-0.10701136291027069,-0.0015882523730397224,0.0013503030641004443,-0.0011874401243403554
2026-03-25 21:37:27.787,0.20073385536670685,-0.045100368559360504,-0.10062656551599503,-0.0014663644833490252,0.0015204920200631022,-0.0012046043993905187
2026-03-25 21:37:27.789,0.18191517889499664,-0.04270222410559654,-0.09914746135473251,-0.0014260768657550216,0.0011030916357412934,-0.0011170199140906334
2026-03-25 21:37:27.793,0.15646696090698242,-0.07481616735458374,-0.12847910821437836,-0.001129239215515554,0.0007025765953585505,-0.0008590318611823022
2026-03-25 21:37:27.795,0.1313653439283371,-0.07758000493049622,-0.1353171020746231,-0.001489376649260521,0.00033927225740626454,-0.0006457032286562026
2026-03-25 21:37:27.797,0.13464149832725525,-0.09042355418205261,-0.14088542759418488,-0.001199597492814064,0.0005462254048325121,-0.0006439603748731315
2026-03-25 21:37:27.799,0.13498151302337646,-0.10842235386371613,-0.1326143443584442,-0.0007684737211093307,0.0005680840113200247,-0.000654659525025636
2026-03-25 21:37:27.801,0.11605075001716614,-0.11226988583803177,-0.11965502798557281,-0.0009036457631736994,0.0003541847108863294,-0.0005492990021593869
2026-03-25 21:37:27.803,0.11414322257041931,-0.1113874688744545,-0.12970608472824097,-0.0008280609617941082,0.0003710760793182999,-0.00040468943188898265
2026-03-25 21:37:27.805,0.13632042706012726,-0.11513693630695343,-0.13748598098754883,-0.0007649661274626851,0.0005089051555842161,-0.00021284316608216614
2026-03-25 21:37:27.807,0.130842924118042,-0.11538763344287872,-0.12602995336055756,-0.0008303942158818245,0.00043735187500715256,5.1869497838197276e-05
2026-03-25 21:37:27.809,0.11332563310861588,-0.12963367998600006,-0.11598368734121323,-0.000634003255981952,0.00038410478737205267,-0.0002494711079634726
2026-03-25 21:37:27.811,0.12203507125377655,-0.13789112865924835,-0.12348899245262146,-0.00042816268978640437,0.00024333652982022613,-0.0005751618882641196
2026-03-25 21:37:27.813,0.13984309136867523,-0.12448931485414505,-0.11700502038002014,-0.0008735461160540581,0.0005628392100334167,-0.0002972188522107899
2026-03-25 21:37:27.815,0.15215051174163818,-0.11317109316587448,-0.09355361014604568,-0.000813765567727387,0.0010342398891225457,-0.00025025077047757804
2026-03-25 21:37:27.817,0.18025487661361694,-0.11324881762266159,-0.09467250853776932,-0.0005216228892095387,0.0013234533835202456,-0.0006537219742313027
2026-03-25 21:37:27.819,0.17755210399627686,-0.11719462275505066,-0.09225746989250183,-0.0006148456013761461,0.0014058155938982964,-0.0008186487248167396
2026-03-25 21:37:27.821,0.19969797134399414,-0.10466577857732773,-0.08056893944740295,-0.0007752502569928765,0.0016542187659069896,-0.0006607371033169329
2026-03-25 21:37:27.823,0.1957324594259262,-0.10392575711011887,-0.06693993508815765,-0.0008764665108174086,0.0015109078958630562,-0.0005958379479125142
2026-03-25 21:37:27.825,0.18821077048778534,-0.1117420345544815,-0.07660413533449173,-0.00035615841625258327,0.0013948319246992469,-0.0007772311219014227
2026-03-25 21:37:27.827,0.17417700588703156,-0.1182798221707344,-0.075853630900383,-0.00043805225868709385,0.0011304722866043448,-0.0009357364033348858
2026-03-25 21:37:27.829,0.19048169255256653,-0.10714314877986908,-0.08476146310567856,-0.0007217820384539664,0.0012199108023196459,-0.0007043301011435688
2026-03-25 21:37:27.831,0.1955011785030365,-0.11026392877101898,-0.08151349425315857,-0.0008884017588570714,0.0014769842382520437,-0.0006913254037499428
2026-03-25 21:37:27.833,0.19930259883403778,-0.11055954545736313,-0.0763741061091423,-0.0006177743198350072,0.0015689111314713955,-0.0007283106679096818
2026-03-25 21:37:27.835,0.18103556334972382,-0.10716843605041504,-0.08068934828042984,-0.0005729691474698484,0.0012771112378686666,-0.0006055294652469456
2026-03-25 21:37:27.837,0.17016305029392242,-0.1085742637515068,-0.08073461055755615,-0.0007827994995750487,0.0012614878360182047,-0.0007314907270483673
2026-03-25 21:37:27.839,0.17960552871227264,-0.10911516100168228,-0.07560767978429794,-0.0008798849303275347,0.0013142781099304557,-0.0008456388022750616
2026-03-25 21:37:27.841,0.1852111965417862,-0.11447335034608841,-0.06555229425430298,-0.0008107676403596997,0.0014179492136463523,-0.0006917701684869826
2026-03-25 21:37:27.843,0.19076700508594513,-0.11230137944221497,-0.06833716481924057,-0.0004030322015751153,0.001401947345584631,-0.0007166903815232217
2026-03-25 21:37:27.845,0.184552863240242,-0.10576426982879639,-0.06668039411306381,-0.0005288696265779436,0.0014459540834650397,-0.0008356315665878356
2026-03-25 21:37:27.847,0.18645882606506348,-0.10532805323600769,-0.08886706084012985,-0.0007996722124516964,0.0012287411373108625,-0.000530068704392761
2026-03-25 21:37:27.849,0.1890508532524109,-0.10383273661136627,-0.08774218708276749,-0.0010118475183844566,0.0013458774192258716,-0.0006922530010342598
2026-03-25 21:37:27.851,0.19786719977855682,-0.10810722410678864,-0.08453892171382904,-0.0006375907687470317,0.0014807145344093442,-0.0007779324078001082
2026-03-25 21:37:27.853,0.1917804777622223,-0.10731188207864761,-0.06909190118312836,-0.0007136695785447955,0.0012897247215732932,-0.0008540184935554862
2026-03-25 21:37:27.855,0.18279904127120972,-0.1077415719628334,-0.06195466220378876,-0.0009183117072097957,0.0014092877972871065,-0.0005698322784155607
2026-03-25 21:37:27.857,0.17372868955135345,-0.1114986389875412,-0.0646335780620575,-0.0008274663705378771,0.0013420936884358525,-0.0006328015588223934
2026-03-25 21:37:27.859,0.18644367158412933,-0.11154299229383469,-0.07096228003501892,-0.0007716988911852241,0.0012230986030772328,-0.0006743851699866354
2026-03-25 21:37:27.861,0.19000913202762604,-0.1134519949555397,-0.06378643959760666,-0.0006126834778115153,0.0012546367943286896,-0.0006089729722589254
2026-03-25 21:37:27.863,0.198647141456604,-0.10867338627576828,-0.08343153446912766,-0.0007077198242768645,0.001594926929101348,-0.000578311097342521
2026-03-25 21:37:27.865,0.19683901965618134,-0.1143481656908989,-0.07561346888542175,-0.000686300394590944,0.0015536234714090824,-0.0005187311326153576
2026-03-25 21:37:27.867,0.17136596143245697,-0.10967202484607697,-0.06836145371198654,-0.0006423458689823747,0.0012498704018071294,-0.000655114185065031
2026-03-25 21:37:27.869,0.1733013093471527,-0.11036109924316406,-0.07450990378856659,-0.00047608642489649355,0.0012044243048876524,-0.000659011013340205
2026-03-25 21:37:27.871,0.1935960352420807,-0.11825685203075409,-0.07173628360033035,-0.0007394571439363062,0.0013976388145238161,-0.0005623885663226247
2026-03-25 21:37:27.873,0.19696460664272308,-0.11557327955961227,-0.06776511669158936,-0.0008372719748876989,0.0015161122428253293,-0.0005815078620798886
2026-03-25 21:37:27.875,0.18770501017570496,-0.11492300778627396,-0.055219534784555435,-0.0005848493310622871,0.0014705287758260965,-0.0007146397256292403
2026-03-25 21:37:27.877,0.17780940234661102,-0.11759966611862183,-0.0626077800989151,-0.0005848441505804658,0.0012942556058987975,-0.0006591661367565393
2026-03-25 21:37:27.879,0.1792340874671936,-0.11471594125032425,-0.08062773197889328,-0.0008359535713680089,0.0014179182471707463,-0.000748337828554213
2026-03-25 21:37:27.881,0.17822518944740295,-0.10950405895709991,-0.0705036073923111,-0.0008267757366411388,0.0013941521756350994,-0.0005180459120310843
2026-03-25 21:37:27.883,0.1871371865272522,-0.10788008570671082,-0.06604383140802383,-0.0006943875923752785,0.0015181218041107059,-0.0005532825598493218
2026-03-25 21:37:27.885,0.1897854506969452,-0.11561810225248337,-0.0608028806746006,-0.0006001593428663909,0.0014256455469876528,-0.0008401712984777987
2026-03-25 21:37:27.887,0.168906569480896,-0.11461997032165527,-0.06927528232336044,-0.0005762645159848034,0.0011623481987044215,-0.0007823682390153408
2026-03-25 21:37:27.889,0.17251405119895935,-0.11309176683425903,-0.07127080857753754,-0.0006662309169769287,0.0013438822934404016,-0.0006435657851397991
2026-03-25 21:37:27.891,0.1857587844133377,-0.11653183400630951,-0.06770385801792145,-0.0006810984923504293,0.001429738593287766,-0.0007651399937458336
2026-03-25 21:37:27.893,0.20096254348754883,-0.11996616423130035,-0.06897096335887909,-0.0006722704856656492,0.0016569412546232343,-0.000745458877645433
2026-03-25 21:37:27.895,0.1869310885667801,-0.11967955529689789,-0.06339135766029358,-0.0006184063968248665,0.0013571673771366477,-0.0008250110549852252
2026-03-25 21:37:27.897,0.1753995418548584,-0.12278690189123154,-0.07190904766321182,-0.0004912334261462092,0.001300774747505784,-0.0008588935015723109
2026-03-25 21:37:27.899,0.17623423039913177,-0.12122464925050735,-0.07924587279558182,-0.0003892740933224559,0.0012532890541478992,-0.0007572313188575208
2026-03-25 21:37:27.901,0.18113400042057037,-0.11960811167955399,-0.06607616692781448,-0.0002897307276725769,0.0011047297157347202,-0.0008228219812735915
2026-03-25 21:37:27.903,0.1900552660226822,-0.11736580729484558,-0.07281402498483658,-0.0004570161399897188,0.0014256665017455816,-0.0006876806728541851
2026-03-25 21:37:27.905,0.18613168597221375,-0.11985550075769424,-0.06259866803884506,-0.000189327634871006,0.001455644960515201,-0.0008470488828606904
2026-03-25 21:37:27.907,0.1765996366739273,-0.11881578713655472,-0.06665608286857605,-0.00027791110915131867,0.0011323732323944569,-0.0007953309686854482
2026-03-25 21:37:27.909,0.1700601577758789,-0.11803394556045532,-0.0723608136177063,-0.000528197328094393,0.0013427537633106112,-0.0006242155213840306
2026-03-25 21:37:27.911,0.18128587305545807,-0.12168131023645401,-0.06769642233848572,-0.0005194094264879823,0.0013164242263883352,-0.0005478500970639288
2026-03-25 21:37:27.913,0.1853002905845642,-0.11784388870000839,-0.07591166347265244,-0.0005380561342462897,0.0013975139008834958,-0.0007164532435126603
2026-03-25 21:37:27.915,0.18191994726657867,-0.12051790207624435,-0.06397369503974915,-0.0005626216880045831,0.0012924183392897248,-0.0007430337136611342
2026-03-25 21:37:27.917,0.18118254840373993,-0.12169692665338516,-0.06691847741603851,-0.0003007581108249724,0.0011787096736952662,-0.0007780056330375373
2026-03-25 21:37:27.919,0.1745796799659729,-0.1264401227235794,-0.07591093331575394,-0.0004720450669992715,0.0012686477275565267,-0.0007736541447229683
2026-03-25 21:37:27.921,0.18405622243881226,-0.12576119601726532,-0.0758749470114708,-0.0006440517026931047,0.001282940385863185,-0.000873166078235954
2026-03-25 21:37:27.923,0.19423924386501312,-0.12086916714906693,-0.07166728377342224,-0.0006409993511624634,0.0013001334154978395,-0.0009282084065489471
2026-03-25 21:37:27.925,0.18968163430690765,-0.12228213250637054,-0.057697050273418427,-0.0006525724311359227,0.0013067015679553151,-0.0007890576962381601
2026-03-25 21:37:27.927,0.17729347944259644,-0.11529950797557831,-0.07526260614395142,-0.0003939653397537768,0.0011300474870949984,-0.0010018862085416913
2026-03-25 21:37:27.929,0.17821286618709564,-0.11271579563617706,-0.07468697428703308,-0.0004539971414487809,0.0011274329153820872,-0.000753626402001828
2026-03-25 21:37:27.931,0.19028444588184357,-0.10797751694917679,-0.07681228220462799,-0.0005531482747755945,0.001250145141966641,-0.0006363849970512092
2026-03-25 21:37:27.933,0.19915735721588135,-0.10763702541589737,-0.06472162157297134,-0.0006486990605480969,0.0011928693857043982,-0.000741710711736232
2026-03-25 21:37:27.935,0.18335328996181488,-0.10790784657001495,-0.07019830495119095,-0.0007625672733411193,0.0015587585512548685,-0.0007834156858734787
2026-03-25 21:37:27.937,0.17337815463542938,-0.10922666639089584,-0.07177665829658508,-0.00075851462315768,0.001268083811737597,-0.0007492018048651516
2026-03-25 21:37:27.939,0.17014829814434052,-0.10006530582904816,-0.06996187567710876,-0.0005617714487016201,0.0010844783391803503,-0.0007820621249265969
2026-03-25 21:37:27.941,0.17999964952468872,-0.0993933230638504,-0.07472531497478485,-0.0007951756124384701,0.0013028926914557815,-0.0008607408963143826
2026-03-25 21:37:27.943,0.18339046835899353,-0.09997332841157913,-0.08239646255970001,-0.0009552811388857663,0.0014476343058049679,-0.0007108559366315603
2026-03-25 21:37:27.945,0.1904902309179306,-0.09314244240522385,-0.06704027950763702,-0.0008899393142201006,0.0013554360484704375,-0.000801853253506124
2026-03-25 21:37:27.947,0.17948603630065918,-0.10178438574075699,-0.07538122683763504,-0.0009818905964493752,0.0013834722340106964,-0.0008523158612661064
2026-03-25 21:37:27.949,0.1787816435098648,-0.09578555822372437,-0.08209524303674698,-0.0009984199423342943,0.0011367261176928878,-0.0008560482528991997
2026-03-25 21:37:27.952,0.19040395319461823,-0.08952412009239197,-0.07769834250211716,-0.0010067265247926116,0.001342534669674933,-0.0009647412225604057
2026-03-25 21:37:27.954,0.183597132563591,-0.09204141050577164,-0.07200473546981812,-0.0011067738523706794,0.0010971161536872387,-0.0007547540008090436
2026-03-25 21:37:27.956,0.15819285809993744,-0.09373284131288528,-0.07899061590433121,-0.0010141736129298806,0.0008649738738313317,-0.0006527513614855707
2026-03-25 21:37:27.958,0.12981581687927246,-0.10489315539598465,-0.10372290015220642,-0.0008570988429710269,0.000649386434815824,-0.000516118248924613
2026-03-25 21:37:27.960,0.11359650641679764,-0.12083017826080322,-0.11680731177330017,-0.0007498245104216039,0.00011473792255856097,-0.00027403797139413655
2026-03-25 21:37:27.962,0.0946277305483818,-0.12945160269737244,-0.13445185124874115,-0.000530560384504497,-9.576592856319621e-05,-0.0004816168802790344
2026-03-25 21:37:27.964,0.0928945541381836,-0.13344796001911163,-0.12959755957126617,-0.0003623734228312969,-0.0002549022901803255,-0.0003435661783441901
2026-03-25 21:37:27.966,0.08782418817281723,-0.13266977667808533,-0.13703252375125885,-0.0004499840724747628,-0.0001940814545378089,-0.0004861865600105375
2026-03-25 21:37:27.968,0.08015312254428864,-0.12806375324726105,-0.13734662532806396,-0.0005960341659374535,-0.0002541943686082959,-0.00038988885353319347
2026-03-25 21:37:27.970,0.09190118312835693,-0.1212363988161087,-0.1328272968530655,-0.0007606399594806135,-0.0002497991663403809,-0.0005209402879700065
2026-03-25 21:37:27.972,0.11490210890769958,-0.10366563498973846,-0.12000253051519394,-0.0008782367804087698,0.00016778222925495356,-0.0007085615070536733
2026-03-25 21:37:27.974,0.1289893090724945,-0.08793363720178604,-0.11574999243021011,-0.0008818841888569295,0.00012475630501285195,-0.0007744439644739032
2026-03-25 21:37:27.976,0.13821585476398468,-0.08088020980358124,-0.1019674688577652,-0.0010441774502396584,0.00041309016523882747,-0.0011082097189500928
2026-03-25 21:37:27.978,0.1513029783964157,-0.07303372770547867,-0.1084304079413414,-0.0010663846042007208,0.000700828735716641,-0.001005814759992063
2026-03-25 21:37:27.980,0.15830479562282562,-0.05952322483062744,-0.09550534188747406,-0.00110364961437881,0.0008710000547580421,-0.0011876231292262673
2026-03-25 21:37:27.982,0.16735023260116577,-0.04852808639407158,-0.09660723805427551,-0.0015179121401160955,0.0010974877513945103,-0.0011870184680446982
2026-03-25 21:37:27.984,0.17442992329597473,-0.046299077570438385,-0.08227616548538208,-0.0014945492148399353,0.0011705668875947595,-0.0010766311315819621
2026-03-25 21:37:27.986,0.18074873089790344,-0.05324577912688255,-0.08322470635175705,-0.0013032214483246207,0.0011008948786184192,-0.0014283544151112437
2026-03-25 21:37:27.988,0.18457244336605072,-0.0474480539560318,-0.0910709798336029,-0.0015293012838810682,0.0012980260653421283,-0.0013769346987828612
2026-03-25 21:37:27.990,0.1805485337972641,-0.04301616549491882,-0.07160241901874542,-0.001492930925451219,0.0012412426294758916,-0.0013296672841534019
2026-03-25 21:37:27.992,0.1902744174003601,-0.04225194454193115,-0.08423192799091339,-0.0013789829099550843,0.0012637170730158687,-0.001565528567880392
2026-03-25 21:37:27.994,0.1899702250957489,-0.052560050040483475,-0.08192288875579834,-0.0012548428494483232,0.0011160812573507428,-0.001587357372045517
2026-03-25 21:37:27.996,0.1759653389453888,-0.05894535407423973,-0.08153402805328369,-0.0012734892079606652,0.0011468084994703531,-0.0014328882098197937
2026-03-25 21:37:27.998,0.17510993778705597,-0.05657615512609482,-0.09782136976718903,-0.0013992050662636757,0.0009715497144497931,-0.0013298207195475698
2026-03-25 21:37:28.000,0.1707700937986374,-0.06362850964069366,-0.09411241114139557,-0.0012538946466520429,0.0010119713842868805,-0.0011599967256188393
2026-03-25 21:37:28.002,0.15273691713809967,-0.06906947493553162,-0.09824945032596588,-0.0013538673520088196,0.000746266741771251,-0.0011790639255195856
2026-03-25 21:37:28.004,0.1449052095413208,-0.07416236400604248,-0.09371880441904068,-0.0014326819218695164,0.0005820266669616103,-0.0009482104796916246
2026-03-25 21:37:28.006,0.13807141780853271,-0.07972963154315948,-0.10958174616098404,-0.0012404569424688816,0.00029763439670205116,-0.0007341005257330835
2026-03-25 21:37:28.008,0.12676283717155457,-0.08133087307214737,-0.10706372559070587,-0.0009277816861867905,0.0002788490382954478,-0.0008157941047102213
2026-03-25 21:37:28.010,0.11983190476894379,-0.08713266253471375,-0.09693115949630737,-0.0012609414989128709,0.0003041177405975759,-0.0005416049971245229
2026-03-25 21:37:28.012,0.125602126121521,-0.08989930897951126,-0.1200195774435997,-0.0011154870735481381,0.0003751131589524448,-0.0005778564373031259
2026-03-25 21:37:28.014,0.12804201245307922,-0.08674275875091553,-0.10938316583633423,-0.0009226614492945373,0.0004718924465123564,-0.0007700694259256124
2026-03-25 21:37:28.016,0.13458672165870667,-0.07798824459314346,-0.09618315100669861,-0.0011464713606983423,0.0006565554067492485,-0.000972666428424418
2026-03-25 21:37:28.018,0.16994599997997284,-0.06920956075191498,-0.09196548908948898,-0.0014288604725152254,0.0011959639377892017,-0.0008532063802704215
2026-03-25 21:37:28.020,0.1816553920507431,-0.07113417237997055,-0.08338826149702072,-0.0013708776095882058,0.0012578096939250827,-0.0009920985903590918
2026-03-25 21:37:28.022,0.1836039423942566,-0.07342368364334106,-0.07890548557043076,-0.0012929912190884352,0.0012055272236466408,-0.0011139368871226907
2026-03-25 21:37:28.024,0.17751535773277283,-0.06157921627163887,-0.07310428470373154,-0.0011699231108650565,0.0011685154167935252,-0.0009680177317932248
2026-03-25 21:37:28.026,0.1909255087375641,-0.06199359893798828,-0.06795642524957657,-0.0012539307354018092,0.0013181243557482958,-0.0010309979552403092
2026-03-25 21:37:28.028,0.1945033073425293,-0.06812281906604767,-0.07281117886304855,-0.0014149784110486507,0.0014994695084169507,-0.0008312457939609885
2026-03-25 21:37:28.030,0.19728702306747437,-0.0713929608464241,-0.06589008122682571,-0.0012041685404255986,0.0013834580313414335,-0.0008426890126429498
2026-03-25 21:37:28.032,0.19556285440921783,-0.07591453939676285,-0.0718240812420845,-0.000973577902186662,0.0013460880145430565,-0.0009563873172737658
2026-03-25 21:37:28.034,0.1904645711183548,-0.0844556912779808,-0.07461945712566376,-0.0013637752272188663,0.0013684818986803293,-0.0004271802317816764
2026-03-25 21:37:28.036,0.17978619039058685,-0.09420369565486908,-0.05965980887413025,-0.001318410038948059,0.0013070034328848124,-0.0006918681901879609
2026-03-25 21:37:28.038,0.17973659932613373,-0.09797771275043488,-0.0628977119922638,-0.0010780785232782364,0.0013067865511402488,-0.0007123820832930505
2026-03-25 21:37:28.040,0.1833970695734024,-0.09703091531991959,-0.060648154467344284,-0.0010644232388585806,0.0014266206417232752,-0.0007808079826645553
2026-03-25 21:37:28.042,0.19647113978862762,-0.10480406880378723,-0.06681942939758301,-0.0009679828654043376,0.0013624945422634482,-0.0008085670415312052
2026-03-25 21:37:28.044,0.18876419961452484,-0.10246903449296951,-0.06599044054746628,-0.0008289620163850486,0.0012677748454734683,-0.0005381428636610508
2026-03-25 21:37:28.047,0.18524013459682465,-0.11515004932880402,-0.06879305839538574,-0.0006553616840392351,0.0012539386516436934,-0.00065042037749663
2026-03-25 21:37:28.049,0.1787606179714203,-0.11933210492134094,-0.07465499639511108,-0.0007559939404018223,0.0012673287419602275,-0.0007100554648786783
2026-03-25 21:37:28.051,0.18515530228614807,-0.11356060951948166,-0.07704824209213257,-0.0007182539557106793,0.001294331275857985,-0.0005014094640500844
2026-03-25 21:37:28.053,0.19581550359725952,-0.12169528752565384,-0.06288046389818192,-0.0009042532183229923,0.0013800651067867875,-0.00034821161534637213
2026-03-25 21:37:28.055,0.18770259618759155,-0.12434931844472885,-0.06903877854347229,-0.0007613369962200522,0.0013580078957602382,-0.00047828536480665207
2026-03-25 21:37:28.057,0.1758141666650772,-0.1256912648677826,-0.06417643278837204,-0.0006289927987381816,0.0011083362624049187,-0.0005753424484282732
2026-03-25 21:37:28.059,0.17570403218269348,-0.12898960709571838,-0.06447206437587738,-0.0006877006962895393,0.0010777227580547333,-0.0004120770317967981
2026-03-25 21:37:28.061,0.18191342055797577,-0.12559175491333008,-0.06738648563623428,-0.0007029042462818325,0.0012598983012139797,-0.00030234738369472325
2026-03-25 21:37:28.063,0.17466658353805542,-0.12484337389469147,-0.05834453925490379,-0.0007694485248066485,0.001281354925595224,-0.0002916733792517334
2026-03-25 21:37:28.065,0.17979736626148224,-0.12691320478916168,-0.05885349214076996,-0.0006814300431869924,0.001150048221461475,-0.0003667879500426352
2026-03-25 21:37:28.067,0.18396341800689697,-0.1298680305480957,-0.07600007206201553,-0.00039032381027936935,0.0010790388332679868,-0.000501828093547374
2026-03-25 21:37:28.069,0.17411170899868011,-0.12674637138843536,-0.07251986116170883,-0.0004926014225929976,0.0011393992463126779,-0.00039316859329119325
2026-03-25 21:37:28.071,0.17763862013816833,-0.12927161157131195,-0.06608857214450836,-0.0006729703745804727,0.0012077994178980589,-0.0003482386819086969
2026-03-25 21:37:28.073,0.17678122222423553,-0.12710252404212952,-0.0740126520395279,-0.00046161783393472433,0.0013771476224064827,-0.0005440975073724985
2026-03-25 21:37:28.075,0.175099715590477,-0.1293591856956482,-0.06614316254854202,-0.00047350142267532647,0.0013266601599752903,-0.0007108256104402244
2026-03-25 21:37:28.077,0.16711965203285217,-0.13557648658752441,-0.06490497291088104,-0.0005386861157603562,0.0010913730366155505,-0.0006649260176345706
2026-03-25 21:37:28.078,0.17260825634002686,-0.13189451396465302,-0.08002204447984695,-0.0005298424512147903,0.0009620788041502237,-0.0005738047766499221
2026-03-25 21:37:28.080,0.1736174374818802,-0.13404332101345062,-0.07011629641056061,-0.0005503544234670699,0.0011522216955199838,-0.0005363570526242256
2026-03-25 21:37:28.082,0.1731620579957962,-0.13281746208667755,-0.07624466717243195,-0.0005763386143371463,0.0011898474767804146,-0.00040522421477362514
2026-03-25 21:37:28.084,0.16681309044361115,-0.12684358656406403,-0.06934212893247604,-0.00029949736199341714,0.0009571104892529547,-0.0003571544657461345
2026-03-25 21:37:28.086,0.15876635909080505,-0.1353888362646103,-0.06544661521911621,-0.00036764919059351087,0.0008745765662752092,-0.0004031717835459858
2026-03-25 21:37:28.088,0.16259463131427765,-0.1378047913312912,-0.07174937427043915,-0.0005215412238612771,0.0010061671491712332,-0.0005628349608741701
2026-03-25 21:37:28.090,0.16947415471076965,-0.13569867610931396,-0.07959610223770142,-0.0003091404214501381,0.0010860246839001775,-0.0005973944207653403
2026-03-25 21:37:28.092,0.17629501223564148,-0.1351349800825119,-0.0630236268043518,-0.00045778838102705777,0.0011219169246032834,-0.0006180458003655076
2026-03-25 21:37:28.094,0.18114535510540009,-0.14008943736553192,-0.06728791445493698,-0.0005825303378514946,0.0012674271129071712,-0.0005247207591310143
2026-03-25 21:37:28.096,0.17660455405712128,-0.132144957780838,-0.06990698724985123,-0.0003453326935414225,0.0011717495508491993,-0.0005752473371103406
2026-03-25 21:37:28.098,0.16886000335216522,-0.13441768288612366,-0.07577673345804214,-0.00033797076321206987,0.0008512774365954101,-0.000678212265484035
2026-03-25 21:37:28.100,0.1670277863740921,-0.13301913440227509,-0.07276944816112518,-0.00045832793693989515,0.001247172593139112,-0.0004790846724063158
2026-03-25 21:37:28.102,0.17044900357723236,-0.12990036606788635,-0.07996802777051926,-0.0003406462201382965,0.0012442938750609756,-0.0006701794336549938
2026-03-25 21:37:28.104,0.17784976959228516,-0.12307819724082947,-0.07167277485132217,-0.00035635719541460276,0.0008418869692832232,-0.0006647397531196475
2026-03-25 21:37:28.106,0.17201372981071472,-0.12072751671075821,-0.06845367699861526,-0.000645724474452436,0.0010569405276328325,-0.0006541887414641678
2026-03-25 21:37:28.108,0.16397452354431152,-0.11566339433193207,-0.06129264831542969,-0.0005139787099324167,0.0009018810815177858,-0.0004489169514272362
2026-03-25 21:37:28.110,0.16526715457439423,-0.11855405569076538,-0.07011428475379944,-0.00041420446359552443,0.0009978062007576227,-0.0006075053242966533
2026-03-25 21:37:28.112,0.16313351690769196,-0.11611967533826828,-0.07050232589244843,-0.0005582490703091025,0.0010569618316367269,-0.0005247637163847685
2026-03-25 21:37:28.114,0.16819754242897034,-0.10901926457881927,-0.07143490761518478,-0.0008002448012121022,0.001117610139772296,-0.000731862906832248
2026-03-25 21:37:28.116,0.17303527891635895,-0.1092916801571846,-0.08607836812734604,-0.0005983675946481526,0.0010123028187081218,-0.0006737238145433366
2026-03-25 21:37:28.118,0.17005932331085205,-0.11282920092344284,-0.07687840610742569,-0.0005541579448617995,0.000960114412009716,-0.0009676329791545868
2026-03-25 21:37:28.120,0.16236694157123566,-0.1153758317232132,-0.07945185899734497,-0.0007908731931820512,0.0009905302431434393,-0.000929065456148237
2026-03-25 21:37:28.122,0.17367735505104065,-0.10545346140861511,-0.08427799493074417,-0.0007317881099879742,0.0012045307084918022,-0.0009565154905430973
2026-03-25 21:37:28.124,0.16990895569324493,-0.1064717173576355,-0.07188411056995392,-0.0006607630639337003,0.0012277341447770596,-0.001150166499428451
2026-03-25 21:37:28.126,0.17130175232887268,-0.10303451865911484,-0.08477599918842316,-0.0007492555887438357,0.000977391959168017,-0.0007472675060853362
2026-03-25 21:37:28.128,0.16581714153289795,-0.10684975981712341,-0.08272559940814972,-0.0007077061454765499,0.0011108291801065207,-0.0008442581165581942
2026-03-25 21:37:28.130,0.1643970012664795,-0.11063186079263687,-0.087886281311512,-0.0007998091168701649,0.0009675112087279558,-0.0010227534221485257
2026-03-25 21:37:28.132,0.16660839319229126,-0.1076028123497963,-0.08571352064609528,-0.0008544180891476572,0.0009276268538087606,-0.0007400180911645293
2026-03-25 21:37:28.134,0.1544983834028244,-0.10587462782859802,-0.07767094671726227,-0.0007841730839572847,0.0009431743528693914,-0.0006591992569155991
2026-03-25 21:37:28.136,0.1604616343975067,-0.10138334333896637,-0.07898367941379547,-0.0006280586239881814,0.0011546435998752713,-0.0008749191183596849
2026-03-25 21:37:28.138,0.16394451260566711,-0.1035676971077919,-0.0837060958147049,-0.0005439955275505781,0.0010281071299687028,-0.0009958854643628001
2026-03-25 21:37:28.141,0.175309419631958,-0.10031673312187195,-0.07608135044574738,-0.0005318412440828979,0.0011964308796450496,-0.0010256610112264752
2026-03-25 21:37:28.143,0.19736044108867645,-0.09505985677242279,-0.06065300852060318,-0.0006999454344622791,0.001782702747732401,-0.0011986983008682728
2026-03-25 21:37:28.145,0.22681164741516113,-0.09503860026597977,-0.04403328895568848,-0.0007855779840610921,0.0018697999184951186,-0.001237397431395948
2026-03-25 21:37:28.147,0.22294263541698456,-0.09788189828395844,-0.05933282524347305,-0.0008121061837300658,0.0018043856834992766,-0.0011352838482707739
2026-03-25 21:37:28.149,0.19737514853477478,-0.11090771108865738,-0.07537838816642761,-0.0004530965816229582,0.0015260411892086267,-0.0013469839468598366
2026-03-25 21:37:28.151,0.1856255978345871,-0.10902661085128784,-0.0876108705997467,-0.0003998767933808267,0.0013899268815293908,-0.0012915596598759294
2026-03-25 21:37:28.153,0.19481252133846283,-0.09873849153518677,-0.06101926416158676,-0.0008846581331454217,0.001227322849445045,-0.0010449251858517528
2026-03-25 21:37:28.155,0.22457456588745117,-0.09273175150156021,-0.06330611556768417,-0.0010147030698135495,0.0017542357090860605,-0.0009147269302047789
2026-03-25 21:37:28.157,0.21384772658348083,-0.10750828683376312,-0.045831143856048584,-0.0006982013583183289,0.001501800143159926,-0.0010809180093929172
2026-03-25 21:37:28.159,0.1800209879875183,-0.10866401344537735,-0.07135320454835892,-0.0007590645691379905,0.00107853882946074,-0.0009534775745123625
2026-03-25 21:37:28.161,0.15868432819843292,-0.11603178828954697,-0.08299743384122849,-0.0005068940226919949,0.0007868654793128371,-0.001031104358844459
2026-03-25 21:37:28.163,0.17490549385547638,-0.10712222009897232,-0.09093553572893143,-0.0007022994686849415,0.0013161126989871264,-0.00042594486149027944
2026-03-25 21:37:28.165,0.16106508672237396,-0.0987740010023117,-0.07235214859247208,-0.0009870353387668729,0.0007601699908263981,-0.00045073777437210083
2026-03-25 21:37:28.167,0.1888439953327179,-0.11576923727989197,-0.0867084488272667,-0.0006229709833860397,0.0013224887661635876,-0.0008448290755040944
2026-03-25 21:37:28.169,0.17004114389419556,-0.11689014732837677,-0.08690934628248215,-0.0007409958634525537,0.0010448916582390666,-0.000602617918048054
2026-03-25 21:37:28.171,0.15273518860340118,-0.12012121081352234,-0.08714757114648819,-0.0007631859043613076,0.0008973501389846206,-0.00045331320143304765
2026-03-25 21:37:28.172,0.1838259994983673,-0.123502716422081,-0.09515469521284103,-0.0004740698204841465,0.0012789805186912417,-0.0009580605546943843
2026-03-25 21:37:28.174,0.15176139771938324,-0.11014791578054428,-0.08137304335832596,-0.0007891507702879608,0.0006805855664424598,-0.0004757302813231945
2026-03-25 21:37:28.176,0.17685680091381073,-0.12551890313625336,-0.08685055375099182,-0.0005776916514150798,0.0012855555396527052,-0.0007901969947852194
2026-03-25 21:37:28.178,0.16242632269859314,-0.11812346428632736,-0.0837976336479187,-0.0006185172824189067,0.0010272744111716747,-0.0005604043253697455
2026-03-25 21:37:28.180,0.1613835245370865,-0.12013400346040726,-0.09475358575582504,-0.0008086206507869065,0.0009494486730545759,-0.0007088740821927786
2026-03-25 21:37:28.182,0.16606435179710388,-0.11624470353126526,-0.09832672774791718,-0.0006806778255850077,0.001109259552322328,-0.0004790007078554481
2026-03-25 21:37:28.184,0.156685933470726,-0.1009650006890297,-0.09098418802022934,-0.0008559445850551128,0.0008050506585277617,-0.0001750175579218194
2026-03-25 21:37:28.186,0.1706804782152176,-0.113257497549057,-0.09514343738555908,-0.0007148593431338668,0.0012030949583277106,-0.0005718905595131218
2026-03-25 21:37:28.188,0.15336816012859344,-0.11345283687114716,-0.08376861363649368,-0.0007136427448131144,0.00083694770000875,-0.0005662141484208405
2026-03-25 21:37:28.190,0.16434073448181152,-0.10999348014593124,-0.09658955782651901,-0.0008328140829689801,0.0009961167816072702,-0.00035206819302402437
2026-03-25 21:37:28.192,0.16521674394607544,-0.10851804912090302,-0.08585946261882782,-0.00047672842629253864,0.0009147815871983767,-0.0005892375484108925
2026-03-25 21:37:28.194,0.1689414381980896,-0.11176154762506485,-0.10259561985731125,-0.0005349451676011086,0.0012363792629912496,-0.000801785965450108
2026-03-25 21:37:28.196,0.1791841685771942,-0.1152854636311531,-0.09608948230743408,-0.0007890989654697478,0.0012759470846503973,-0.000958650722168386
2026-03-25 21:37:28.198,0.18222655355930328,-0.10659168660640717,-0.08215825259685516,-0.0008748515392653644,0.001162759610451758,-0.0007174818310886621
2026-03-25 21:37:28.200,0.17989154160022736,-0.1030653789639473,-0.09149843454360962,-0.0008289865800179541,0.0012067737989127636,-0.0007779867155477405
2026-03-25 21:37:28.202,0.16465723514556885,-0.10133811831474304,-0.09550118446350098,-0.0007866838132031262,0.0011056102812290192,-0.0008963306900113821
2026-03-25 21:37:28.204,0.17225223779678345,-0.09706881642341614,-0.11034947633743286,-0.0007888400577940047,0.0012754866620525718,-0.0007480341591872275
2026-03-25 21:37:28.206,0.17137619853019714,-0.09140598773956299,-0.09640873968601227,-0.0010069733252748847,0.0009337766095995903,-0.0007800936582498252
2026-03-25 21:37:28.208,0.1758553683757782,-0.09630194306373596,-0.08612135052680969,-0.0009661991498433053,0.0011085172882303596,-0.0006649012211710215
2026-03-25 21:37:28.210,0.16819767653942108,-0.09551244229078293,-0.09148349612951279,-0.0007084931712597609,0.0009584862273186445,-0.0008537662215530872
2026-03-25 21:37:28.212,0.16255812346935272,-0.08955922722816467,-0.09596995264291763,-0.0008353945449925959,0.0009517731377854943,-0.0007890978595241904
2026-03-25 21:37:28.214,0.17222316563129425,-0.08393269032239914,-0.09663037955760956,-0.0011175384279340506,0.001388341304846108,-0.000827064155600965
2026-03-25 21:37:28.216,0.17716307938098907,-0.08307987451553345,-0.10374496132135391,-0.0010679815895855427,0.0013293082593008876,-0.00077319290721789
2026-03-25 21:37:28.218,0.17856284976005554,-0.08452019095420837,-0.10408608615398407,-0.00105319544672966,0.001210527727380395,-0.0009630327695049345
2026-03-25 21:37:28.220,0.16998936235904694,-0.08264436572790146,-0.10322150588035583,-0.0008893383201211691,0.001156431739218533,-0.001009467989206314
2026-03-25 21:37:28.222,0.16777947545051575,-0.0895797535777092,-0.11016243696212769,-0.0009826672030612826,0.0010095087345689535,-0.0011141441063955426
2026-03-25 21:37:28.224,0.17241817712783813,-0.09378266334533691,-0.1116761565208435,-0.0012451002839952707,0.0011213453253731132,-0.0010508839040994644
2026-03-25 21:37:28.226,0.17203813791275024,-0.07629714161157608,-0.10401500016450882,-0.0009854274103417993,0.0011058681411668658,-0.0009076748392544687
2026-03-25 21:37:28.228,0.17056883871555328,-0.08914145082235336,-0.11459334939718246,-0.0010650437325239182,0.00120772875379771,-0.0007810479728505015
2026-03-25 21:37:28.230,0.1690913587808609,-0.0955464169383049,-0.11285606026649475,-0.0008549631456844509,0.0009614615119062364,-0.0008328369003720582
2026-03-25 21:37:28.232,0.1585710644721985,-0.08971933275461197,-0.10338086634874344,-0.0008131954236887395,0.0008884470444172621,-0.0009429783094674349
2026-03-25 21:37:28.234,0.1572217494249344,-0.08141568303108215,-0.10991067439317703,-0.0011029787128791213,0.0010089923162013292,-0.0008148935157805681
2026-03-25 21:37:28.236,0.16358265280723572,-0.08176769316196442,-0.11912442743778229,-0.0008648832445032895,0.0011100322008132935,-0.0009929274674504995
2026-03-25 21:37:28.238,0.1568613052368164,-0.08852144330739975,-0.10278689861297607,-0.0007880491320975125,0.0010835587745532393,-0.0009891794761642814
2026-03-25 21:37:28.240,0.1563558131456375,-0.09658551216125488,-0.11180823296308517,-0.0010328658390790224,0.0009063491015695035,-0.000901742372661829
2026-03-25 21:37:28.241,0.15507373213768005,-0.10136549174785614,-0.11799672245979309,-0.0009787639137357473,0.0010342788882553577,-0.000864383764564991
2026-03-25 21:37:28.243,0.15229608118534088,-0.09899817407131195,-0.11214951425790787,-0.0009468767675571144,0.0008733898866921663,-0.0009685328113846481
2026-03-25 21:37:28.245,0.15567182004451752,-0.09380917251110077,-0.12159986793994904,-0.0008510217885486782,0.0008262032060883939,-0.0009894924005493522
2026-03-25 21:37:28.247,0.1631322205066681,-0.0958777442574501,-0.12973330914974213,-0.0008964684093371034,0.0009267058921977878,-0.0007882380159571767
2026-03-25 21:37:28.249,0.16099224984645844,-0.09732995927333832,-0.1238287091255188,-0.0007216150988824666,0.0008812080486677587,-0.0009173458674922585
2026-03-25 21:37:28.251,0.15948174893856049,-0.10049105435609818,-0.1334376484155655,-0.0008817743510007858,0.0008353418670594692,-0.000776689441408962
2026-03-25 21:37:28.253,0.15724709630012512,-0.10649431496858597,-0.1288067251443863,-0.0008878168882802129,0.0007490606512874365,-0.0010713082738220692
2026-03-25 21:37:28.255,0.1478710174560547,-0.09874988347291946,-0.12449939548969269,-0.0010773027315735817,0.0007423742208629847,-0.0007573588518425822
2026-03-25 21:37:28.257,0.1458090841770172,-0.09637276828289032,-0.10815474390983582,-0.0008331541321240366,0.0006742183468304574,-0.0007206288282759488
2026-03-25 21:37:28.259,0.155268132686615,-0.10748431086540222,-0.11940739303827286,-0.0007535892655141652,0.0010578903602436185,-0.0006903174798935652
2026-03-25 21:37:28.261,0.13155557215213776,-0.10723084211349487,-0.11472056806087494,-0.0006938877631910145,0.0005683180643245578,-0.0009091749088838696
2026-03-25 21:37:28.263,0.14728422462940216,-0.10945834219455719,-0.11816030740737915,-0.0006232017185539007,0.0006777626695111394,-0.0008991108043119311
2026-03-25 21:37:28.267,0.165125772356987,-0.1119237020611763,-0.13870568573474884,-0.0007697733235545456,0.0010472083231434226,-0.0007819383172318339
2026-03-25 21:37:28.269,0.1546809822320938,-0.10797983407974243,-0.12401363998651505,-0.0008352193981409073,0.0008917396189644933,-0.0007029334083199501
2026-03-25 21:37:28.271,0.15338464081287384,-0.12436073273420334,-0.1211717277765274,-0.0005816630437038839,0.0008325509843416512,-0.0007919276249594986
2026-03-25 21:37:28.272,0.14112406969070435,-0.12299992889165878,-0.12860065698623657,-0.0006317695369943976,0.0006403748993761837,-0.0007350310334004462
2026-03-25 21:37:28.274,0.15467560291290283,-0.11941301822662354,-0.1289069503545761,-0.0006711414898745716,0.0008039566455408931,-0.0007372450781986117
2026-03-25 21:37:28.276,0.1489660143852234,-0.11472152918577194,-0.10985302180051804,-0.0005307165556587279,0.0008507685270160437,-0.0007534342003054917
2026-03-25 21:37:28.278,0.16269826889038086,-0.11833146214485168,-0.12461639940738678,-0.0006405836902558804,0.0009325836435891688,-0.000847955234348774
2026-03-25 21:37:28.281,0.16873548924922943,-0.12167119979858398,-0.13215819001197815,-0.0004344683256931603,0.0009331562323495746,-0.0008166188490577042
2026-03-25 21:37:28.283,0.14692378044128418,-0.11826279014348984,-0.12519969046115875,-0.0006397484103217721,0.0009679973009042442,-0.0007153676706366241
2026-03-25 21:37:28.285,0.1480683982372284,-0.12383585423231125,-0.12093542516231537,-0.0004834589781239629,0.0007626303704455495,-0.0004956302000209689
2026-03-25 21:37:28.287,0.15151603519916534,-0.12407494336366653,-0.11532676964998245,-0.00012259393406566232,0.0006891723605804145,-0.0007023822981864214
2026-03-25 21:37:28.289,0.14719197154045105,-0.12423951178789139,-0.11299125105142593,-0.0005670155514962971,0.0004496695182751864,-0.0007395760621875525
2026-03-25 21:37:28.291,0.16378194093704224,-0.11808518320322037,-0.12957331538200378,-0.0003899786970578134,0.00092912936815992,-0.0006250953301787376
2026-03-25 21:37:28.292,0.1720336377620697,-0.12879836559295654,-0.12896205484867096,-0.00040560701745562255,0.0011474217753857374,-0.0006980875041335821
2026-03-25 21:37:28.294,0.15671023726463318,-0.1252354234457016,-0.1248406246304512,-0.000509961973875761,0.001053647487424314,-0.0007317852578125894
2026-03-25 21:37:28.296,0.1463424116373062,-0.1238589659333229,-0.12719222903251648,-0.00045644663623534143,0.0008270801627077162,-0.000720605778042227
2026-03-25 21:37:28.298,0.16026419401168823,-0.13102483749389648,-0.1464080810546875,-0.0004523439856711775,0.0010190646862611175,-0.0007120035588741302
2026-03-25 21:37:28.300,0.15159176290035248,-0.12049515545368195,-0.13117742538452148,-0.0005378050846047699,0.0008597789565101266,-0.0007157099898904562
2026-03-25 21:37:28.302,0.15413454174995422,-0.1278531700372696,-0.128558948636055,-0.000495454587507993,0.0009424894815310836,-0.0007659987895749509
2026-03-25 21:37:28.304,0.16715291142463684,-0.12940530478954315,-0.13156095147132874,-0.0004295850812923163,0.001044471631757915,-0.0007527599227614701
2026-03-25 21:37:28.306,0.013217627070844173,-0.1074325442314148,-0.19289478659629822,-0.0033201563637703657,-0.001881834352388978,0.004007941577583551
2026-03-25 21:37:28.308,-0.44328975677490234,-0.20877765119075775,-0.24908924102783203,0.0029624716844409704,-0.009123822674155235,0.0012956963619217277
2026-03-25 21:37:28.310,-0.29840603470802307,-0.14438895881175995,-0.35034242272377014,-0.0014111357741057873,-0.005304303020238876,0.0020051500760018826
2026-03-25 21:37:28.312,0.11272919923067093,-0.17630362510681152,-0.3337346315383911,-0.00046402757288888097,0.0007543551619164646,-0.003058103146031499
2026-03-25 21:37:28.314,0.37090936303138733,-0.17074641585350037,-0.26923543214797974,0.0009556745644658804,0.0032592855859547853,-0.002681721467524767
2026-03-25 21:37:28.316,0.199402317404747,-0.062446605414152145,-0.04473571851849556,-0.001514189993031323,0.0019227727316319942,-0.000983083271421492
2026-03-25 21:37:28.318,0.08345231413841248,-0.0213351771235466,-0.03806789219379425,-0.0025516324676573277,-7.039523916319013e-05,-0.000550748489331454
2026-03-25 21:37:28.320,0.31935861706733704,-0.13064277172088623,-0.24625752866268158,0.00021321374515537173,0.0033876746892929077,-0.001967399613931775
2026-03-25 21:37:28.322,0.07971282303333282,-0.09380887448787689,-0.07219096273183823,-0.0005826727719977498,-0.00016598604270257056,-0.0017835372127592564
2026-03-25 21:37:28.324,0.1684052050113678,-0.08049260824918747,-0.1079675704240799,-0.000735944602638483,0.0015003508888185024,-0.0013319897698238492
2026-03-25 21:37:28.326,0.19138512015342712,-0.07660035043954849,-0.11339707672595978,-0.0008581785950809717,0.001179777318611741,-0.0016608170699328184
2026-03-25 21:37:28.328,0.26114821434020996,-0.07865168154239655,-0.11823558062314987,-0.0009221169748343527,0.00261595263145864,-0.0018382924608886242
2026-03-25 21:37:28.330,0.18290868401527405,-0.0461074635386467,-0.12037728726863861,-0.001674625906161964,0.0013453580904752016,-0.0005729461554437876
2026-03-25 21:37:28.332,0.08662530034780502,-0.07343114167451859,-0.13798567652702332,-0.0013906785752624273,-0.0004764430341310799,-0.0006240776274353266
2026-03-25 21:37:28.334,0.0922664925456047,-0.13232311606407166,-0.2300618588924408,0.00016648609016556293,2.4878076146706007e-05,-0.001188464812003076
2026-03-25 21:37:28.336,-0.030520737171173096,-0.09591303765773773,-0.19186636805534363,-0.0013473362196236849,-0.002363630337640643,-0.00016157786012627184
2026-03-25 21:37:28.338,0.08212829381227493,-0.07598903030157089,-0.22868703305721283,-0.0014329309342429042,-0.00042801621020771563,-0.00046262037358246744
2026-03-25 21:37:28.340,0.07608549296855927,-0.052650801837444305,-0.13601988554000854,-0.0017060706159099936,-0.00040558044565841556,-0.0009274663752876222
2026-03-25 21:37:28.342,0.21107947826385498,-0.06339596956968307,-0.1377168446779251,-0.0011314338771626353,0.001788362511433661,-0.0013179176021367311
2026-03-25 21:37:28.344,0.2596907615661621,-0.08248527348041534,-0.11834858357906342,-0.000411780463764444,0.0019205071730539203,-0.001815468305721879
2026-03-25 21:37:28.346,0.1921219676733017,-0.08496250957250595,-0.07786842435598373,-0.0005602946621365845,0.0015691871521994472,-0.002165253506973386
2026-03-25 21:37:28.348,0.175109401345253,-0.05379181355237961,-0.13638094067573547,-0.0011481994297355413,0.0013209208846092224,-0.001438337960280478
2026-03-25 21:37:28.350,0.17964880168437958,-0.039798252284526825,-0.15076960623264313,-0.0014749830588698387,0.0013627518201246858,-0.0015391941415145993
2026-03-25 21:37:28.352,0.15612129867076874,-0.037910182029008865,-0.12295232713222504,-0.0018722095992416143,0.0008069061441347003,-0.0005892848712392151
2026-03-25 21:37:28.354,0.06971008330583572,-0.08023985475301743,-0.1621343046426773,-0.000651058682706207,-0.00043044984340667725,-0.0012081105960533023
2026-03-25 21:37:28.356,0.0942303016781807,-0.09965924918651581,-0.20211930572986603,-0.0004048748523928225,-0.0004633149364963174,-0.0011934409849345684
2026-03-25 21:37:28.358,0.05923954397439957,-0.05970072001218796,-0.17910273373126984,-0.001569252461194992,-0.00024747426505200565,-0.0003248685970902443
2026-03-25 21:37:28.360,0.10244598239660263,-0.045703742653131485,-0.17521828413009644,-0.002067726571112871,0.000269097916316241,-0.0003274407354183495
2026-03-25 21:37:28.362,0.1654282808303833,-0.05939869582653046,-0.16262058913707733,-0.00135139306075871,0.00098159268964082,-0.001196116441860795
2026-03-25 21:37:28.364,0.1849483847618103,-0.06764760613441467,-0.11440865695476532,-0.0010504389647394419,0.0012784750433638692,-0.0016830085078254342
2026-03-25 21:37:28.366,0.22444979846477509,-0.08175689727067947,-0.11216557025909424,-0.0007007796666584909,0.0019103174563497305,-0.001525122206658125
2026-03-25 21:37:28.368,0.18569430708885193,-0.07848072797060013,-0.111759252846241,-0.0009600835619494319,0.001184227759949863,-0.001685513649135828
2026-03-25 21:37:28.370,0.18344882130622864,-0.07080721110105515,-0.14755289256572723,-0.0012314886553213,0.0013894311850890517,-0.001142852590419352
2026-03-25 21:37:28.372,0.11064338684082031,-0.06371466815471649,-0.14326119422912598,-0.001460523228161037,3.865492089971667e-06,-0.0004929775604978204
2026-03-25 21:37:28.374,0.13497166335582733,-0.09517758339643478,-0.20390580594539642,-0.0008835752960294485,0.0004954986507073045,-0.0008113904041238129
2026-03-25 21:37:28.376,0.07369875907897949,-0.09712422639131546,-0.17315489053726196,-0.0010880035115405917,-0.00036475074011832476,-0.00043533529969863594
2026-03-25 21:37:28.378,0.08590476214885712,-0.08846814185380936,-0.1700478196144104,-0.0013382118195295334,4.767112841363996e-05,-0.0004294210812076926
2026-03-25 21:37:28.380,0.13268209993839264,-0.09118606150150299,-0.14248068630695343,-0.0009204910602420568,0.000652632093988359,-0.0006295293569564819
2026-03-25 21:37:28.382,0.16889987885951996,-0.09503531455993652,-0.11234313249588013,-0.0007280951249413192,0.0009630025015212595,-0.0007616750663146377
2026-03-25 21:37:28.385,0.20856696367263794,-0.09648413211107254,-0.08893734961748123,-0.0009286316344514489,0.0017286225920543075,-0.0009325832943432033
2026-03-25 21:37:28.387,0.2192809134721756,-0.10036567598581314,-0.09904392063617706,-0.0006191580323502421,0.0017974508227780461,-0.0010145552223548293
2026-03-25 21:37:28.389,0.1999150514602661,-0.10883112996816635,-0.12245636433362961,-0.0004259546985849738,0.0016806430649012327,-0.0008675384451635182
2026-03-25 21:37:28.390,0.1465773582458496,-0.10915778577327728,-0.1290241777896881,-0.0007602031109854579,0.0008182655437849462,-0.0005539694102481008
2026-03-25 21:37:28.392,0.17175979912281036,-0.12371077388525009,-0.14346665143966675,-0.0003703867841977626,0.0012787823798134923,-0.0008167107007466257
2026-03-25 21:37:28.394,0.16696077585220337,-0.12455348670482635,-0.10840120911598206,-0.00040654485928826034,0.001096450607292354,-0.0007475164020434022
2026-03-25 21:37:28.396,0.13878585398197174,-0.13210316002368927,-0.13433654606342316,-0.0004688893095590174,0.00042332266457378864,-0.0005475343787111342
2026-03-25 21:37:28.398,0.12723980844020844,-0.1251063346862793,-0.16947013139724731,-0.0005635234410874546,0.0004939302452839911,-0.0005970948841422796
2026-03-25 21:37:28.400,0.10966642946004868,-0.1238088384270668,-0.161338672041893,-0.001210455666296184,0.0004430904518812895,-0.00028762646252289414
2026-03-25 21:37:28.402,0.13852868974208832,-0.11293407529592514,-0.1594521701335907,-0.0008662726613692939,0.00029269378865137696,-0.0001908926060423255
2026-03-25 21:37:28.404,0.158588245511055,-0.12654578685760498,-0.13552077114582062,-0.00031064273207448423,0.0007825993234291673,-0.0005354624008759856
2026-03-25 21:37:28.406,0.1570034772157669,-0.12387401610612869,-0.09983284771442413,-0.0004608291492331773,0.0011340630007907748,-0.0006299572996795177
2026-03-25 21:37:28.408,0.18243679404258728,-0.11022341996431351,-0.10183516889810562,-0.0005774795426987112,0.0014934780774638057,-0.0004023374931421131
2026-03-25 21:37:28.410,0.19255858659744263,-0.11466643959283829,-0.10981129854917526,-0.000503713614307344,0.0015749851008877158,-0.0006655045435763896
2026-03-25 21:37:28.412,0.18882744014263153,-0.11519943177700043,-0.11895813047885895,-0.0006288530421443284,0.001540219527669251,-0.0005646534264087677
2026-03-25 21:37:28.414,0.17064538598060608,-0.12706732749938965,-0.12204448133707047,-0.0005593341193161905,0.001174626057036221,-0.0006176771712489426
2026-03-25 21:37:28.416,0.1603803187608719,-0.13551178574562073,-0.12530729174613953,-0.0003594899899326265,0.0009628683910705149,-0.0007637065136805177
2026-03-25 21:37:28.418,0.16499507427215576,-0.1300157904624939,-0.12453863769769669,-0.0004843510396312922,0.0010765941115096211,-0.0006081160390749574
2026-03-25 21:37:28.420,0.17511409521102905,-0.1196093037724495,-0.11571773886680603,-0.0007177555235102773,0.0014620875008404255,-0.0005279734032228589
2026-03-25 21:37:28.422,0.18606692552566528,-0.1259790062904358,-0.12237262725830078,-0.0009454414248466492,0.0013901569182053208,-0.0002887373848352581
2026-03-25 21:37:28.424,0.15695594251155853,-0.135247603058815,-0.1335572898387909,-0.00023280423192773014,0.0008336265455000103,-0.0004356162971816957
2026-03-25 21:37:28.426,0.121507428586483,-0.13408078253269196,-0.126913383603096,-0.0003759884857572615,0.00016730758943594992,-0.00048704829532653093
2026-03-25 21:37:28.428,0.11824596673250198,-0.1313512921333313,-0.13668693602085114,-0.0003542526683304459,0.0003773164644371718,-1.5665060345781967e-05
2026-03-25 21:37:28.430,0.14627857506275177,-0.14230777323246002,-0.13765504956245422,-0.0003909875813405961,0.0007623349665664136,-0.0002249710523756221
2026-03-25 21:37:28.432,0.18316173553466797,-0.13771358132362366,-0.1267426460981369,-0.0002616204437799752,0.0012050647055730224,-0.0005963759613223374
2026-03-25 21:37:28.434,0.18275804817676544,-0.12038766592741013,-0.10623721778392792,-0.000565112626645714,0.001216243952512741,-0.00040734108188189566
2026-03-25 21:37:28.436,0.19327449798583984,-0.11858159303665161,-0.09648063033819199,-0.0005938736139796674,0.001505242194980383,-0.0006148216780275106
2026-03-25 21:37:28.438,0.17249856889247894,-0.11940331757068634,-0.1230539008975029,-0.0005473282653838396,0.0011886612046509981,-0.0008171963272616267
2026-03-25 21:37:28.440,0.16782236099243164,-0.12101832032203674,-0.1209392175078392,-0.0004935494507662952,0.001036944566294551,-0.0008715117583051324
2026-03-25 21:37:28.442,0.17477445304393768,-0.1141282469034195,-0.11869532614946365,-0.00042158624273724854,0.0014452493051066995,-0.0007633501663804054
2026-03-25 21:37:28.444,0.17045944929122925,-0.11395002901554108,-0.1328563690185547,-0.0010184877319261432,0.0009277401259168983,-0.0005190032534301281
2026-03-25 21:37:28.446,0.15136724710464478,-0.11157337576150894,-0.15121698379516602,-0.0005514496588148177,0.000794294523075223,-0.0005342536023817956
2026-03-25 21:37:28.448,0.11733041703701019,-0.1060747429728508,-0.15963509678840637,-0.0006311242468655109,0.00039920766721479595,-0.0005287416279315948
2026-03-25 21:37:28.450,0.10895135253667831,-0.11426607519388199,-0.16076333820819855,-0.0008028897573240101,0.00025317908148281276,-0.0004227705649100244
2026-03-25 21:37:28.452,0.13364826142787933,-0.1191311702132225,-0.16163362562656403,-0.0004338958242442459,0.0006682612001895905,-0.0008385167457163334
2026-03-25 21:37:28.454,0.1355183869600296,-0.10483945906162262,-0.13917405903339386,-0.0007471993449144065,0.000579768035095185,-0.0007085423567332327
2026-03-25 21:37:28.456,0.17142152786254883,-0.09961181879043579,-0.12718242406845093,-0.0008092006319202483,0.0011123059084638953,-0.0008904439164325595
2026-03-25 21:37:28.458,0.17532067000865936,-0.09157267212867737,-0.11894712597131729,-0.001009979285299778,0.0012351707555353642,-0.0009268660214729607
2026-03-25 21:37:28.460,0.1821034848690033,-0.08983633667230606,-0.12750571966171265,-0.0010958549100905657,0.0012452788650989532,-0.0007414420833811164
2026-03-25 21:37:28.462,0.16613222658634186,-0.08574601262807846,-0.12556001543998718,-0.0006495570414699614,0.0012890852522104979,-0.0010134518379345536
2026-03-25 21:37:28.464,0.14693866670131683,-0.09065853804349899,-0.12308967113494873,-0.0005984427407383919,0.0010275589302182198,-0.000992472399957478
2026-03-25 21:37:28.466,0.1482839584350586,-0.09710691124200821,-0.13745537400245667,-0.0008312739082612097,0.00071052456041798,-0.0006927248905412853
2026-03-25 21:37:28.468,0.13689981400966644,-0.10235157608985901,-0.14749453961849213,-0.0008269529207609594,0.0006852840888313949,-0.0008931247284635901
2026-03-25 21:37:28.470,0.1483520269393921,-0.10014976561069489,-0.16490475833415985,-0.0009177820174954832,0.000709801388438791,-0.0008215055568143725
2026-03-25 21:37:28.472,0.12056673318147659,-0.09607534855604172,-0.1428253948688507,-0.0007945416728034616,0.00028916631708852947,-0.0007160496315918863
2026-03-25 21:37:28.474,0.14868654310703278,-0.10225113481283188,-0.14909492433071136,-0.0007118454668670893,0.0006217274349182844,-0.0009354908834211528
2026-03-25 21:37:28.476,0.14264464378356934,-0.09975321590900421,-0.14944757521152496,-0.0008809364517219365,0.0005622092285193503,-0.0008550838683731854
2026-03-25 21:37:28.478,0.15081076323986053,-0.09660298377275467,-0.1432829350233078,-0.0007178575033321977,0.0008568027405999601,-0.0011026186402887106
2026-03-25 21:37:28.480,0.15521588921546936,-0.08632542192935944,-0.13168299198150635,-0.001004921505227685,0.0009565036743879318,-0.000983256264589727
2026-03-25 21:37:28.482,0.16598574817180634,-0.07934063673019409,-0.13278275728225708,-0.00080630904994905,0.0009357885573990643,-0.0010554540203884244
2026-03-25 21:37:28.485,0.16460786759853363,-0.08986321091651917,-0.13854843378067017,-0.0008816964109428227,0.0010406323708593845,-0.000941632257308811
2026-03-25 21:37:28.487,0.12713174521923065,-0.08953437954187393,-0.12887795269489288,-0.0010059874039143324,0.0006978255114518106,-0.000798220164142549
2026-03-25 21:37:28.489,0.15324881672859192,-0.1019713282585144,-0.1513461321592331,-0.0007832377450540662,0.0009250071016140282,-0.0009940292220562696
2026-03-25 21:37:28.491,0.13522988557815552,-0.09971480816602707,-0.14052581787109375,-0.000904131680727005,0.0005783262313343585,-0.0010887088719755411
2026-03-25 21:37:28.493,0.15924374759197235,-0.09265431761741638,-0.1554434895515442,-0.0009966690558940172,0.0007385837379842997,-0.0009639099007472396
2026-03-25 21:37:28.495,0.12937772274017334,-0.07947245240211487,-0.14164653420448303,-0.0009596781455911696,0.0004917716141790152,-0.0010308509226888418
2026-03-25 21:37:28.497,0.14874152839183807,-0.0846685916185379,-0.15399380028247833,-0.0009257443016394973,0.0008321853820234537,-0.0006850330391898751
2026-03-25 21:37:28.499,0.13990570604801178,-0.09693001955747604,-0.14221177995204926,-0.0008517850073985755,0.0006169929984025657,-0.0009321779361926019
2026-03-25 21:37:28.501,0.15894442796707153,-0.1064409539103508,-0.1605140119791031,-0.0004869136610068381,0.0007600660319440067,-0.0011646926868706942
2026-03-25 21:37:28.503,0.14233024418354034,-0.0953298807144165,-0.14602842926979065,-0.000910128524992615,0.0006701749516651034,-0.0008945520385168493
2026-03-25 21:37:28.505,0.1432635486125946,-0.0844404324889183,-0.14470279216766357,-0.0012464417377486825,0.0007893000729382038,-0.0007067786063998938
2026-03-25 21:37:28.507,0.15583185851573944,-0.08827366679906845,-0.14213480055332184,-0.001016504829749465,0.000992841785773635,-0.000765155244152993
2026-03-25 21:37:28.509,0.13275565207004547,-0.08008337765932083,-0.12676644325256348,-0.0010490218410268426,0.0007739587454125285,-0.0007021051133051515
2026-03-25 21:37:28.511,0.16042061150074005,-0.09907446801662445,-0.13940702378749847,-0.0006303742411546409,0.0008929985924623907,-0.0009119759779423475
2026-03-25 21:37:28.513,0.15399685502052307,-0.10216204822063446,-0.11736028641462326,-0.0005768140545114875,0.0008519871043972671,-0.0010512194130569696
2026-03-25 21:37:28.515,0.17322567105293274,-0.08626572787761688,-0.13853737711906433,-0.0009159260662272573,0.0010427675442770123,-0.0008209807565435767
2026-03-25 21:37:28.517,0.1462014615535736,-0.08969029039144516,-0.11862362176179886,-0.0010389469098299742,0.0008654927369207144,-0.000797170156147331
2026-03-25 21:37:28.519,0.1684180051088333,-0.09445232897996902,-0.14090587198734283,-0.0007060084608383477,0.0010457815369591117,-0.001018804032355547
2026-03-25 21:37:28.521,0.15374837815761566,-0.10694101452827454,-0.13885453343391418,-0.0008977449615485966,0.0008274508290924132,-0.0008779470226727426
2026-03-25 21:37:28.523,0.14826874434947968,-0.11901643872261047,-0.13772733509540558,-0.000580121239181608,0.0007361954776570201,-0.0008142907172441483
2026-03-25 21:37:28.525,0.13498732447624207,-0.10999751091003418,-0.14870202541351318,-0.000543939764611423,0.0007574063492938876,-0.0007617644732818007
2026-03-25 21:37:28.527,0.12937016785144806,-0.10033880919218063,-0.14613647758960724,-0.0011177357519045472,0.00045992431114427745,-0.0006567374803125858
2026-03-25 21:37:28.529,0.15966615080833435,-0.10069156438112259,-0.1507490575313568,-0.0009030024521052837,0.0010707201436161995,-0.0009143711649812758
2026-03-25 21:37:28.531,0.15378831326961517,-0.10025950521230698,-0.13599024713039398,-0.0008050102042034268,0.0007015246665105224,-0.000635789125226438
2026-03-25 21:37:28.533,0.1704849898815155,-0.1051284596323967,-0.1333189159631729,-0.0008111229981295764,0.0010677280370146036,-0.0009432632941752672
2026-03-25 21:37:28.535,0.15482085943222046,-0.10535077750682831,-0.11106810718774796,-0.0007752804085612297,0.000786757911555469,-0.0007267206674441695
2026-03-25 21:37:28.537,0.17616316676139832,-0.10371607542037964,-0.12442739307880402,-0.0006616556202061474,0.0012629678240045905,-0.0008192714303731918
2026-03-25 21:37:28.539,0.15522462129592896,-0.08798054605722427,-0.12647207081317902,-0.0009702076786197722,0.0009474980179220438,-0.000818785687442869
2026-03-25 21:37:28.541,0.15910039842128754,-0.09916960448026657,-0.124334916472435,-0.0010082687949761748,0.0011292544659227133,-0.0006935041164979339
2026-03-25 21:37:28.543,0.1575225293636322,-0.10179084539413452,-0.14504112303256989,-0.0006653240416198969,0.0010588867589831352,-0.0008835421176627278
2026-03-25 21:37:28.545,0.14085185527801514,-0.10253363847732544,-0.14596568048000336,-0.0007303204038180411,0.0007182996487244964,-0.0008262144983746111
2026-03-25 21:37:28.547,0.13996395468711853,-0.10485080629587173,-0.14422370493412018,-0.0007115310872904956,0.0007464766968041658,-0.000801909773144871
2026-03-25 21:37:28.549,0.1348678469657898,-0.10507504642009735,-0.14591827988624573,-0.0007304925238713622,0.0005756783066317439,-0.0008548048790544271
2026-03-25 21:37:28.551,0.1615416258573532,-0.10434021055698395,-0.1553618460893631,-0.0007044132216833532,0.0009417536784894764,-0.0007275382522493601
2026-03-25 21:37:28.553,0.14671361446380615,-0.10811254382133484,-0.1383175253868103,-0.0008209585794247687,0.0006888546049594879,-0.0008598700514994562
2026-03-25 21:37:28.555,0.15230803191661835,-0.10391850024461746,-0.14260929822921753,-0.0008715653093531728,0.0009746808209456503,-0.000690156186465174
2026-03-25 21:37:28.557,0.14982782304286957,-0.10110019892454147,-0.1304502636194229,-0.0006545858341269195,0.0009130712714977562,-0.00080490717664361
2026-03-25 21:37:28.559,0.15972277522087097,-0.1063966378569603,-0.1328786462545395,-0.0008222279720939696,0.0010645376751199365,-0.0006706406711600721
2026-03-25 21:37:28.561,0.16063979268074036,-0.10817437618970871,-0.12277325987815857,-0.0007281967555172741,0.0009151131380349398,-0.0009984622010961175
2026-03-25 21:37:28.563,0.152184396982193,-0.09809254854917526,-0.12723125517368317,-0.0007570651941932738,0.0009313620976172388,-0.0009650829597376287
2026-03-25 21:37:28.565,0.16417983174324036,-0.10545949637889862,-0.13069190084934235,-0.0008834233740344644,0.0010912901489064097,-0.0008476073271594942
2026-03-25 21:37:28.567,0.16222108900547028,-0.10510583221912384,-0.129213348031044,-0.0009182006469927728,0.0009433864615857601,-0.000747224607039243
2026-03-25 21:37:28.569,0.15786908566951752,-0.10729213058948517,-0.13635185360908508,-0.0008240191382355988,0.0009022871381603181,-0.0007604690617881715
2026-03-25 21:37:28.571,0.15613669157028198,-0.11146488785743713,-0.15239129960536957,-0.000800705049186945,0.0007534785545431077,-0.0007629756000824273
2026-03-25 21:37:28.573,0.15089283883571625,-0.11223618686199188,-0.15494568645954132,-0.0008392342715524137,0.0006549526588059962,-0.0007226600428111851
2026-03-25 21:37:28.575,0.1319243162870407,-0.10830820351839066,-0.1428593397140503,-0.0007420750916935503,0.0008080226252786815,-0.000544379057828337
2026-03-25 21:37:28.579,0.1430487036705017,-0.11212838441133499,-0.13143275678157806,-0.00065611582249403,0.0005871817120350897,-0.0006780509138479829
2026-03-25 21:37:28.581,0.15119121968746185,-0.11122523993253708,-0.13929525017738342,-0.0007000999175943434,0.0009534739074297249,-0.0007366077043116093
2026-03-25 21:37:28.583,0.16411621868610382,-0.10152766108512878,-0.1423761248588562,-0.0006310030003078282,0.001135216443799436,-0.0007235959637910128
2026-03-25 21:37:28.585,0.161720871925354,-0.09794699400663376,-0.12464150041341782,-0.0008663918124511838,0.0010406785877421498,-0.000725588935893029
2026-03-25 21:37:28.587,0.16109095513820648,-0.09383300691843033,-0.12021451443433762,-0.0007960838847793639,0.0012005064636468887,-0.0008156565017998219
2026-03-25 21:37:28.589,0.16231128573417664,-0.0930587574839592,-0.12645113468170166,-0.0011845399858430028,0.0009341006516478956,-0.0005344108794815838
2026-03-25 21:37:28.591,0.1603216975927353,-0.10548114031553268,-0.12523122131824493,-0.0009947220096364617,0.0009905664483085275,-0.0008039363310672343
2026-03-25 21:37:28.593,0.15680374205112457,-0.10054793953895569,-0.1384057104587555,-0.0008918620296753943,0.0008246783399954438,-0.0007407295051962137
2026-03-25 21:37:28.595,0.16934041678905487,-0.11242515593767166,-0.15057259798049927,-0.0005865148268640041,0.0009437372209504247,-0.0008073030039668083
2026-03-25 21:37:28.597,0.14780455827713013,-0.11548981815576553,-0.13945168256759644,-0.0006243184325285256,0.0008801529766060412,-0.0007499278872273862
2026-03-25 21:37:28.599,0.13471080362796783,-0.1143888458609581,-0.14146018028259277,-0.0007351647946052253,0.0008067488088272512,-0.0008039241656661034
2026-03-25 21:37:28.601,0.14266575872898102,-0.11088361591100693,-0.1508055180311203,-0.0006940086605027318,0.0007969202124513686,-0.0006172786233946681
2026-03-25 21:37:28.603,0.14797155559062958,-0.11967180669307709,-0.13961857557296753,-0.0006220625946298242,0.0005410403246060014,-0.0008022612310014665
2026-03-25 21:37:28.605,0.14476072788238525,-0.11777936667203903,-0.1381603181362152,-0.000497973698657006,0.0005549010820686817,-0.0008315275772474706
2026-03-25 21:37:28.607,0.15665015578269958,-0.11091320961713791,-0.13072003424167633,-0.0006052057724446058,0.0008143266313709319,-0.0007137221400626004
2026-03-25 21:37:28.609,0.16209615767002106,-0.11669735610485077,-0.12215068936347961,-0.0006886853952892125,0.0010765899205580354,-0.0006324388668872416
2026-03-25 21:37:28.611,0.16805905103683472,-0.1101466491818428,-0.1253839135169983,-0.0007934535969980061,0.0012100163148716092,-0.0006692016031593084
2026-03-25 21:37:28.613,0.16697943210601807,-0.10375916212797165,-0.1178641989827156,-0.000914552656468004,0.0008300290792249143,-0.0006698421784676611
2026-03-25 21:37:28.615,0.18364804983139038,-0.11163946241140366,-0.1325082629919052,-0.0007269036723300815,0.0011509450851008296,-0.0005090530612505972
2026-03-25 21:37:28.617,0.17338261008262634,-0.11173217743635178,-0.125311017036438,-0.0008138057892210782,0.0008590936777181923,-0.0006273863255046308
2026-03-25 21:37:28.619,0.16510169208049774,-0.11588385701179504,-0.13568896055221558,-0.0005498648970387876,0.0010762345045804977,-0.0006863563903607428
2026-03-25 21:37:28.621,0.1395699679851532,-0.11922138929367065,-0.13124245405197144,-0.0005596336559392512,0.0008528681355528533,-0.0007156031206250191
2026-03-25 21:37:28.623,0.1473543494939804,-0.12231161445379257,-0.1592581570148468,-0.0005939583061262965,0.0005949049955233932,-0.0007809718372300267
2026-03-25 21:37:28.625,0.14576472342014313,-0.12505221366882324,-0.15393660962581635,-0.0005470649339258671,0.0008922905544750392,-0.00084514613263309
2026-03-25 21:37:28.627,0.13709522783756256,-0.12651294469833374,-0.14246095716953278,-0.00039294041926041245,0.0007858534809201956,-0.0006763102719560266
2026-03-25 21:37:28.629,0.14988641440868378,-0.12122974544763565,-0.14075936377048492,-0.00039229492540471256,0.0007999633089639246,-0.000885961577296257
2026-03-25 21:37:28.631,0.15821953117847443,-0.1143295019865036,-0.1408151537179947,-0.0006486736820079386,0.0008215975831262767,-0.0005113024380989373
2026-03-25 21:37:28.633,0.16401970386505127,-0.11452022939920425,-0.13727228343486786,-0.0006300872773863375,0.0013226966839283705,-0.0006134898867458105
2026-03-25 21:37:28.635,0.15565574169158936,-0.10598413646221161,-0.12060751765966415,-0.0008002564427442849,0.0010862356284633279,-0.0006010914803482592
2026-03-25 21:37:28.637,0.16936543583869934,-0.10632738471031189,-0.12608638405799866,-0.0006726998253725469,0.001317014917731285,-0.0007346819038502872
2026-03-25 21:37:28.639,0.15768486261367798,-0.11106111109256744,-0.11885946244001389,-0.0006449148058891296,0.0011240188032388687,-0.0007261757273226976
2026-03-25 21:37:28.641,0.153265118598938,-0.10757698118686676,-0.11756406724452972,-0.0008351880824193358,0.0009245946421287954,-0.000565184629522264
2026-03-25 21:37:28.643,0.1631123423576355,-0.11709199845790863,-0.12519270181655884,-0.000562272674869746,0.0009499763255007565,-0.0007020392804406583
2026-03-25 21:37:28.645,0.1618053913116455,-0.11278077214956284,-0.14059165120124817,-0.0006306717987172306,0.000954659772105515,-0.0005865705315954983
2026-03-25 21:37:28.647,0.14892344176769257,-0.11540981382131577,-0.13224446773529053,-0.0006559218163602054,0.0009754451457411051,-0.0006932927644811571
2026-03-25 21:37:28.649,0.15867216885089874,-0.10848524421453476,-0.14588117599487305,-0.0005449306918308139,0.0009689737344160676,-0.000687756750266999
2026-03-25 21:37:28.651,0.1512218564748764,-0.11363279074430466,-0.15001018345355988,-0.0007995246560312808,0.0008468552259728312,-0.0005232125986367464
2026-03-25 21:37:28.653,0.14668059349060059,-0.11085931211709976,-0.13674156367778778,-0.000593493808992207,0.0007056235335767269,-0.0007781244930811226
2026-03-25 21:37:28.655,0.14873017370700836,-0.11509869992733002,-0.14425325393676758,-0.0007932186126708984,0.0007281474536284804,-0.0007313824025914073
2026-03-25 21:37:28.657,0.15182261168956757,-0.1165124699473381,-0.1389692723751068,-0.0006292617763392627,0.0007152947364374995,-0.0008983570733107626
2026-03-25 21:37:28.659,0.1399410218000412,-0.1087498888373375,-0.12783905863761902,-0.0007497268379665911,0.0008733370341360569,-0.0008379026548936963
2026-03-25 21:37:28.661,0.160479336977005,-0.10367759317159653,-0.12327644228935242,-0.000710587773937732,0.0009611814748495817,-0.000793804822023958
2026-03-25 21:37:28.663,0.16864211857318878,-0.0969846174120903,-0.13742603361606598,-0.000806462368927896,0.0012198403710499406,-0.0007397496374323964
2026-03-25 21:37:28.665,0.1456385850906372,-0.08902566879987717,-0.11458677053451538,-0.0009119028109125793,0.0010489968117326498,-0.0007701165159232914
2026-03-25 21:37:28.667,0.1817188411951065,-0.0985107496380806,-0.13088922202587128,-0.000838759820908308,0.0011927919695153832,-0.0008264047792181373
2026-03-25 21:37:28.669,0.16588947176933289,-0.09492138773202896,-0.12989774346351624,-0.0010546460980549455,0.0009245577384717762,-0.0007510230643674731
2026-03-25 21:37:28.671,0.1466972380876541,-0.09975210577249527,-0.1347900629043579,-0.0008376708719879389,0.0008615850238129497,-0.0009940328309312463
2026-03-25 21:37:28.673,0.15039226412773132,-0.09855774790048599,-0.1356847882270813,-0.0009865176398307085,0.0006487640202976763,-0.0009589574765414
2026-03-25 21:37:28.675,0.14264734089374542,-0.09420833736658096,-0.15651877224445343,-0.0009230019059032202,0.0005642168689519167,-0.0008213470573537052
2026-03-25 21:37:28.677,0.133956640958786,-0.09716425091028214,-0.15519239008426666,-0.0006964122294448316,0.0007227611495181918,-0.001107602147385478
2026-03-25 21:37:28.679,0.12074874341487885,-0.09111720323562622,-0.13793985545635223,-0.000948994536884129,0.0005743920337408781,-0.001039240276440978
2026-03-25 21:37:28.681,0.15408241748809814,-0.09420768171548843,-0.16552145779132843,-0.0010484526865184307,0.0008745483355596662,-0.0006320777465589345
2026-03-25 21:37:28.683,0.14149771630764008,-0.09253077208995819,-0.1331089735031128,-0.0007176037761382759,0.0008955787634477019,-0.0009132158011198044
2026-03-25 21:37:28.685,0.14417916536331177,-0.08458538353443146,-0.13533706963062286,-0.0009327504667453468,0.0006010376382619143,-0.0010066753020510077
2026-03-25 21:37:28.687,0.1650533229112625,-0.08852711319923401,-0.13356265425682068,-0.0009587871027179062,0.0009720111847855151,-0.0011155435349792242
2026-03-25 21:37:28.689,0.17097590863704681,-0.08407575637102127,-0.13277408480644226,-0.000979605596512556,0.0011138012632727623,-0.0010384944034740329
2026-03-25 21:37:28.691,0.14620310068130493,-0.07375144958496094,-0.12390923500061035,-0.0011124017182737589,0.0007996279746294022,-0.0010278397239744663
2026-03-25 21:37:28.693,0.1565081924200058,-0.08741369098424911,-0.1381082534790039,-0.0008891078759916127,0.000731574313249439,-0.0010442675556987524
2026-03-25 21:37:28.695,0.1562248021364212,-0.08361691981554031,-0.15599048137664795,-0.0006503604236058891,0.0008702501654624939,-0.0011844637338072062
2026-03-25 21:37:28.697,0.13341350853443146,-0.08556793630123138,-0.13966554403305054,-0.0010304992320016026,0.0005130582139827311,-0.0009913872927427292
2026-03-25 21:37:28.699,0.14104317128658295,-0.09696757793426514,-0.1449074149131775,-0.0010359685402363539,0.0006918163853697479,-0.0008113994845189154
2026-03-25 21:37:28.701,0.142300546169281,-0.09704737365245819,-0.1534959077835083,-0.0011147221084684134,0.0007384444470517337,-0.0009657092741690576
2026-03-25 21:37:28.703,0.14448054134845734,-0.09655307233333588,-0.1532503217458725,-0.0010205564321950078,0.0008289042161777616,-0.0007864066283218563
2026-03-25 21:37:28.705,0.12408111244440079,-0.09736388921737671,-0.14180465042591095,-0.0008245600038208067,0.00047351044486276805,-0.000956270785536617
2026-03-25 21:37:28.707,0.14044952392578125,-0.09312282502651215,-0.14780987799167633,-0.0007183884154073894,0.0006756458897143602,-0.0007888952968642116
2026-03-25 21:37:28.709,0.15376311540603638,-0.09420491755008698,-0.1495143324136734,-0.000975648988969624,0.0010520771611481905,-0.0008949788170866668
2026-03-25 21:37:28.711,0.15773046016693115,-0.093207448720932,-0.12636756896972656,-0.0007634109351783991,0.001031410414725542,-0.0009971166728064418
2026-03-25 21:37:28.713,0.14752575755119324,-0.08636979013681412,-0.12140858173370361,-0.0009944933699443936,0.0008293442660942674,-0.0009117763838730752
2026-03-25 21:37:28.715,0.16860240697860718,-0.08920939266681671,-0.13172072172164917,-0.0010695181554183364,0.001176154357381165,-0.0009170714183710515
2026-03-25 21:37:28.717,0.16852504014968872,-0.09091155976057053,-0.12137963622808456,-0.0007945994730107486,0.0009772272314876318,-0.0010823978809639812
2026-03-25 21:37:28.718,0.13806307315826416,-0.08708485215902328,-0.12401629239320755,-0.0010695933597162366,0.0009706110577099025,-0.0007941849762573838
2026-03-25 21:37:28.720,0.1615094542503357,-0.1064319834113121,-0.15190210938453674,-0.0007589894812554121,0.001082895789295435,-0.0009481440065428615
2026-03-25 21:37:28.722,0.15562565624713898,-0.10814855247735977,-0.1396297663450241,-0.000800550973508507,0.0009699062793515623,-0.000987471197731793
2026-03-25 21:37:28.724,0.1322505921125412,-0.10041241347789764,-0.1427459716796875,-0.000795016239862889,0.0006142561323940754,-0.0008283241186290979
2026-03-25 21:37:28.726,0.12989750504493713,-0.10832658410072327,-0.1547892838716507,-0.000723246717825532,0.0006023625028319657,-0.000760699505917728
2026-03-25 21:37:28.728,0.15002469718456268,-0.11531081050634384,-0.14892610907554626,-0.00044675800018012524,0.0007035030284896493,-0.000916171760763973
2026-03-25 21:37:28.730,0.1508849561214447,-0.10730646550655365,-0.12651821970939636,-0.0009029324282892048,0.0005186985363252461,-0.0007178622181527317
2026-03-25 21:37:28.732,0.15569297969341278,-0.11020385473966599,-0.1300102174282074,-0.0007453743019141257,0.0008296213927678764,-0.0006619009072892368
2026-03-25 21:37:28.734,0.16478240489959717,-0.10392095148563385,-0.13732251524925232,-0.0007253348594531417,0.0009427327895537019,-0.000782501301728189
2026-03-25 21:37:28.736,0.16624335944652557,-0.10253236442804337,-0.12900309264659882,-0.0008623349131084979,0.000947508669923991,-0.000691087800078094
2026-03-25 21:37:28.738,0.17089655995368958,-0.11043453961610794,-0.12285418808460236,-0.0007979835500009358,0.0009873283561319113,-0.0006807211320847273
2026-03-25 21:37:28.740,0.15389509499073029,-0.10572465509176254,-0.11228237301111221,-0.00035415662568993866,0.0010997062781825662,-0.0008025491260923445
2026-03-25 21:37:28.742,0.1598495990037918,-0.10874275863170624,-0.10743002593517303,-0.0006604644586332142,0.0009481735178269446,-0.0008338128100149333
2026-03-25 21:37:28.744,0.16356688737869263,-0.11577331274747849,-0.13338682055473328,-0.000770432292483747,0.0009748864686116576,-0.0006579355685971677
2026-03-25 21:37:28.746,0.1681687831878662,-0.12453953176736832,-0.14697736501693726,-0.0006738438969478011,0.001265058759599924,-0.0007151913596317172
2026-03-25 21:37:28.748,0.15206091105937958,-0.1204230859875679,-0.12913894653320312,-0.0005009248852729797,0.0009073035325855017,-0.000721949792932719
2026-03-25 21:37:28.750,0.14926402270793915,-0.1170673593878746,-0.14681248366832733,-0.0006462403107434511,0.0010857456363737583,-0.0004988068831153214
2026-03-25 21:37:28.752,0.1526356339454651,-0.12267784029245377,-0.14822722971439362,-0.0004709339700639248,0.0007606202270835638,-0.0007960175280459225
2026-03-25 21:37:28.754,0.14576537907123566,-0.13093531131744385,-0.13542021811008453,-0.00038691324880346656,0.0006681343074887991,-0.0006302333786152303
2026-03-25 21:37:28.756,0.13698849081993103,-0.12164143472909927,-0.1323249340057373,-0.0006413690862245858,0.0006931028910912573,-0.0006052149692550302
2026-03-25 21:37:28.758,0.1586463451385498,-0.12362117320299149,-0.1413251906633377,-0.0005693117855116725,0.00084063527174294,-0.0006071531679481268
2026-03-25 21:37:28.760,0.15555717051029205,-0.13075163960456848,-0.1232234463095665,-0.0004560757370200008,0.001049789134413004,-0.000855756108649075
2026-03-25 21:37:28.762,0.15533623099327087,-0.10941138118505478,-0.11017437279224396,-0.0006264580297283828,0.0009529480594210327,-0.0005333077860996127
2026-03-25 21:37:28.764,0.17441442608833313,-0.10831867158412933,-0.11037585139274597,-0.0006865375908091664,0.0011767197865992785,-0.0004986670683138072
2026-03-25 21:37:28.766,0.19097766280174255,-0.11922158300876617,-0.12356677651405334,-0.0004619134124368429,0.0014655545819550753,-0.0006645933026447892
2026-03-25 21:37:28.768,0.1726159304380417,-0.12004496902227402,-0.1195676177740097,-0.0006682040984742343,0.0011590662179514766,-0.0008113185758702457
2026-03-25 21:37:28.770,0.16351653635501862,-0.11567092686891556,-0.12128850817680359,-0.0007206028676591814,0.000960725243203342,-0.0006565022049471736
2026-03-25 21:37:28.772,0.15421438217163086,-0.1186341792345047,-0.13704703748226166,-0.0006093634874559939,0.0009646652615629137,-0.0006051036179997027
2026-03-25 21:37:28.774,0.15457631647586823,-0.13392163813114166,-0.14920543134212494,-0.0006001894362270832,0.0007646324811503291,-0.000604113272856921
2026-03-25 21:37:28.776,0.1269967406988144,-0.12282019108533859,-0.13918091356754303,-0.0005840440862812102,0.0006597688770852983,-0.0005606387858279049
2026-03-25 21:37:28.778,0.1466822326183319,-0.12568484246730804,-0.1492977738380432,-0.0006217895424924791,0.0005076498491689563,-0.0004893324221484363
2026-03-25 21:37:28.780,0.15302394330501556,-0.12475122511386871,-0.14942149817943573,-0.0005751369171775877,0.0009615111048333347,-0.0008051710901781917
2026-03-25 21:37:28.782,0.15112732350826263,-0.11963847279548645,-0.13302549719810486,-0.0005397922941483557,0.0009640763164497912,-0.000682345824316144
2026-03-25 21:37:28.784,0.15206101536750793,-0.1062542125582695,-0.12496790289878845,-0.0007342151366174221,0.0008450682507827878,-0.000759863993152976
2026-03-25 21:37:28.786,0.1643945723772049,-0.10389847308397293,-0.11899745464324951,-0.0008662609616294503,0.0008453837945125997,-0.0006694990443065763
2026-03-25 21:37:28.788,0.1754237860441208,-0.1024056151509285,-0.1255393922328949,-0.0006041185115464032,0.0012884825700893998,-0.0007716910331510007
2026-03-25 21:37:28.790,0.16198261082172394,-0.10553374141454697,-0.1199527159333229,-0.0008386810659430921,0.001193493721075356,-0.0007507456466555595
2026-03-25 21:37:28.792,0.16258291900157928,-0.10554251074790955,-0.1272437423467636,-0.0008118939585983753,0.0009904700564220548,-0.0008636704296804965
2026-03-25 21:37:28.794,0.16272227466106415,-0.09948510676622391,-0.14099974930286407,-0.0009251319570466876,0.0008384580141864717,-0.0007863537175580859
2026-03-25 21:37:28.796,0.1558694988489151,-0.11030100286006927,-0.137093648314476,-0.0006436565308831632,0.0009396846289746463,-0.0007636613445356488
2026-03-25 21:37:28.798,0.1336854100227356,-0.11062412708997726,-0.14483609795570374,-0.0007979680085554719,0.0008256141445599496,-0.0008709472022019327
2026-03-25 21:37:28.800,0.13223771750926971,-0.11008857935667038,-0.1544094681739807,-0.0007665982702746987,0.0006759585812687874,-0.000898977683391422
2026-03-25 21:37:28.802,0.14081671833992004,-0.10873192548751831,-0.16097760200500488,-0.0007267078035511076,0.0006263311952352524,-0.0007921663927845657
2026-03-25 21:37:28.804,0.1413651555776596,-0.1158083900809288,-0.1463167816400528,-0.0006368033355101943,0.0007163648842833936,-0.0007279529818333685
2026-03-25 21:37:28.806,0.1479525864124298,-0.10707004368305206,-0.14163002371788025,-0.0007815239951014519,0.0008403254323638976,-0.0009099975577555597
2026-03-25 21:37:28.808,0.1579441875219345,-0.09886937588453293,-0.1372583508491516,-0.0008583489689044654,0.0009560279431752861,-0.0008946837624534965
2026-03-25 21:37:28.810,0.154727965593338,-0.09034217149019241,-0.1331101804971695,-0.000821980822365731,0.0009519652230665088,-0.0009434763342142105
2026-03-25 21:37:28.813,0.15579712390899658,-0.08623014390468597,-0.13039647042751312,-0.000837701722048223,0.0009705299744382501,-0.0007809396483935416
2026-03-25 21:37:28.815,0.16213257610797882,-0.08062183111906052,-0.13246625661849976,-0.0008383544627577066,0.0009241045918315649,-0.000776620872784406
2026-03-25 21:37:28.817,0.15908296406269073,-0.08591828495264053,-0.13185228407382965,-0.0011032319162040949,0.0010680274572223425,-0.0009186444221995771
2026-03-25 21:37:28.819,0.16345162689685822,-0.08946637809276581,-0.14083732664585114,-0.0010950480354949832,0.0008471993496641517,-0.000922955630812794
2026-03-25 21:37:28.821,0.15288905799388885,-0.09027579426765442,-0.13442951440811157,-0.0009495948906987906,0.0007179330568760633,-0.0008956113597378135
2026-03-25 21:37:28.823,0.14693672955036163,-0.09478122740983963,-0.1426091194152832,-0.0008249272941611707,0.000868247530888766,-0.0010368037037551403
2026-03-25 21:37:28.825,0.14694558084011078,-0.09676715731620789,-0.1520591676235199,-0.0008000492234714329,0.0007075773901306093,-0.001040898496285081
2026-03-25 21:37:28.827,0.13297218084335327,-0.0987129658460617,-0.14744903147220612,-0.0008185369079001248,0.0006543952040374279,-0.000890758412424475
2026-03-25 21:37:28.828,0.1367500275373459,-0.09478653967380524,-0.15038566291332245,-0.000827024516183883,0.0005069719045422971,-0.000863644469063729
2026-03-25 21:37:28.830,0.1424720585346222,-0.09836097061634064,-0.15560854971408844,-0.0009719805093482137,0.0005379366921260953,-0.0009290858288295567
2026-03-25 21:37:28.832,0.15627676248550415,-0.09698030352592468,-0.1447184979915619,-0.0009736006031744182,0.0008553731022402644,-0.0009151754784397781
2026-03-25 21:37:28.834,0.1478099226951599,-0.08983636647462845,-0.13747245073318481,-0.0007916181348264217,0.0010035305749624968,-0.0008987508481368423
2026-03-25 21:37:28.836,0.15780217945575714,-0.08319169282913208,-0.1369222104549408,-0.0009112312109209597,0.001032243948429823,-0.0009256217745132744
2026-03-25 21:37:28.838,0.15988872945308685,-0.08309897035360336,-0.1319754272699356,-0.0010995729826390743,0.0009105060598812997,-0.0008667092188261449
2026-03-25 21:37:28.840,0.15917851030826569,-0.08335249125957489,-0.12932346761226654,-0.000833011232316494,0.0007980969385243952,-0.0008509858744218946
2026-03-25 21:37:28.842,0.15059004724025726,-0.09192753583192825,-0.1295211911201477,-0.0010445198277011514,0.0009041753364726901,-0.001024341327138245
2026-03-25 21:37:28.844,0.14573203027248383,-0.09050621837377548,-0.13407361507415771,-0.0009421493741683662,0.0009617674513719976,-0.0007878704345785081
2026-03-25 21:37:28.846,0.15382836759090424,-0.09541045874357224,-0.13838954269886017,-0.0008638914441689849,0.0008906594011932611,-0.0008151356596499681
2026-03-25 21:37:28.848,0.15038803219795227,-0.09968169033527374,-0.1442156285047531,-0.0009508116636425257,0.0006152406567707658,-0.0008250432438217103
2026-03-25 21:37:28.850,0.14618030190467834,-0.10211783647537231,-0.151906818151474,-0.0008646853966638446,0.000538452179171145,-0.0008916771621443331
2026-03-25 21:37:28.852,0.145778089761734,-0.09712863713502884,-0.15585270524024963,-0.0007663790020160377,0.0006022682064212859,-0.0009246250265277922
2026-03-25 21:37:28.854,0.13434946537017822,-0.09849962592124939,-0.14704778790473938,-0.0008025531424209476,0.0008457450312562287,-0.0008630657102912664
2026-03-25 21:37:28.856,0.1429121196269989,-0.1025620847940445,-0.1416337490081787,-0.0008510161424055696,0.000989933148957789,-0.0008465895080007613
2026-03-25 21:37:28.858,0.14763398468494415,-0.10165350139141083,-0.14508569240570068,-0.0008472476620227098,0.0008762094657868147,-0.0008283713832497597
2026-03-25 21:37:28.860,0.15151798725128174,-0.09846482425928116,-0.1341859996318817,-0.001006383216008544,0.0010577592765912414,-0.0008457353105768561
2026-03-25 21:37:28.862,0.15426859259605408,-0.09854639321565628,-0.13142330944538116,-0.0007873419090174139,0.0011743440991267562,-0.0007181942346505821
2026-03-25 21:37:28.864,0.16242103278636932,-0.09870877861976624,-0.12591084837913513,-0.0007300746510736644,0.0009281866950914264,-0.0007233810028992593
2026-03-25 21:37:28.866,0.16221821308135986,-0.09577835351228714,-0.13119909167289734,-0.0007269172347150743,0.0009822366992011666,-0.0007142979884520173
2026-03-25 21:37:28.868,0.16541220247745514,-0.10395175963640213,-0.12928785383701324,-0.0009140801848843694,0.0010962982196360826,-0.0007355206762440503
2026-03-25 21:37:28.870,0.15421728789806366,-0.10173428803682327,-0.13421155512332916,-0.000645926280412823,0.0010136778000742197,-0.0007334754918701947
2026-03-25 21:37:28.872,0.15201571583747864,-0.10352946072816849,-0.14477048814296722,-0.0008608126081526279,0.0006844906019978225,-0.0007321261800825596
2026-03-25 21:37:28.874,0.14934737980365753,-0.11338094621896744,-0.1575053632259369,-0.0007640761905349791,0.0008258353336714208,-0.0007224483997561038
2026-03-25 21:37:28.876,0.1416475921869278,-0.1135687381029129,-0.14284992218017578,-0.0006087938090786338,0.0008860790403559804,-0.0007618091767653823
2026-03-25 21:37:28.878,0.13619635999202728,-0.1114640012383461,-0.13882417976856232,-0.0004895488964393735,0.0006389105692505836,-0.000970527995377779
2026-03-25 21:37:28.880,0.14755378663539886,-0.11501134186983109,-0.1428171843290329,-0.0006061098538339138,0.0008254871936514974,-0.0007488627452403307
2026-03-25 21:37:28.882,0.1553160399198532,-0.11913549900054932,-0.13386642932891846,-0.0006612880388274789,0.0008363708620890975,-0.0008391363662667572
2026-03-25 21:37:28.884,0.15451256930828094,-0.11083482205867767,-0.12253107875585556,-0.0005778659833595157,0.0009932277025654912,-0.0008811564766801894
2026-03-25 21:37:28.886,0.15744584798812866,-0.10505303740501404,-0.12254254519939423,-0.0007980146910995245,0.0010132135357707739,-0.0007156254723668098
2026-03-25 21:37:28.888,0.16936305165290833,-0.11144956201314926,-0.1353207379579544,-0.0007673869840800762,0.001191376126371324,-0.0006339716492220759
2026-03-25 21:37:28.890,0.15858586132526398,-0.10750867426395416,-0.12257518619298935,-0.0005931993364356458,0.0011966476449742913,-0.0007836527074687183
2026-03-25 21:37:28.892,0.16938620805740356,-0.11051733791828156,-0.12281572073698044,-0.0005396328051574528,0.00098703196272254,-0.0007347206701524556
2026-03-25 21:37:28.894,0.15442810952663422,-0.10912082344293594,-0.13414669036865234,-0.0005225216737017035,0.0012467686319723725,-0.0007370103849098086
2026-03-25 21:37:28.896,0.14884696900844574,-0.11511089652776718,-0.1354566216468811,-0.0006568659446202219,0.0008983965963125229,-0.0007180817774496973
2026-03-25 21:37:28.898,0.14547386765480042,-0.11769576370716095,-0.13672693073749542,-0.0006403405568562448,0.0007849677349440753,-0.0008259366732090712
2026-03-25 21:37:28.900,0.1429908722639084,-0.11932958662509918,-0.13388670980930328,-0.0005870306631550193,0.000981522025540471,-0.0008800073410384357
2026-03-25 21:37:28.902,0.15106642246246338,-0.12186192721128464,-0.14724098145961761,-0.0006865133182145655,0.0008331441786140203,-0.0007537649944424629
2026-03-25 21:37:28.904,0.14994753897190094,-0.11674490571022034,-0.13143418729305267,-0.0005284480284899473,0.0009857789846137166,-0.0006707374705001712
2026-03-25 21:37:28.906,0.1521773785352707,-0.11659928411245346,-0.13561072945594788,-0.000571994052734226,0.000961087818723172,-0.0006664561224170029
2026-03-25 21:37:28.908,0.15810158848762512,-0.1134522557258606,-0.12995560467243195,-0.000661540194414556,0.0009001364815048873,-0.0007065188838168979
2026-03-25 21:37:28.910,0.15692055225372314,-0.11226275563240051,-0.1382203996181488,-0.0005537144606932998,0.0011243694461882114,-0.0006379817496053874
2026-03-25 21:37:28.912,0.1617233008146286,-0.11082185804843903,-0.12578406929969788,-0.0007134408224374056,0.0009521559695713222,-0.0007142596878111362
2026-03-25 21:37:28.914,0.16047285497188568,-0.1045697033405304,-0.11310834437608719,-0.000804625335149467,0.0011400815565139055,-0.0007221607374958694
2026-03-25 21:37:28.916,0.16703492403030396,-0.10456794500350952,-0.12208519130945206,-0.0006832181825302541,0.001183129963465035,-0.0008016781066544354
2026-03-25 21:37:28.918,0.1586460918188095,-0.10864242911338806,-0.11692719906568527,-0.0007291534566320479,0.0010878638131543994,-0.0005863553378731012
2026-03-25 21:37:28.920,0.15929928421974182,-0.10131184756755829,-0.13227689266204834,-0.0007973838946782053,0.0010241097770631313,-0.0006914229015819728
2026-03-25 21:37:28.923,0.14951665699481964,-0.10738599300384521,-0.1380494385957718,-0.0007637182716280222,0.0010885752271860838,-0.0008922455017454922
2026-03-25 21:37:28.925,0.14494837820529938,-0.11016687005758286,-0.14408476650714874,-0.0004900636267848313,0.000846773968078196,-0.0008056848309934139
2026-03-25 21:37:28.927,0.13679808378219604,-0.11355660855770111,-0.14045655727386475,-0.0006010022480040789,0.0006997166783548892,-0.0007588902954012156
2026-03-25 21:37:28.929,0.14507326483726501,-0.12184660136699677,-0.14261147379875183,-0.0008116499520838261,0.000688219559378922,-0.0008270301623269916
2026-03-25 21:37:28.931,0.1408296376466751,-0.11556489020586014,-0.13171422481536865,-0.000667452928610146,0.0007163804257288575,-0.0009528205846436322
2026-03-25 21:37:28.933,0.15778911113739014,-0.11038631945848465,-0.1411263644695282,-0.0006975801661610603,0.0008403179235756397,-0.0008482951088808477
2026-03-25 21:37:28.935,0.16201001405715942,-0.10128594934940338,-0.1396106779575348,-0.0008415745687671006,0.0009162909118458629,-0.0006402292056009173
2026-03-25 21:37:28.937,0.15485015511512756,-0.09574821591377258,-0.13000290095806122,-0.0008578567067161202,0.0009665015968494117,-0.0007160655804909766
2026-03-25 21:37:28.939,0.15408393740653992,-0.09726033359766006,-0.12047331035137177,-0.0008808221900835633,0.0009960291208699346,-0.0006198677001520991
2026-03-25 21:37:28.941,0.15895472466945648,-0.10376037657260895,-0.12855374813079834,-0.0009474825928919017,0.0010165779385715723,-0.0008679417078383267
2026-03-25 21:37:28.943,0.15781213343143463,-0.10707013309001923,-0.11602029204368591,-0.0008868873119354248,0.0010674040531739593,-0.0008237495785579085
2026-03-25 21:37:28.945,0.16019612550735474,-0.10329727083444595,-0.14247946441173553,-0.0006789689650759101,0.0009532831027172506,-0.0008738967007957399
2026-03-25 21:37:28.947,0.160069078207016,-0.1038355827331543,-0.13704340159893036,-0.0007301743607968092,0.0008321444620378315,-0.0007572050089947879
2026-03-25 21:37:28.949,0.15091681480407715,-0.10206586867570877,-0.1452035754919052,-0.0008446238934993744,0.000826337723992765,-0.0006558840395882726
2026-03-25 21:37:28.951,0.14541961252689362,-0.11081206798553467,-0.14743876457214355,-0.0006529967067763209,0.000628812937065959,-0.000726271711755544
2026-03-25 21:37:28.953,0.14102086424827576,-0.110418401658535,-0.14695937931537628,-0.0008790752035565674,0.0006880087312310934,-0.0008107222965918481
2026-03-25 21:37:28.955,0.13594096899032593,-0.11069735884666443,-0.1501641720533371,-0.0008698148303665221,0.0009432988008484244,-0.0007723767776042223
2026-03-25 21:37:28.957,0.14942188560962677,-0.10730745643377304,-0.13974109292030334,-0.0007678382098674774,0.0007369296508841217,-0.0008447826839983463
2026-03-25 21:37:28.959,0.15086455643177032,-0.10351262986660004,-0.12798236310482025,-0.000569911440834403,0.0008755727903917432,-0.000917706114705652
2026-03-25 21:37:28.961,0.15756453573703766,-0.1031927689909935,-0.1381259709596634,-0.0008062710985541344,0.0009175303275696933,-0.0008373114978894591
2026-03-25 21:37:28.963,0.16275931894779205,-0.09880381077528,-0.12434755265712738,-0.0008454904309473932,0.0009735191706568003,-0.0008263872587122023
2026-03-25 21:37:28.965,0.16219878196716309,-0.09681680798530579,-0.11631713807582855,-0.0009166522650048137,0.0007896233582869172,-0.0008529027691110969
2026-03-25 21:37:28.967,0.16456301510334015,-0.09572717547416687,-0.12563447654247284,-0.0008091329364106059,0.000991219189018011,-0.0007937268237583339
2026-03-25 21:37:28.969,0.16303351521492004,-0.09199128299951553,-0.14269070327281952,-0.0008200005977414548,0.0009287088178098202,-0.0007583456463180482
2026-03-25 21:37:28.971,0.1627318263053894,-0.09869031608104706,-0.13975681364536285,-0.0008426849963143468,0.0008693424169905484,-0.0007310871151275933
2026-03-25 21:37:28.973,0.15213370323181152,-0.10104931890964508,-0.1328306794166565,-0.0006365805747918785,0.000809315184596926,-0.0007298294804058969
2026-03-25 21:37:28.975,0.14305947721004486,-0.10720594972372055,-0.13802209496498108,-0.000671220535878092,0.0006054079858586192,-0.0009232124430127442
2026-03-25 21:37:28.977,0.1393435001373291,-0.11634878814220428,-0.1411585807800293,-0.0007605187129229307,0.0006297199870459735,-0.0007698475965298712
2026-03-25 21:37:28.979,0.13780561089515686,-0.11354009807109833,-0.14147226512432098,-0.0005697595188394189,0.0006463869940489531,-0.0009490338270552456
2026-03-25 21:37:28.981,0.1439046561717987,-0.10495644807815552,-0.1357191950082779,-0.0005996484542265534,0.0008152433438226581,-0.0008611740777269006
2026-03-25 21:37:28.983,0.15111537277698517,-0.11008542776107788,-0.14190523326396942,-0.0008885371498763561,0.0008020150125958025,-0.0009592327987775207
2026-03-25 21:37:28.985,0.15878452360630035,-0.09631340950727463,-0.13822008669376373,-0.0009290189482271671,0.0010309620993211865,-0.0005636997520923615
2026-03-25 21:37:28.987,0.16354264318943024,-0.09563928842544556,-0.13670165836811066,-0.0007085294928401709,0.0010441815247759223,-0.0006094246637076139
2026-03-25 21:37:28.989,0.16217565536499023,-0.0973009467124939,-0.12685628235340118,-0.0008547214092686772,0.001123460242524743,-0.0007172805489972234
2026-03-25 21:37:28.991,0.16153623163700104,-0.09585767984390259,-0.13142378628253937,-0.0008465691935271025,0.0007558988290838897,-0.0009373834473080933
2026-03-25 21:37:28.993,0.1593092530965805,-0.09901571273803711,-0.13581907749176025,-0.0006894471007399261,0.0010300480062142015,-0.0007492564618587494
2026-03-25 21:37:28.995,0.15329359471797943,-0.10311064124107361,-0.1358656883239746,-0.0007938388152979314,0.0010094213066622615,-0.0008668474038131535
2026-03-25 21:37:28.997,0.15068747103214264,-0.10443691909313202,-0.13241933286190033,-0.0007244490552693605,0.0010130126029253006,-0.000823494337964803
2026-03-25 21:37:28.999,0.14916881918907166,-0.10925918072462082,-0.1401233971118927,-0.0008473819470964372,0.0009572107810527086,-0.0007055726018734276
2026-03-25 21:37:29.001,0.14807261526584625,-0.10419128090143204,-0.14226779341697693,-0.0006784670986235142,0.0007899549673311412,-0.0007477090694010258
2026-03-25 21:37:29.003,0.1415678858757019,-0.10803107917308807,-0.15160100162029266,-0.0005700020119547844,0.0007820365717634559,-0.0008160684374161065
2026-03-25 21:37:29.005,0.14221526682376862,-0.11050154268741608,-0.14629139006137848,-0.0007723455200903118,0.0006622340879403055,-0.0009041716111823916
2026-03-25 21:37:29.006,0.1511128693819046,-0.10828255116939545,-0.14265672862529755,-0.0007548844441771507,0.0008135511307045817,-0.0007811560644768178
2026-03-25 21:37:29.008,0.16010314226150513,-0.1039174497127533,-0.1330725997686386,-0.0007749681826680899,0.0007497523329220712,-0.0005231278482824564
2026-03-25 21:37:29.010,0.151419535279274,-0.10287091881036758,-0.13140828907489777,-0.0007733941311016679,0.0010267856996506453,-0.0006740185199305415
2026-03-25 21:37:29.012,0.15480244159698486,-0.10020049661397934,-0.12388648092746735,-0.0009131547412835062,0.0008946078596636653,-0.0006767736631445587
2026-03-25 21:37:29.014,0.16392095386981964,-0.09331786632537842,-0.12764663994312286,-0.0009769765892997384,0.00079918751725927,-0.0007177437073551118
2026-03-25 21:37:29.016,0.15849459171295166,-0.08977396786212921,-0.12157411128282547,-0.0008672254625707865,0.0011415824992582202,-0.0006988279637880623
2026-03-25 21:37:29.018,0.16367949545383453,-0.09667085111141205,-0.13304118812084198,-0.0009794689249247313,0.0009743542177602649,-0.0007812533876858652
2026-03-25 21:37:29.020,0.15431658923625946,-0.09606728702783585,-0.13433045148849487,-0.000807040196377784,0.0010216820519417524,-0.0008437043288722634
2026-03-25 21:37:29.022,0.1545848846435547,-0.10662031918764114,-0.14424508810043335,-0.0008969255140982568,0.0008545537129975855,-0.0008742125937715173
2026-03-25 21:37:29.024,0.1492038071155548,-0.11147355288267136,-0.14485031366348267,-0.0008813455933704972,0.000654465751722455,-0.000767792051192373
2026-03-25 21:37:29.026,0.14842642843723297,-0.11132857203483582,-0.14274488389492035,-0.0007763316389173269,0.0005617502029053867,-0.0008459828677587211
2026-03-25 21:37:29.028,0.14562180638313293,-0.1061987578868866,-0.14898212254047394,-0.0006050262018106878,0.0006590815610252321,-0.0009104273631237447
2026-03-25 21:37:29.030,0.1444021761417389,-0.1094251498579979,-0.1341743767261505,-0.0007410874823108315,0.0005789849674329162,-0.0009667684207670391
2026-03-25 21:37:29.032,0.14650465548038483,-0.10108432918787003,-0.13690631091594696,-0.0005694733117707074,0.0008801650255918503,-0.000783046125434339
2026-03-25 21:37:29.034,0.15408927202224731,-0.10049586743116379,-0.1336994618177414,-0.0008094153017736971,0.0010095456382259727,-0.0009887698106467724
2026-03-25 21:37:29.036,0.15830180048942566,-0.09027255326509476,-0.12340069562196732,-0.0008618970750831068,0.0008623831672593951,-0.0009461073786951602
2026-03-25 21:37:29.038,0.15700851380825043,-0.09591510891914368,-0.12277686595916748,-0.0009560126345604658,0.0009234152967110276,-0.0007228722097352147
2026-03-25 21:37:29.040,0.1582655906677246,-0.10007136315107346,-0.1271902173757553,-0.0011051942128688097,0.0009240563376806676,-0.00069388747215271
2026-03-25 21:37:29.042,0.158497154712677,-0.0980585366487503,-0.13832882046699524,-0.0008634001715108752,0.0009616176830604672,-0.0008962597348727286
2026-03-25 21:37:29.044,0.1511896848678589,-0.09907925873994827,-0.13906265795230865,-0.0007837394368834794,0.0007904432713985443,-0.0006570882978849113
2026-03-25 21:37:29.046,0.1538974940776825,-0.10464625060558319,-0.14235880970954895,-0.0007478133193217218,0.0007200551917776465,-0.0008782826480455697
2026-03-25 21:37:29.048,0.14895962178707123,-0.10320636630058289,-0.1360330581665039,-0.0006375547382049263,0.0006283732946030796,-0.0008474023779854178
2026-03-25 21:37:29.050,0.14784516394138336,-0.10440557450056076,-0.1420857012271881,-0.000641011109109968,0.0007524904794991016,-0.0008303619688376784
2026-03-25 21:37:29.052,0.1466093808412552,-0.10662409663200378,-0.1397821307182312,-0.0006412750808522105,0.0007919492782093585,-0.0008769964333623648
2026-03-25 21:37:29.054,0.1493179202079773,-0.10459079593420029,-0.13842572271823883,-0.0007830771501176059,0.0006502289324998856,-0.0008131060167215765
2026-03-25 21:37:29.056,0.15074636042118073,-0.10021303594112396,-0.15143629908561707,-0.0007157908985391259,0.0007851821137592196,-0.0009508278453722596
2026-03-25 21:37:29.058,0.1532701700925827,-0.10165310651063919,-0.13816358149051666,-0.0007966882549226284,0.0007599745295010507,-0.0005729375989176333
2026-03-25 21:37:29.060,0.15993745625019073,-0.10454928129911423,-0.13226574659347534,-0.0008396969642490149,0.0007404896896332502,-0.0007070684805512428
2026-03-25 21:37:29.062,0.15284469723701477,-0.09854178130626678,-0.12388288974761963,-0.0008502371492795646,0.0009018510463647544,-0.000739961164072156
2026-03-25 21:37:29.064,0.16369254887104034,-0.10145813971757889,-0.13427989184856415,-0.0007409590180031955,0.0007886071689426899,-0.0007198589737527072
2026-03-25 21:37:29.066,0.16208119690418243,-0.10524829477071762,-0.130774587392807,-0.0008397691999562085,0.0009515525889582932,-0.0008972120122052729
2026-03-25 21:37:29.068,0.15951868891716003,-0.10012157261371613,-0.1284567415714264,-0.0007696080720052123,0.0008854237385094166,-0.0008388005662709475
2026-03-25 21:37:29.070,0.1556222140789032,-0.1036648154258728,-0.13608236610889435,-0.0008479746174998581,0.0009444751194678247,-0.0007582085090689361
2026-03-25 21:37:29.072,0.16012440621852875,-0.1064874678850174,-0.1383684277534485,-0.0006698978249914944,0.0009536170982755721,-0.0008775729802437127
2026-03-25 21:37:29.074,0.15545125305652618,-0.10383682698011398,-0.139382004737854,-0.0006455531693063676,0.0007375338464044034,-0.000770020647905767
2026-03-25 21:37:29.076,0.13958704471588135,-0.11191222071647644,-0.14538700878620148,-0.0006778267561458051,0.0009068562649190426,-0.0008319810731336474
2026-03-25 21:37:29.078,0.14683648943901062,-0.11212699115276337,-0.13974855840206146,-0.0005975408130325377,0.000929945264942944,-0.0007532060262747109
2026-03-25 21:37:29.080,0.14958244562149048,-0.11305882781744003,-0.13839486241340637,-0.000665420142468065,0.0008050454780459404,-0.0006235621985979378
2026-03-25 21:37:29.082,0.14769545197486877,-0.11205127835273743,-0.1378689855337143,-0.000511864956934005,0.0008734532166272402,-0.000730364175979048
2026-03-25 21:37:29.084,0.15367324650287628,-0.10747045278549194,-0.138851135969162,-0.0007277866243384778,0.0009900998556986451,-0.0006621366483159363
2026-03-25 21:37:29.086,0.1561271697282791,-0.11116237193346024,-0.129190132021904,-0.0008001322275958955,0.0010310924844816327,-0.0007347186910919845
2026-03-25 21:37:29.088,0.16670691967010498,-0.095892034471035,-0.12806469202041626,-0.0005479635437950492,0.001013582106679678,-0.0005507349269464612
2026-03-25 21:37:29.090,0.16725902259349823,-0.10249660164117813,-0.1325918287038803,-0.0006554371793754399,0.0010304149473086,-0.0008481052936986089
2026-03-25 21:37:29.093,0.1535455733537674,-0.11581827700138092,-0.13912126421928406,-0.0008472730405628681,0.0009753978229127824,-0.0007097613415680826
2026-03-25 21:37:29.095,0.15149137377738953,-0.11199238896369934,-0.128905788064003,-0.0006167147075757384,0.0009410749189555645,-0.0009218273335136473
2026-03-25 21:37:29.097,0.15225034952163696,-0.11971603333950043,-0.13098445534706116,-0.000672894180752337,0.0009251547744497657,-0.0006497778813354671
2026-03-25 21:37:29.099,0.15199854969978333,-0.11795485764741898,-0.13896434009075165,-0.0006101964972913265,0.000817235850263387,-0.0006989004905335605
2026-03-25 21:37:29.101,0.14527451992034912,-0.10912487655878067,-0.13792133331298828,-0.0005528284818865359,0.000899484206456691,-0.0007327332277782261
2026-03-25 21:37:29.103,0.15809983015060425,-0.11293774843215942,-0.13631698489189148,-0.000676973257213831,0.0010891561396420002,-0.000730743573512882
2026-03-25 21:37:29.105,0.15285728871822357,-0.11066395789384842,-0.1316278725862503,-0.0005641088937409222,0.0009247891721315682,-0.0005833701579831541
2026-03-25 21:37:29.107,0.15466521680355072,-0.11165043711662292,-0.1269291490316391,-0.0007224839646369219,0.0008488970343023539,-0.0006977473385632038
2026-03-25 21:37:29.109,0.15782488882541656,-0.11659024655818939,-0.12919282913208008,-0.0007197165978141129,0.0007855985313653946,-0.0006667375564575195
2026-03-25 21:37:29.111,0.16245681047439575,-0.11316744238138199,-0.13968224823474884,-0.0005778968916274607,0.0009092660038731992,-0.0006312485784292221
2026-03-25 21:37:29.113,0.15005764365196228,-0.11054320633411407,-0.13281913101673126,-0.0006724752602167428,0.0010266981553286314,-0.0005552585935220122
2026-03-25 21:37:29.115,0.1616295725107193,-0.10348913818597794,-0.13006246089935303,-0.0007038236362859607,0.0010011253179982305,-0.0007501418003812432
2026-03-25 21:37:29.117,0.16037309169769287,-0.10619895905256271,-0.13644355535507202,-0.0007676773238927126,0.0010374764678999782,-0.0007726934854872525
2026-03-25 21:37:29.119,0.1566179245710373,-0.10401146858930588,-0.13081827759742737,-0.0008722587372176349,0.0011661454336717725,-0.0007697741384617984
2026-03-25 21:37:29.121,0.15661875903606415,-0.10188053548336029,-0.14354336261749268,-0.0006945026107132435,0.0009600502089597285,-0.0007309694774448872
2026-03-25 21:37:29.123,0.15202221274375916,-0.10323229432106018,-0.14741916954517365,-0.0007029577973298728,0.0007753069512546062,-0.0007664530421607196
2026-03-25 21:37:29.125,0.14707131683826447,-0.10890697687864304,-0.14646555483341217,-0.0007414905121549964,0.0007437847089022398,-0.0007142432732507586
2026-03-25 21:37:29.129,0.14977332949638367,-0.11414966732263565,-0.138936385512352,-0.0006247637793421745,0.0007867374806664884,-0.0009239464998245239
2026-03-25 21:37:29.131,0.15355758368968964,-0.11606406420469284,-0.14823544025421143,-0.0004964302061125636,0.0007155442726798356,-0.000841379223857075
2026-03-25 21:37:29.135,0.15860728919506073,-0.10158233344554901,-0.13508635759353638,-0.0006092633702792227,0.0009467297932133079,-0.000718983355909586
2026-03-25 21:37:29.137,0.15549781918525696,-0.103542260825634,-0.13935478031635284,-0.000857735110912472,0.0010329539654776454,-0.0009239183273166418
2026-03-25 21:37:29.139,0.15312698483467102,-0.09893954545259476,-0.1263469010591507,-0.0007859752513468266,0.0009676170884631574,-0.0008917316445149481
2026-03-25 21:37:29.141,0.15773175656795502,-0.1000131368637085,-0.13850122690200806,-0.0008654160192236304,0.0009701052331365645,-0.0008043784182518721
2026-03-25 21:37:29.143,0.1617978811264038,-0.10399133712053299,-0.1383322775363922,-0.0010173472110182047,0.000827078300062567,-0.0008328719413839281
2026-03-25 21:37:29.147,0.15704508125782013,-0.09899931401014328,-0.13832692801952362,-0.0008111524512059987,0.0008592945523560047,-0.0009533180273137987
2026-03-25 21:37:29.149,0.1573699563741684,-0.10421706736087799,-0.1421530544757843,-0.0006993224960751832,0.0008434558985754848,-0.0007239613914862275
2026-03-25 21:37:29.153,0.14406749606132507,-0.10219188779592514,-0.1466139405965805,-0.0007019686745479703,0.0008188106585294008,-0.0009488508221693337
2026-03-25 21:37:29.155,0.1555500328540802,-0.10359711199998856,-0.1559811383485794,-0.0007833240088075399,0.0006973916315473616,-0.0008512031636200845
2026-03-25 21:37:29.159,0.14439746737480164,-0.09895320981740952,-0.14129483699798584,-0.0008626843919046223,0.0009062495082616806,-0.0009746116702444851
2026-03-25 21:37:29.163,0.15860281884670258,-0.09646202623844147,-0.1365136206150055,-0.0009115158463828266,0.0009200280765071511,-0.0008160453871823847
2026-03-25 21:37:29.165,0.15840010344982147,-0.09786691516637802,-0.12248212844133377,-0.0009882403537631035,0.0008456335053779185,-0.0008790743886493146
2026-03-25 21:37:29.169,0.16575907170772552,-0.09047192335128784,-0.13908788561820984,-0.0007090020226314664,0.0007746756309643388,-0.0008820055518299341
2026-03-25 21:37:29.171,0.15564315021038055,-0.0971754640340805,-0.13675500452518463,-0.0009509204537607729,0.00078556191874668,-0.0008045335998758674
2026-03-25 21:37:29.175,0.14002546668052673,-0.09756529331207275,-0.1475701928138733,-0.0008026321302168071,0.0008624695474281907,-0.0008368514245375991
2026-03-25 21:37:29.177,0.1444242298603058,-0.10549630969762802,-0.144659161567688,-0.0007496867910958827,0.0007926373509690166,-0.0008398540667258203
2026-03-25 21:37:29.179,0.14406216144561768,-0.10818552225828171,-0.14742659032344818,-0.0007275246898643672,0.0007593000191263855,-0.0008307783864438534
2026-03-25 21:37:29.181,0.14648763835430145,-0.10504494607448578,-0.14712266623973846,-0.0007133937324397266,0.0009675486362539232,-0.0009914364200085402
2026-03-25 21:37:29.183,0.14299696683883667,-0.09772170335054398,-0.13514940440654755,-0.0008601173176430166,0.0006540811737067997,-0.0008406226988881826
2026-03-25 21:37:29.185,0.1547539383172989,-0.09315463900566101,-0.12894034385681152,-0.0009712572791613638,0.0007809391827322543,-0.0006863419548608363
2026-03-25 21:37:29.187,0.16574311256408691,-0.09059451520442963,-0.1289820671081543,-0.0009064935147762299,0.0007646807353012264,-0.0007740369183011353
2026-03-25 21:37:29.189,0.16677775979042053,-0.09900050610303879,-0.12086578458547592,-0.0008565092575736344,0.0009742073016241193,-0.0006397532997652888
2026-03-25 21:37:29.191,0.16670513153076172,-0.10161032527685165,-0.1280490756034851,-0.000998568837530911,0.0010930293938145041,-0.0007270686328411102
2026-03-25 21:37:29.193,0.1629350632429123,-0.09290112555027008,-0.13609205186367035,-0.0009754598140716553,0.0008919485262595117,-0.0007410758989863098
2026-03-25 21:37:29.195,0.15821166336536407,-0.09570033103227615,-0.14057497680187225,-0.000793597602751106,0.000722565921023488,-0.0010059453779831529
2026-03-25 21:37:29.197,0.1482190489768982,-0.10377968102693558,-0.1361251026391983,-0.0008514192886650562,0.0006825681775808334,-0.0009024030878208578
2026-03-25 21:37:29.199,0.14180105924606323,-0.10780034959316254,-0.14883770048618317,-0.0007746217888779938,0.0007025342201814055,-0.0008677095756866038
2026-03-25 21:37:29.201,0.1523514688014984,-0.11289948225021362,-0.13783644139766693,-0.0008090334013104439,0.0008134035742841661,-0.0009141329792328179
2026-03-25 21:37:29.203,0.14928755164146423,-0.1108342856168747,-0.14937816560268402,-0.0008196673588827252,0.0007088997517712414,-0.0008153432281687856
2026-03-25 21:37:29.205,0.15686804056167603,-0.11185082793235779,-0.1437797248363495,-0.0006183864315971732,0.0009378872928209603,-0.0007764648180454969
2026-03-25 21:37:29.207,0.1483197957277298,-0.11030284315347672,-0.12646929919719696,-0.0007063475786708295,0.0008259243331849575,-0.0008519532275386155
2026-03-25 21:37:29.209,0.1594981849193573,-0.1043771281838417,-0.13274818658828735,-0.0007779988227412105,0.0010700710117816925,-0.0009265777771361172
2026-03-25 21:37:29.211,0.15599530935287476,-0.10478951036930084,-0.12514957785606384,-0.0009309834567829967,0.0008355362224392593,-0.0007013590657152236
2026-03-25 21:37:29.213,0.16101282835006714,-0.09948822110891342,-0.12614913284778595,-0.0007485640235245228,0.0010859122266992927,-0.0009228926501236856
2026-03-25 21:37:29.215,0.15946274995803833,-0.10516688972711563,-0.12745678424835205,-0.0009012861410155892,0.0009940293384715915,-0.0008063376881182194
2026-03-25 21:37:29.217,0.16376957297325134,-0.10784421116113663,-0.12127867341041565,-0.0007776135462336242,0.001078092842362821,-0.0007819559541530907
2026-03-25 21:37:29.219,0.15268275141716003,-0.1137818768620491,-0.12328216433525085,-0.0009726579301059246,0.001065736636519432,-0.000813242222648114
2026-03-25 21:37:29.221,0.15831856429576874,-0.11065704375505447,-0.13519395887851715,-0.0008008988224901259,0.0010321263689547777,-0.0006343706627376378
2026-03-25 21:37:29.223,0.15743926167488098,-0.10957816243171692,-0.1458730399608612,-0.0007109866128303111,0.0009784471476450562,-0.0006035533151589334
2026-03-25 21:37:29.225,0.14691728353500366,-0.1159534603357315,-0.14173051714897156,-0.00046524161007255316,0.0007145549170672894,-0.0006782509153708816
2026-03-25 21:37:29.227,0.1533883810043335,-0.11665891110897064,-0.14279238879680634,-0.0006073038093745708,0.0008544356096535921,-0.0006763488054275513
2026-03-25 21:37:29.229,0.14770002663135529,-0.11934743076562881,-0.14739668369293213,-0.0006483487086370587,0.0007745331968180835,-0.0006035860278643668
2026-03-25 21:37:29.231,0.15546369552612305,-0.11813001334667206,-0.14636364579200745,-0.0007513605523854494,0.000838195497635752,-0.0006290062447078526
2026-03-25 21:37:29.233,0.15468165278434753,-0.11224464327096939,-0.13378295302391052,-0.0005878430674783885,0.0008537458488717675,-0.0005468149902299047
2026-03-25 21:37:29.235,0.15680305659770966,-0.11596795916557312,-0.12830086052417755,-0.0007108371937647462,0.0010349191725254059,-0.0008720054756850004
2026-03-25 21:37:29.237,0.16622257232666016,-0.1135963574051857,-0.12051407247781754,-0.0009949689265340567,0.0009865015745162964,-0.0008026886498555541
2026-03-25 21:37:29.239,0.15789766609668732,-0.10854248702526093,-0.12926451861858368,-0.00101247220300138,0.000990360975265503,-0.0006081993924453855
2026-03-25 21:37:29.241,0.17517487704753876,-0.11709576845169067,-0.12579624354839325,-0.0007995688356459141,0.00110443530138582,-0.0007299268618226051
2026-03-25 21:37:29.243,0.1609061062335968,-0.10900534689426422,-0.11761155724525452,-0.0007274198578670621,0.0011011521564796567,-0.0006772479391656816
2026-03-25 21:37:29.245,0.16860873997211456,-0.11646217107772827,-0.1340947300195694,-0.0006893850513733923,0.000978373340331018,-0.0006294581107795238
2026-03-25 21:37:29.247,0.16073811054229736,-0.11201798170804977,-0.1415485292673111,-0.0006347828893922269,0.0008696183795109391,-0.0005694592255167663
2026-03-25 21:37:29.249,0.1529078632593155,-0.1198238953948021,-0.137926384806633,-0.0007995409541763365,0.0007790682138875127,-0.000626832596026361
2026-03-25 21:37:29.251,0.1504451334476471,-0.11806070059537888,-0.14500153064727783,-0.0006211544387042522,0.0008232831605710089,-0.0006736921495757997
2026-03-25 21:37:29.253,0.1472475528717041,-0.12188328802585602,-0.1463451087474823,-0.0005611426313407719,0.0007144371047616005,-0.0009079636656679213
2026-03-25 21:37:29.255,0.14579395949840546,-0.11155503988265991,-0.13855212926864624,-0.00044474253081716597,0.0007803536718711257,-0.0006093895644880831
2026-03-25 21:37:29.257,0.15029758214950562,-0.11619634926319122,-0.13859055936336517,-0.0005480927065946162,0.0008400337537750602,-0.0008650491945445538
2026-03-25 21:37:29.259,0.1606324315071106,-0.11375920474529266,-0.12867224216461182,-0.0007387287332676351,0.0010913315927609801,-0.0007954253233037889
2026-03-25 21:37:29.261,0.15635143220424652,-0.1066746786236763,-0.12454355508089066,-0.0008240018505603075,0.0009441290167160332,-0.0006298895459622145
2026-03-25 21:37:29.263,0.1647319346666336,-0.10066020488739014,-0.12559659779071808,-0.000798907014541328,0.0011689813109114766,-0.0008854084881022573
2026-03-25 21:37:29.265,0.16124974191188812,-0.1019626185297966,-0.12513954937458038,-0.0007284768507815897,0.0010570137528702617,-0.0009272501338273287
2026-03-25 21:37:29.267,0.15612956881523132,-0.10122067481279373,-0.12667310237884521,-0.0008957160753197968,0.0009224021923728287,-0.000826237490400672
2026-03-25 21:37:29.269,0.15986447036266327,-0.10427310317754745,-0.1363966315984726,-0.0009181274217553437,0.0010858436580747366,-0.0007604582933709025
2026-03-25 21:37:29.271,0.1516992151737213,-0.10350072383880615,-0.13233396410942078,-0.0008313047583214939,0.0008066770969890058,-0.0008449832675978541
2026-03-25 21:37:29.273,0.1605151891708374,-0.11246288567781448,-0.14728963375091553,-0.0005900755641050637,0.0011058410163968801,-0.0009090007515624166
2026-03-25 21:37:29.275,0.13463838398456573,-0.10699611902236938,-0.13841189444065094,-0.0005777096375823021,0.00048600262380205095,-0.0008166320621967316
2026-03-25 21:37:29.277,0.15440724790096283,-0.11364688724279404,-0.1513119637966156,-0.0007568513974547386,0.0007093421299941838,-0.0007377346628345549
2026-03-25 21:37:29.279,0.14256462454795837,-0.10607336461544037,-0.15481483936309814,-0.0005448342417366803,0.0006856698310002685,-0.0007855208241380751
2026-03-25 21:37:29.281,0.1406269371509552,-0.10713176429271698,-0.1272384375333786,-0.0007680408307351172,0.0005677393055520952,-0.0009880485013127327
2026-03-25 21:37:29.283,0.15942876040935516,-0.11017034202814102,-0.1385302096605301,-0.0009079523151740432,0.0007857938180677593,-0.0009240419021807611
2026-03-25 21:37:29.285,0.15769559144973755,-0.0942629724740982,-0.1353873908519745,-0.0008403799147345126,0.0008086069137789309,-0.0009238181519322097
2026-03-25 21:37:29.287,0.1634906679391861,-0.09907860308885574,-0.1318194419145584,-0.0008792313165031374,0.001027105376124382,-0.0008573226514272392
2026-03-25 21:37:29.289,0.1741429567337036,-0.10030773282051086,-0.13074985146522522,-0.0008271794649772346,0.0009848918998613954,-0.0008023155969567597
2026-03-25 21:37:29.291,0.16326095163822174,-0.09250365942716599,-0.13513246178627014,-0.000921908242162317,0.0009816979290917516,-0.0006991738337092102
2026-03-25 21:37:29.293,0.15861228108406067,-0.09264793992042542,-0.1301625669002533,-0.0006883578607812524,0.0009186264360323548,-0.0009891545632854104
2026-03-25 21:37:29.295,0.1525295525789261,-0.09396340698003769,-0.13567304611206055,-0.0006791360792703927,0.0011350263375788927,-0.0007157346117310226
2026-03-25 21:37:29.297,0.13824279606342316,-0.09832027554512024,-0.13597573339939117,-0.0008651762618683279,0.0006366875022649765,-0.000675082323141396
2026-03-25 21:37:29.299,0.13956834375858307,-0.10174725204706192,-0.15335281193256378,-0.0006485370104201138,0.0006890048389323056,-0.000913546304218471
2026-03-25 21:37:29.301,0.14617933332920074,-0.10677637159824371,-0.13984668254852295,-0.000555584323592484,0.0008640200830996037,-0.0008848642464727163
2026-03-25 21:37:29.303,0.1546628177165985,-0.10729914158582687,-0.15132266283035278,-0.0006362979765981436,0.0005230683018453419,-0.0008250410319305956
2026-03-25 21:37:29.305,0.14509017765522003,-0.10089515894651413,-0.12809497117996216,-0.000545801012776792,0.000679175544064492,-0.0009973181877285242
2026-03-25 21:37:29.307,0.15598273277282715,-0.09254278242588043,-0.13802562654018402,-0.0007420482579618692,0.000915967917535454,-0.0008802656084299088
2026-03-25 21:37:29.309,0.1560332477092743,-0.08758284151554108,-0.13204655051231384,-0.0007832092815078795,0.0009016662370413542,-0.0008275764412246644
2026-03-25 21:37:29.311,0.15904121100902557,-0.08676642924547195,-0.14238327741622925,-0.0007196374353952706,0.0010301171569153666,-0.0006692225579172373
2026-03-25 21:37:29.313,0.15536949038505554,-0.09317078441381454,-0.13601770997047424,-0.0010164566338062286,0.000733572116587311,-0.0007075951434671879
2026-03-25 21:37:29.315,0.15766167640686035,-0.09554729610681534,-0.1310255229473114,-0.0007728570490144193,0.0010101816151291132,-0.0008858201908878982
2026-03-25 21:37:29.317,0.15336671471595764,-0.10381112992763519,-0.13912002742290497,-0.0008274069405160844,0.0009979915339499712,-0.0009415410459041595
2026-03-25 21:37:29.319,0.1506722867488861,-0.10307544469833374,-0.1420225203037262,-0.0008044235873967409,0.0009087753132916987,-0.0007617373485118151
2026-03-25 21:37:29.321,0.15285563468933105,-0.10327484458684921,-0.1423814743757248,-0.000703686848282814,0.0009823940927162766,-0.0008800131035968661
2026-03-25 21:37:29.323,0.1370071917772293,-0.10591938346624374,-0.1293833702802658,-0.001067102188244462,0.0007838461315259337,-0.0006654806202277541
2026-03-25 21:37:29.325,0.15611526370048523,-0.10464812815189362,-0.1446523368358612,-0.0006998350145295262,0.0008695328142493963,-0.0007806213689036667
2026-03-25 21:37:29.327,0.14710472524166107,-0.09759461134672165,-0.13920356333255768,-0.0006656741607002914,0.000617193931248039,-0.0007913535227999091
2026-03-25 21:37:29.329,0.15606343746185303,-0.10068356245756149,-0.14550605416297913,-0.0006282264948822558,0.0008967593312263489,-0.0007785423658788204
2026-03-25 21:37:29.331,0.1602230966091156,-0.10310593992471695,-0.14511330425739288,-0.0006689770962111652,0.0007285968749783933,-0.0009078568546101451
2026-03-25 21:37:29.333,0.151899516582489,-0.09975624829530716,-0.14575326442718506,-0.0009193792939186096,0.0007792680989950895,-0.0007077815243974328
2026-03-25 21:37:29.335,0.15398941934108734,-0.10418016463518143,-0.13631698489189148,-0.0009733428014442325,0.0009692038875073195,-0.0008220047457143664
2026-03-25 21:37:29.337,0.15196263790130615,-0.10154113173484802,-0.13725702464580536,-0.0009078203584067523,0.000791334779933095,-0.0007307152263820171
2026-03-25 21:37:29.339,0.15441842377185822,-0.10331825911998749,-0.1318703591823578,-0.0009234161116182804,0.0010654061334207654,-0.0007774122641421854
2026-03-25 21:37:29.341,0.15914547443389893,-0.10677505284547806,-0.12079563736915588,-0.0008536474197171628,0.0009702814859338105,-0.0008442692924290895
2026-03-25 21:37:29.343,0.1558784395456314,-0.10384692996740341,-0.1308809369802475,-0.0008850955055095255,0.0009600701741874218,-0.0008800284122116864
2026-03-25 21:37:29.345,0.15590742230415344,-0.10387232154607773,-0.12966233491897583,-0.0007557534845545888,0.0009158867760561407,-0.0008659507730044425
2026-03-25 21:37:29.347,0.15258264541625977,-0.10383686423301697,-0.1396161913871765,-0.0006713661714456975,0.0010317041305825114,-0.0007931496948003769
2026-03-25 21:37:29.349,0.15780842304229736,-0.10314682126045227,-0.14371243119239807,-0.0008957881946116686,0.0007677411194890738,-0.0008054411155171692
2026-03-25 21:37:29.351,0.15249720215797424,-0.1042344868183136,-0.13641586899757385,-0.0007056773756630719,0.0007404146599583328,-0.0008000158122740686
2026-03-25 21:37:29.353,0.15243853628635406,-0.10570094734430313,-0.1402919739484787,-0.0006350753246806562,0.0007190955802798271,-0.0006671976880170405
2026-03-25 21:37:29.355,0.1583442986011505,-0.10957235097885132,-0.14383268356323242,-0.000637874414678663,0.0006644339300692081,-0.0008154946845024824
2026-03-25 21:37:29.357,0.15560773015022278,-0.11424273252487183,-0.14614062011241913,-0.0007338528521358967,0.0007297382107935846,-0.0006565092480741441
2026-03-25 21:37:29.359,0.15211400389671326,-0.11384357511997223,-0.13817371428012848,-0.0007810434326529503,0.0008482910343445837,-0.0008388544083572924
2026-03-25 21:37:29.361,0.14984716475009918,-0.11044395714998245,-0.14062875509262085,-0.0008569399360567331,0.0007850797264836729,-0.0008154351380653679
2026-03-25 21:37:29.363,0.1483624428510666,-0.10019009560346603,-0.13950788974761963,-0.0006188632687553763,0.00077847606735304,-0.0006792526110075414
2026-03-25 21:37:29.365,0.15671466290950775,-0.1047842726111412,-0.13381682336330414,-0.0008080936968326569,0.0011777130421251059,-0.0008258280577138066
2026-03-25 21:37:29.367,0.1628301441669464,-0.10366426408290863,-0.12602832913398743,-0.0006618232582695782,0.0008538818219676614,-0.0007418200839310884
2026-03-25 21:37:29.369,0.16850247979164124,-0.10522765666246414,-0.12440051138401031,-0.0007344227051362395,0.001035106834024191,-0.0008821054361760616
2026-03-25 21:37:29.371,0.16071613132953644,-0.09630586951971054,-0.1310725063085556,-0.0007860795012675226,0.0008474792120978236,-0.0009301743702962995
2026-03-25 21:37:29.374,0.15774452686309814,-0.09966721385717392,-0.14552566409111023,-0.0006916116690263152,0.0009452907834202051,-0.0006212678272277117
2026-03-25 21:37:29.376,0.15019777417182922,-0.10813332349061966,-0.15732984244823456,-0.0008326771203428507,0.0008715721778571606,-0.0007014705915935338
2026-03-25 21:37:29.378,0.14635801315307617,-0.11179699748754501,-0.1398748755455017,-0.00042251538252457976,0.0006842258735559881,-0.0009389733895659447
2026-03-25 21:37:29.380,0.1414683610200882,-0.11790480464696884,-0.14343148469924927,-0.0005946978344582021,0.0007558623910881579,-0.0007321345037780702
2026-03-25 21:37:29.382,0.14009808003902435,-0.11535757780075073,-0.14183409512043,-0.0006857173284515738,0.0008747862302698195,-0.0007417435990646482
2026-03-25 21:37:29.384,0.15719614923000336,-0.10900093615055084,-0.131907120347023,-0.0005309056141413748,0.0008695920114405453,-0.0008658145670779049
2026-03-25 21:37:29.386,0.15307043492794037,-0.10626430064439774,-0.12755808234214783,-0.0007435636944137514,0.0009140718611888587,-0.0006896837148815393
2026-03-25 21:37:29.388,0.16387921571731567,-0.10513246804475784,-0.1234445869922638,-0.0008841801900416613,0.0009958789451047778,-0.0006809543119743466
2026-03-25 21:37:29.390,0.16726265847682953,-0.09933602809906006,-0.12980709969997406,-0.000817477994132787,0.0011882469989359379,-0.0007618143572472036
2026-03-25 21:37:29.392,0.16661539673805237,-0.1047540158033371,-0.12287446111440659,-0.0009169394616037607,0.001038204412907362,-0.000745943165384233
2026-03-25 21:37:29.394,0.16846874356269836,-0.10084212571382523,-0.1381785273551941,-0.000927808228880167,0.001132441102527082,-0.0007648941827937961
2026-03-25 21:37:29.396,0.14941862225532532,-0.10120699554681778,-0.13123144209384918,-0.000839992833789438,0.001001787488348782,-0.0006413766532205045
2026-03-25 21:37:29.398,0.14649392664432526,-0.10975107550621033,-0.14133428037166595,-0.0005771517753601074,0.00097988813649863,-0.0009671846637502313
2026-03-25 21:37:29.400,0.13851197063922882,-0.11212094873189926,-0.13783115148544312,-0.0006483061006292701,0.0007302439771592617,-0.0008918784442357719
2026-03-25 21:37:29.402,0.14678391814231873,-0.11303036659955978,-0.15276911854743958,-0.0006637928308919072,0.0007448070682585239,-0.0008421323145739734
2026-03-25 21:37:29.404,0.15449203550815582,-0.11559166759252548,-0.14832361042499542,-0.0007618257659487426,0.0007877883617766201,-0.0006716824718751013
2026-03-25 21:37:29.406,0.14541418850421906,-0.10859798640012741,-0.13759082555770874,-0.0006587465759366751,0.0008467404986731708,-0.0007016185554675758
2026-03-25 21:37:29.408,0.15340952575206757,-0.10319463908672333,-0.13594147562980652,-0.0006552740815095603,0.0008237657020799816,-0.0007278213161043823
2026-03-25 21:37:29.410,0.15356914699077606,-0.10424040257930756,-0.1329142302274704,-0.0008142592268995941,0.0008282501366920769,-0.0005045123398303986
2026-03-25 21:37:29.412,0.1600116640329361,-0.10507502406835556,-0.1313234120607376,-0.000569122435990721,0.0009040677105076611,-0.0006661815568804741
2026-03-25 21:37:29.414,0.15818476676940918,-0.1018303707242012,-0.12576113641262054,-0.0006201809155754745,0.0010488892439752817,-0.0009250498842447996
2026-03-25 21:37:29.416,0.16450855135917664,-0.10060775279998779,-0.1288929432630539,-0.0007628650637343526,0.00117341463919729,-0.0007121677626855671
2026-03-25 21:37:29.418,0.16160988807678223,-0.09203355759382248,-0.1330249309539795,-0.0006575003499165177,0.0010366789065301418,-0.0007423200877383351
2026-03-25 21:37:29.420,0.16486136615276337,-0.10062038153409958,-0.13099071383476257,-0.0007231438648886979,0.001025283127091825,-0.0007177181541919708
2026-03-25 21:37:29.422,0.1518443375825882,-0.11021234840154648,-0.13777604699134827,-0.0008945061708800495,0.0007885979721322656,-0.0005369674181565642
2026-03-25 21:37:29.424,0.15683183073997498,-0.10965222120285034,-0.14131949841976166,-0.0005555378156714141,0.000829660682938993,-0.0008311209385283291
2026-03-25 21:37:29.426,0.14136093854904175,-0.11350363492965698,-0.13250046968460083,-0.0007451717392541468,0.0005987777258269489,-0.0007438579341396689
2026-03-25 21:37:29.428,0.1538318544626236,-0.11234762519598007,-0.1404622346162796,-0.0006837336113676429,0.000767284247558564,-0.0007721420843154192
2026-03-25 21:37:29.430,0.15251339972019196,-0.11648837476968765,-0.13554531335830688,-0.0009307469008490443,0.0006070990348234773,-0.0008454265189357102
2026-03-25 21:37:29.432,0.15418629348278046,-0.11220812797546387,-0.13710559904575348,-0.000931164191570133,0.0010106244590133429,-0.0009165348601527512
2026-03-25 21:37:29.434,0.15379959344863892,-0.10265618562698364,-0.13496045768260956,-0.0006049409275874496,0.000876103644259274,-0.0006646427791565657
2026-03-25 21:37:29.436,0.1606544554233551,-0.10160591453313828,-0.1404782384634018,-0.0006536122527904809,0.0010285244788974524,-0.0005991248763166368
2026-03-25 21:37:29.438,0.15377739071846008,-0.10103432834148407,-0.12434572726488113,-0.0007667748723179102,0.0009525559726171196,-0.0008436681819148362
2026-03-25 21:37:29.440,0.158037006855011,-0.09600416570901871,-0.13047823309898376,-0.0009364894940517843,0.0008317337487824261,-0.0008649791707284749
2026-03-25 21:37:29.442,0.16119882464408875,-0.09999389946460724,-0.13773012161254883,-0.0006484389305114746,0.0011199194705113769,-0.0008232563268393278
2026-03-25 21:37:29.444,0.15728433430194855,-0.10456100851297379,-0.12773144245147705,-0.000877209531608969,0.0008428625878877938,-0.0005238399608060718
2026-03-25 21:37:29.446,0.15903609991073608,-0.11373770236968994,-0.13725361227989197,-0.0005875799688510597,0.0008825830882415175,-0.0007802167674526572
2026-03-25 21:37:29.448,0.14681114256381989,-0.10841578990221024,-0.1333397775888443,-0.0006923819310031831,0.0007650883635506034,-0.0007304005557671189
2026-03-25 21:37:29.450,0.14972279965877533,-0.10473116487264633,-0.14913047850131989,-0.0005441167159006,0.0007955078035593033,-0.0007780541200190783
2026-03-25 21:37:29.452,0.147285595536232,-0.10328070819377899,-0.13629558682441711,-0.0008762230281718075,0.0009349004249088466,-0.0006975718424655497
2026-03-25 21:37:29.454,0.150692418217659,-0.10933863371610641,-0.14194054901599884,-0.0008721592603251338,0.0009294087067246437,-0.0009117196314036846
2026-03-25 21:37:29.456,0.15303254127502441,-0.10188541561365128,-0.13391494750976562,-0.000713471497874707,0.000604061468038708,-0.0008041450055316091
2026-03-25 21:37:29.458,0.15357066690921783,-0.10687291622161865,-0.14086823165416718,-0.0007505693938583136,0.0009002733277156949,-0.0008404594846069813
2026-03-25 21:37:29.460,0.15584306418895721,-0.10385704785585403,-0.13949595391750336,-0.0008601212757639587,0.0006617211038246751,-0.0006867357296869159
2026-03-25 21:37:29.462,0.14985443651676178,-0.10331650078296661,-0.12627024948596954,-0.0008053829660639167,0.0008602914167568088,-0.0008794092573225498
2026-03-25 21:37:29.464,0.15753336250782013,-0.1008952185511589,-0.1367429494857788,-0.0007137024076655507,0.0009327201405540109,-0.0008340170606970787
2026-03-25 21:37:29.466,0.15530169010162354,-0.1014278307557106,-0.13033320009708405,-0.0008734417497180402,0.0009695965563878417,-0.0009005764150060713
2026-03-25 21:37:29.469,0.16479429602622986,-0.10312938690185547,-0.1380273848772049,-0.0009872771333903074,0.0009330880711786449,-0.0005789767601527274
2026-03-25 21:37:29.471,0.15416373312473297,-0.10119323432445526,-0.1404428333044052,-0.0007721584406681359,0.0006495846901088953,-0.0007674325024709105
2026-03-25 21:37:29.473,0.15760718286037445,-0.10320645570755005,-0.13614541292190552,-0.0006985888467170298,0.0007969577563926578,-0.000701761688105762
2026-03-25 21:37:29.475,0.14501620829105377,-0.09776844829320908,-0.12722665071487427,-0.0008650951785966754,0.0006164374062791467,-0.0006521066534332931
2026-03-25 21:37:29.477,0.15256458520889282,-0.10811619460582733,-0.1375189870595932,-0.0008973344229161739,0.0008649281808175147,-0.0008461521938443184
2026-03-25 21:37:29.479,0.15180620551109314,-0.1092972531914711,-0.1360844373703003,-0.0008507805760018528,0.0006935665151104331,-0.0008387165144085884
2026-03-25 21:37:29.481,0.15628784894943237,-0.10792545229196548,-0.1357884407043457,-0.0008666585199534893,0.0008416626369580626,-0.0011378194903954864
2026-03-25 21:37:29.483,0.15142640471458435,-0.10303255915641785,-0.14586851000785828,-0.0006480399752035737,0.000996772781945765,-0.0008858563960529864
2026-03-25 21:37:29.484,0.14866210520267487,-0.10203594714403152,-0.12374147772789001,-0.0007619450916536152,0.0008831749437376857,-0.0008673957199789584
2026-03-25 21:37:29.486,0.15709443390369415,-0.1010512188076973,-0.14065615832805634,-0.0008968175388872623,0.0007510476862080395,-0.0008510316256433725
2026-03-25 21:37:29.488,0.1511118859052658,-0.09574392437934875,-0.1275046318769455,-0.0007406557560898364,0.0008123887819238007,-0.0006653154850937426
2026-03-25 21:37:29.490,0.1607692837715149,-0.09222725033760071,-0.1444833129644394,-0.0009163679787889123,0.0010052870493382215,-0.0007721474394202232
2026-03-25 21:37:29.492,0.1515047401189804,-0.09713786840438843,-0.13213130831718445,-0.0008029043674468994,0.0009192805737257004,-0.0007426802767440677
2026-03-25 21:37:29.494,0.15867577493190765,-0.11060440540313721,-0.13781912624835968,-0.0008798959897831082,0.0010468768887221813,-0.0008863966795615852
2026-03-25 21:37:29.496,0.14813850820064545,-0.11008375138044357,-0.1373296082019806,-0.0007035511080175638,0.000798356079030782,-0.0009004186722449958
2026-03-25 21:37:29.498,0.15375874936580658,-0.10502340644598007,-0.1492236852645874,-0.0008391187875531614,0.0008542032446712255,-0.0007350377272814512
2026-03-25 21:37:29.500,0.14465783536434174,-0.09848202019929886,-0.14259733259677887,-0.0008014378836378455,0.0007185186259448528,-0.0007759346044622362
2026-03-25 21:37:29.502,0.15080884099006653,-0.10436415672302246,-0.13782520592212677,-0.0009058750001713634,0.0009107555379159749,-0.0008190424996428192
2026-03-25 21:37:29.504,0.15791864693164825,-0.10432731360197067,-0.13673630356788635,-0.0007858157041482627,0.0008712566341273487,-0.0007383726187981665
2026-03-25 21:37:29.506,0.15488332509994507,-0.105330690741539,-0.13628144562244415,-0.0007091053412295878,0.0006839094567112625,-0.0007350342930294573
2026-03-25 21:37:29.508,0.16162453591823578,-0.10373473167419434,-0.13432668149471283,-0.00076553865801543,0.0008992738439701498,-0.0008975979289971292
2026-03-25 21:37:29.510,0.15265123546123505,-0.09878997504711151,-0.12317384034395218,-0.0010810107924044132,0.0008860448724590242,-0.0007489128038287163
2026-03-25 21:37:29.512,0.16233104467391968,-0.09839845448732376,-0.13564111292362213,-0.0008291807607747614,0.0009541719919070601,-0.0008472258923575282
2026-03-25 21:37:29.514,0.1436062753200531,-0.09515970200300217,-0.11752063781023026,-0.0008446704014204443,0.0006218864000402391,-0.0006896340055391192
2026-03-25 21:37:29.516,0.16226814687252045,-0.10216221958398819,-0.14314402639865875,-0.000871595460921526,0.0009692541789263487,-0.0007548320572823286
2026-03-25 21:37:29.518,0.1553623527288437,-0.1013602614402771,-0.1320931315422058,-0.0006946232169866562,0.000886109541170299,-0.0007896986207924783
2026-03-25 21:37:29.520,0.1508048176765442,-0.10547583550214767,-0.129940465092659,-0.0007952707819640636,0.0008682697080075741,-0.0007300050929188728
2026-03-25 21:37:29.522,0.15174828469753265,-0.10431359708309174,-0.14320562779903412,-0.0006645550020039082,0.0008168103522621095,-0.0009336672956123948
2026-03-25 21:37:29.524,0.15107306838035583,-0.1008906215429306,-0.13575568795204163,-0.000841341505292803,0.0009410355123691261,-0.0007719506975263357
2026-03-25 21:37:29.526,0.15060551464557648,-0.10706426948308945,-0.13740882277488708,-0.000924242427572608,0.0008247670484706759,-0.000744474702514708
2026-03-25 21:37:29.528,0.1442081779241562,-0.10477501153945923,-0.13408657908439636,-0.0009809465846046805,0.0006985377403907478,-0.0006811675266362727
2026-03-25 21:37:29.530,0.15328887104988098,-0.10889796167612076,-0.13574756681919098,-0.000785446900408715,0.0010063733207061887,-0.000663439801428467
2026-03-25 21:37:29.532,0.1527806669473648,-0.10372325032949448,-0.14577201008796692,-0.0006190436542965472,0.0008667251677252352,-0.0006840437999926507
2026-03-25 21:37:29.534,0.15228873491287231,-0.09956557303667068,-0.13577206432819366,-0.0008137141121551394,0.0010251724161207676,-0.0006606391398236156
2026-03-25 21:37:29.536,0.15228219330310822,-0.10014968365430832,-0.13579747080802917,-0.0006930167437531054,0.000834564445540309,-0.0006895181722939014
2026-03-25 21:37:29.538,0.15120764076709747,-0.10498858988285065,-0.1271454244852066,-0.0008232998661696911,0.0010406423825770617,-0.0008921704720705748
2026-03-25 21:37:29.540,0.15971066057682037,-0.09593233466148376,-0.13095971941947937,-0.0008330746204592288,0.0007989196456037462,-0.0008767567342147231
2026-03-25 21:37:29.542,0.15526165068149567,-0.10479025542736053,-0.1432531625032425,-0.0006990928086452186,0.0009350903565064073,-0.0009509243536740541
2026-03-25 21:37:29.544,0.16231471300125122,-0.10796665400266647,-0.14021387696266174,-0.0006288838339969516,0.0008752259309403598,-0.0008428361616097391
2026-03-25 21:37:29.546,0.15229865908622742,-0.10478364676237106,-0.13700354099273682,-0.0007177747320383787,0.0009883604943752289,-0.0007917472394183278
2026-03-25 21:37:29.548,0.1531514972448349,-0.10415761172771454,-0.1369832158088684,-0.0005578944110311568,0.000720851356163621,-0.0006944684428162873
2026-03-25 21:37:29.550,0.1450200229883194,-0.10662204027175903,-0.13835720717906952,-0.0006445899489335716,0.000895481847692281,-0.0007390811806544662
2026-03-25 21:37:29.552,0.14790020883083344,-0.10849404335021973,-0.12921029329299927,-0.0008658874430693686,0.0007369156228378415,-0.0007795357378199697
2026-03-25 21:37:29.554,0.15725252032279968,-0.11560314148664474,-0.13802418112754822,-0.0007844842621125281,0.0009862373117357492,-0.0007696656393818557
2026-03-25 21:37:29.556,0.15918703377246857,-0.11104267090559006,-0.13920390605926514,-0.0005895894719287753,0.0008865077397786081,-0.0007865116931498051
2026-03-25 21:37:29.558,0.15337175130844116,-0.11277799308300018,-0.13417553901672363,-0.0009039935539476573,0.001029543112963438,-0.0007133713806979358
2026-03-25 21:37:29.560,0.15449659526348114,-0.10238498449325562,-0.13652102649211884,-0.0008427526918239892,0.0008676882716827095,-0.0008643334731459618
2026-03-25 21:37:29.563,0.15504153072834015,-0.10146689414978027,-0.13096851110458374,-0.0008358341292478144,0.0010118329664692283,-0.0006652371375821531
2026-03-25 21:37:29.565,0.15765391290187836,-0.10003983229398727,-0.12538088858127594,-0.0008581037982366979,0.0009900238364934921,-0.0006112125120125711
2026-03-25 21:37:29.567,0.16429981589317322,-0.10834240168333054,-0.13501852750778198,-0.0005683014169335365,0.0011662595206871629,-0.0006919852457940578
2026-03-25 21:37:29.569,0.1615089774131775,-0.11016282439231873,-0.1265382021665573,-0.0006398856057785451,0.0009558568708598614,-0.000896885059773922
2026-03-25 21:37:29.571,0.15154138207435608,-0.10579483211040497,-0.13484381139278412,-0.0008854195475578308,0.0007773006218485534,-0.0006511805695481598
2026-03-25 21:37:29.573,0.1498081535100937,-0.11210797727108002,-0.14121943712234497,-0.0007546409033238888,0.0007391201215796173,-0.0007644784636795521
2026-03-25 21:37:29.575,0.15178513526916504,-0.11128169298171997,-0.14653508365154266,-0.0005174246616661549,0.0008222989272326231,-0.0007296075928024948
2026-03-25 21:37:29.577,0.14185339212417603,-0.11337509006261826,-0.13454720377922058,-0.00068843481130898,0.0006754315691068769,-0.000617657380644232
2026-03-25 21:37:29.579,0.16185331344604492,-0.11894281953573227,-0.1467486321926117,-0.0005321520147845149,0.0009200814529322088,-0.0006973875570110977
2026-03-25 21:37:29.581,0.15066547691822052,-0.11369358748197556,-0.13312265276908875,-0.0005404702387750149,0.0007898029289208353,-0.0008628511568531394
2026-03-25 21:37:29.583,0.15350225567817688,-0.11107852309942245,-0.13293367624282837,-0.0007243109284900129,0.0008681838517077267,-0.0007407287484966218
2026-03-25 21:37:29.585,0.1541275978088379,-0.1032666489481926,-0.14289268851280212,-0.0006461715092882514,0.0009031721856445074,-0.0008660841267555952
2026-03-25 21:37:29.587,0.15646317601203918,-0.10148296505212784,-0.1334797888994217,-0.0007599029922857881,0.0009209972340613604,-0.0007134330808185041
2026-03-25 21:37:29.589,0.1595027893781662,-0.1024794653058052,-0.1255338490009308,-0.0008996202959679067,0.0009428929770365357,-0.0004222420393489301
2026-03-25 21:37:29.591,0.16576960682868958,-0.10899309068918228,-0.13680697977542877,-0.0007669979240745306,0.0010966366389766335,-0.0007625268772244453
2026-03-25 21:37:29.593,0.16211210191249847,-0.10710732638835907,-0.13723799586296082,-0.0005004957783967257,0.0011380391661077738,-0.0008875191560946405
2026-03-25 21:37:29.595,0.15260103344917297,-0.09921451658010483,-0.12918663024902344,-0.0006613804725930095,0.0009090259554795921,-0.0006405484746210277
2026-03-25 21:37:29.597,0.14740805327892303,-0.09782027453184128,-0.1302822232246399,-0.0005205654306337237,0.0008231858955696225,-0.0008269071113318205
2026-03-25 21:37:29.599,0.14551453292369843,-0.10696350038051605,-0.14202997088432312,-0.0005996800609864295,0.0008199328440241516,-0.0006984233041293919
2026-03-25 21:37:29.601,0.13979117572307587,-0.10698579251766205,-0.1360636055469513,-0.0006558647728525102,0.000788825680501759,-0.0007778111030347645
2026-03-25 21:37:29.603,0.15145748853683472,-0.10987189412117004,-0.13806197047233582,-0.000470267899800092,0.0009079795563593507,-0.0008553313673473895
2026-03-25 21:37:29.605,0.1540757417678833,-0.1152515634894371,-0.1374143362045288,-0.0005368586862459779,0.0009154296712949872,-0.000755106215365231
2026-03-25 21:37:29.607,0.14933156967163086,-0.10421299189329147,-0.13561521470546722,-0.0006796685629524291,0.0008698945748619735,-0.0006218919879756868
2026-03-25 21:37:29.609,0.15395018458366394,-0.0940198227763176,-0.14081166684627533,-0.0007985802367329597,0.000865803740452975,-0.000636307813692838
2026-03-25 21:37:29.611,0.15483763813972473,-0.09681271016597748,-0.13974203169345856,-0.0007896085153333843,0.0009617573232389987,-0.0007587031577713788
2026-03-25 21:37:29.613,0.16377224028110504,-0.0958198681473732,-0.13132590055465698,-0.0007472563884221017,0.0007898330804891884,-0.0006038465071469545
2026-03-25 21:37:29.615,0.16022378206253052,-0.1017274409532547,-0.1339827924966812,-0.0006436427356675267,0.0009943749755620956,-0.0007724451133981347
2026-03-25 21:37:29.617,0.15474088490009308,-0.10156714916229248,-0.13215571641921997,-0.0006507117650471628,0.0008629572112113237,-0.0007808392401784658
2026-03-25 21:37:29.619,0.15032316744327545,-0.09913173317909241,-0.14025390148162842,-0.0006608632393181324,0.0007689054473303258,-0.0008221091702580452
2026-03-25 21:37:29.621,0.15488746762275696,-0.10046609491109848,-0.146561861038208,-0.0009097200236283243,0.000843765854369849,-0.0006461003213189542
2026-03-25 21:37:29.623,0.15122099220752716,-0.09515167772769928,-0.1375950574874878,-0.0007195729413069785,0.0007795113488100469,-0.0007883092621341348
2026-03-25 21:37:29.625,0.15330259501934052,-0.09891574084758759,-0.14387094974517822,-0.0006490301457233727,0.0008641380700282753,-0.0007582594989798963
2026-03-25 21:37:29.627,0.14999109506607056,-0.10092108696699142,-0.141662135720253,-0.0006221953663043678,0.000850206648465246,-0.0007416279404424131
2026-03-25 21:37:29.629,0.15098313987255096,-0.10508160293102264,-0.13413074612617493,-0.0006513090920634568,0.0006632634322158992,-0.000908551795873791
2026-03-25 21:37:29.631,0.14327538013458252,-0.09875442832708359,-0.12990868091583252,-0.0006600578781217337,0.0007379975286312401,-0.0008614007965661585
2026-03-25 21:37:29.633,0.15198735892772675,-0.09803980588912964,-0.1455090194940567,-0.0008340043714269996,0.0007816473953425884,-0.0008147253538481891
2026-03-25 21:37:29.635,0.15657515823841095,-0.09796778112649918,-0.14100761711597443,-0.000936962547712028,0.0009299938101321459,-0.0008568986668251455
2026-03-25 21:37:29.637,0.1552944928407669,-0.10000018775463104,-0.1319543570280075,-0.0008887849980965257,0.0009988272795453668,-0.0009826312307268381
2026-03-25 21:37:29.639,0.15970872342586517,-0.09519115090370178,-0.1354490965604782,-0.0007433021673932672,0.0007293550879694521,-0.0011046658037230372
2026-03-25 21:37:29.641,0.15160973370075226,-0.09622269868850708,-0.12642520666122437,-0.0008128611952997744,0.0007413795683532953,-0.000871594063937664
2026-03-25 21:37:29.643,0.1493484377861023,-0.10052303969860077,-0.1386549174785614,-0.0008915584185160697,0.0008828028803691268,-0.0009180983761325479
2026-03-25 21:37:29.645,0.14660346508026123,-0.09757830202579498,-0.12982505559921265,-0.0007706967880949378,0.0008130771457217634,-0.0007850269903428853
2026-03-25 21:37:29.647,0.16016235947608948,-0.0980876162648201,-0.13259388506412506,-0.0007566795102320611,0.0008038958185352385,-0.0008232258260250092
2026-03-25 21:37:29.649,0.1536073088645935,-0.10100146383047104,-0.1395353078842163,-0.000665235857013613,0.0008536107488907874,-0.0008211674867197871
2026-03-25 21:37:29.651,0.154933899641037,-0.10238014161586761,-0.1486516296863556,-0.000688828993588686,0.0008031385368667543,-0.0007833694107830524
2026-03-25 21:37:29.653,0.1449483036994934,-0.10444130003452301,-0.13962514698505402,-0.0008844608091749251,0.0007764996844343841,-0.0008504365105181932
2026-03-25 21:37:29.655,0.13761529326438904,-0.10278864204883575,-0.13546091318130493,-0.0008175487164407969,0.000906982459127903,-0.000777941313572228
2026-03-25 21:37:29.657,0.14477166533470154,-0.09887953102588654,-0.13484549522399902,-0.0008707096567377448,0.0008556318935006857,-0.0008630577940493822
2026-03-25 21:37:29.659,0.1546054184436798,-0.10375320166349411,-0.13886994123458862,-0.0009304039995186031,0.0009270621812902391,-0.0006497481372207403
2026-03-25 21:37:29.660,0.15817537903785706,-0.09655888378620148,-0.1280289590358734,-0.0006834137602709234,0.0010284692980349064,-0.0007797149010002613
2026-03-25 21:37:29.662,0.15971675515174866,-0.10169916599988937,-0.13304045796394348,-0.0010124188847839832,0.0009935189737007022,-0.0008025563438422978
2026-03-25 21:37:29.664,0.15925446152687073,-0.09925071895122528,-0.14079368114471436,-0.0009055668488144875,0.0009169342229142785,-0.0007937187911011279
2026-03-25 21:37:29.666,0.1502556949853897,-0.10056997090578079,-0.1315838098526001,-0.0008816989720799029,0.0009161088964901865,-0.0007763520698063076
2026-03-25 21:37:29.668,0.15625335276126862,-0.10330336540937424,-0.13694268465042114,-0.0008360021165572107,0.0009367134771309793,-0.0007635006913915277
2026-03-25 21:37:29.670,0.15397262573242188,-0.10279151797294617,-0.13294696807861328,-0.0007504806853830814,0.0010268411133438349,-0.0008784436504356563
2026-03-25 21:37:29.673,0.1604674905538559,-0.10277347266674042,-0.1242343932390213,-0.0007140830275602639,0.000943610502872616,-0.0007793442928232253
2026-03-25 21:37:29.675,0.15300484001636505,-0.09854865819215775,-0.14203885197639465,-0.0009392488864250481,0.0007037568720988929,-0.0006891649682074785
2026-03-25 21:37:29.677,0.14441603422164917,-0.10468192398548126,-0.14359880983829498,-0.0008818999049253762,0.0010796868009492755,-0.0006696440395899117
2026-03-25 21:37:29.679,0.13875475525856018,-0.10996581614017487,-0.13972361385822296,-0.0006611247081309557,0.0007987117860466242,-0.0007260272395797074
2026-03-25 21:37:29.681,0.15045560896396637,-0.11452344805002213,-0.1322687864303589,-0.0007422356866300106,0.0007957670604810119,-0.0009225348476320505
2026-03-25 21:37:29.683,0.15106123685836792,-0.10914812237024307,-0.14272065460681915,-0.000667781918309629,0.0009716512286104262,-0.0006195915630087256
2026-03-25 21:37:29.685,0.1587166041135788,-0.10833854973316193,-0.13593816757202148,-0.0006638112827204168,0.0007962738163769245,-0.0007308827480301261
2026-03-25 21:37:29.686,0.1519450843334198,-0.10090790688991547,-0.13226038217544556,-0.0006886773626320064,0.00093979446683079,-0.0006763115525245667
2026-03-25 21:37:29.688,0.15793855488300323,-0.09744156897068024,-0.13163964450359344,-0.0007817367441020906,0.0010999372461810708,-0.0006820652633905411
2026-03-25 21:37:29.690,0.15694954991340637,-0.10046187788248062,-0.13445571064949036,-0.0010411790572106838,0.0010201492113992572,-0.00036946969339624047
2026-03-25 21:37:29.692,0.16450652480125427,-0.11936049908399582,-0.1465435028076172,-0.0005612712702713907,0.001247439649887383,-0.0007763333851471543
2026-03-25 21:37:29.694,0.14353884756565094,-0.12242228537797928,-0.12966181337833405,-0.000690419867169112,0.0005221391911618412,-0.0009048730717040598
2026-03-25 21:37:29.696,0.1554836630821228,-0.10965695977210999,-0.13912950456142426,-0.0006996314623393118,0.0008671562536619604,-0.0006649491842836142
2026-03-25 21:37:29.698,0.1597282439470291,-0.1146012470126152,-0.13400404155254364,-0.00047046621330082417,0.0010357339633628726,-0.0009162247297354043
2026-03-25 21:37:29.700,0.14073236286640167,-0.10735353827476501,-0.13491007685661316,-0.0007365451892837882,0.000747781537938863,-0.0005526572931557894
2026-03-25 21:37:29.702,0.15640634298324585,-0.1135176569223404,-0.13523854315280914,-0.0009456827538087964,0.0007946960395202041,-0.0006779090617783368
2026-03-25 21:37:29.704,0.16723336279392242,-0.10958295315504074,-0.14239226281642914,-0.0007552306051366031,0.000997705850750208,-0.0006741070537827909
2026-03-25 21:37:29.706,0.1558767855167389,-0.10713382810354233,-0.13683879375457764,-0.0009696424822323024,0.0008563499432057142,-0.0005525022861547768
2026-03-25 21:37:29.708,0.15266816318035126,-0.1149526834487915,-0.13771453499794006,-0.00067901611328125,0.0007207892485894263,-0.0008279209141619503
2026-03-25 21:37:29.710,0.1527344286441803,-0.11246850341558456,-0.1451912522315979,-0.0006167109240777791,0.0009338202071376145,-0.0008133617811836302
2026-03-25 21:37:29.712,0.1620752215385437,-0.10578863322734833,-0.13556025922298431,-0.0005810537259094417,0.0008556768880225718,-0.0006177762406878173
2026-03-25 21:37:29.714,0.14197489619255066,-0.09978286176919937,-0.1326514482498169,-0.0006342012784443796,0.0007210537442006171,-0.000731874315533787
2026-03-25 21:37:29.716,0.14462237060070038,-0.1032436415553093,-0.13862833380699158,-0.0005965315503999591,0.000985979218967259,-0.0007592313340865076
2026-03-25 21:37:29.718,0.14750173687934875,-0.10141833871603012,-0.1427965611219406,-0.0007934324676170945,0.000916257209610194,-0.0007679329719394445
2026-03-25 21:37:29.720,0.14605414867401123,-0.10056892037391663,-0.13219714164733887,-0.0010289971251040697,0.0007873276481404901,-0.00029132026247680187
2026-03-25 21:37:29.722,0.13104787468910217,-0.11456261575222015,-0.15603938698768616,-0.0006985937361605465,0.0005045637954026461,-0.00017952601774595678
2026-03-25 21:37:29.724,0.07341666519641876,-0.1658347100019455,-0.180226132273674,4.0131810237653553e-05,-0.0005294972797855735,-0.000278230756521225
2026-03-25 21:37:29.726,-0.0108399773016572,-0.19864462316036224,-0.24204832315444946,0.00013955720351077616,-0.0016175088239833713,-0.00018085799820255488
2026-03-25 21:37:29.728,-0.05093422532081604,-0.17988263070583344,-0.254873126745224,-0.0002656449796631932,-0.0020578510593622923,0.00043287864536978304
2026-03-25 21:37:29.730,-0.015775473788380623,-0.1648636907339096,-0.2355329394340515,-0.0006745210848748684,-0.0019498519832268357,0.0008956620004028082
2026-03-25 21:37:29.732,0.005377583671361208,-0.18442660570144653,-0.2336207926273346,-0.0004326826601754874,-0.001771003589965403,0.0006319935200735927
2026-03-25 21:37:29.734,-0.025524144992232323,-0.20828285813331604,-0.2387673258781433,0.0002988825726788491,-0.0019107694970443845,0.0003059354785364121
2026-03-25 21:37:29.736,-0.049108218401670456,-0.18367870151996613,-0.2552047073841095,0.0003515768039505929,-0.002313346369192004,5.5646669352427125e-05
2026-03-25 21:37:29.738,-0.000682640471495688,-0.15329013764858246,-0.24322152137756348,-0.00031597306951880455,-0.0013754225801676512,-2.870475782401627e-06
2026-03-25 21:37:29.740,0.0694420337677002,-0.11725044250488281,-0.1918618083000183,-0.000922620645724237,-0.0006240867078304291,-0.0002290999109391123
2026-03-25 21:37:29.742,0.11847276240587234,-0.09218578040599823,-0.15852975845336914,-0.0007758944411762059,0.00015195889864116907,-0.0006230134749785066
2026-03-25 21:37:29.744,0.13610899448394775,-0.09831191599369049,-0.13894841074943542,-0.00046570607810281217,0.0005402169772423804,-0.0012110603274777532
2026-03-25 21:37:29.746,0.1272531896829605,-0.07896611839532852,-0.15711310505867004,-0.0006437895353883505,0.00033031744533218443,-0.001348941819742322
2026-03-25 21:37:29.748,0.1429206281900406,-0.04890841245651245,-0.15625648200511932,-0.0012654642341658473,0.0007698718691244721,-0.0011783824302256107
2026-03-25 21:37:29.750,0.17904645204544067,-0.034273661673069,-0.10295470803976059,-0.0015280514489859343,0.0013295746175572276,-0.001394300372339785
2026-03-25 21:37:29.752,0.2260378748178482,-0.027121027931571007,-0.11322049051523209,-0.0015217035543173552,0.0016847947845235467,-0.001452431082725525
2026-03-25 21:37:29.754,0.2117629498243332,-0.03356705605983734,-0.09900202602148056,-0.0014039730885997415,0.0014342390932142735,-0.00175861781463027
2026-03-25 21:37:29.756,0.16841302812099457,-0.04499296098947525,-0.11499868333339691,-0.0010755773400887847,0.0012993449345231056,-0.0015892249066382647
2026-03-25 21:37:29.758,0.14585861563682556,-0.05221074819564819,-0.12102611362934113,-0.0008995605167001486,0.0007320444565266371,-0.0020294201094657183
2026-03-25 21:37:29.760,0.18892617523670197,-0.030684275552630424,-0.12308576703071594,-0.0014975329395383596,0.0012295730412006378,-0.001626688288524747
2026-03-25 21:37:29.762,0.20600350201129913,-0.014608969911932945,-0.10284310579299927,-0.0019860337488353252,0.0017755447188392282,-0.001197917154058814
2026-03-25 21:37:29.764,0.20291948318481445,-0.033487651497125626,-0.08788660168647766,-0.0017468034056946635,0.001625587698072195,-0.0014183737803250551
2026-03-25 21:37:29.766,0.19341161847114563,-0.05134449154138565,-0.11919573694467545,-0.0009820603299885988,0.0011208857176825404,-0.0016778106801211834
2026-03-25 21:37:29.768,0.1751549243927002,-0.04947531968355179,-0.12206820398569107,-0.0011738738976418972,0.0009555176366120577,-0.00166979746427387
2026-03-25 21:37:29.770,0.18490596115589142,-0.033169135451316833,-0.10926591604948044,-0.0015722631942480803,0.0013828343944624066,-0.0012559847673401237
2026-03-25 21:37:29.772,0.20438960194587708,-0.025096062570810318,-0.11112082004547119,-0.0018508395878598094,0.001491444418206811,-0.0012151002883911133
2026-03-25 21:37:29.774,0.21431559324264526,-0.039507485926151276,-0.10850760340690613,-0.0016830198001116514,0.0016421149484813213,-0.00146972865331918
2026-03-25 21:37:29.776,0.18313881754875183,-0.0413270927965641,-0.10360870510339737,-0.0012890836223959923,0.0012902815360575914,-0.0014758803881704807
2026-03-25 21:37:29.778,0.17602063715457916,-0.043657030910253525,-0.10638462752103806,-0.00130749330855906,0.0012114424025639892,-0.0014543725410476327
2026-03-25 21:37:29.780,0.18819482624530792,-0.043615348637104034,-0.1141829639673233,-0.001491208211518824,0.0014019455993548036,-0.0014606950571760535
2026-03-25 21:37:29.782,0.20275479555130005,-0.03874199464917183,-0.0979641005396843,-0.0019128855783492327,0.0015887696063145995,-0.0012322933180257678
2026-03-25 21:37:29.784,0.19312122464179993,-0.03896947577595711,-0.08373864740133286,-0.0015926141059026122,0.001440766965970397,-0.0012868380872532725
2026-03-25 21:37:29.786,0.183569997549057,-0.04744692146778107,-0.10330140590667725,-0.0013388600200414658,0.0012671855511143804,-0.001194539712741971
2026-03-25 21:37:29.788,0.18468396365642548,-0.06336908787488937,-0.12367156893014908,-0.0013333337847143412,0.0011768948752433062,-0.000975043629296124
2026-03-25 21:37:29.790,0.16383053362369537,-0.060330215841531754,-0.11214718222618103,-0.001287225866690278,0.0011644520564004779,-0.000688719330355525
2026-03-25 21:37:29.792,0.1567542999982834,-0.06528061628341675,-0.11664769053459167,-0.0012681037187576294,0.0007019591284915805,-0.0006134809809736907
2026-03-25 21:37:29.794,0.1489725261926651,-0.09031175822019577,-0.13623711466789246,-0.0011382161173969507,0.0007815715507604182,-0.0007902109064161777
2026-03-25 21:37:29.797,0.12417884916067123,-0.09725996851921082,-0.12924937903881073,-0.0010599838569760323,0.0005082882125861943,-0.0006671639275737107
2026-03-25 21:37:29.799,0.11728637665510178,-0.10478035360574722,-0.12065207958221436,-0.0008349285344593227,0.0001624868018552661,-0.0005032315384596586
2026-03-25 21:37:29.801,0.11759485304355621,-0.11251270025968552,-0.13646405935287476,-0.000908177753444761,0.00025982497027143836,-0.00037346428143791854
2026-03-25 21:37:29.803,0.12447809427976608,-0.11880014091730118,-0.14258813858032227,-0.0008580097346566617,0.000484728574519977,-0.00038091561873443425
2026-03-25 21:37:29.805,0.12277400493621826,-0.11957698315382004,-0.12458561360836029,-0.0006356748635880649,0.00019097000767942518,-0.00028782759909518063
2026-03-25 21:37:29.807,0.10882598906755447,-0.12995438277721405,-0.12688034772872925,-0.0004944040556438267,0.00021620567713398486,-0.00032617597025819123
2026-03-25 21:37:29.809,0.1104922667145729,-0.13925093412399292,-0.14069850742816925,-0.00044436455937102437,0.0002696986775845289,-0.0003445145848672837
2026-03-25 21:37:29.811,0.1226629838347435,-0.12346841394901276,-0.12924730777740479,-0.0006705009727738798,0.00041264618630521,-0.0002626839850563556
2026-03-25 21:37:29.812,0.14644896984100342,-0.12249842286109924,-0.10129660367965698,-0.0007708814227953553,0.0006969848182052374,-0.00044155135401524603
2026-03-25 21:37:29.814,0.1730547845363617,-0.11895092576742172,-0.09321857243776321,-0.0005338111659511924,0.0010624907445162535,-0.0006113771232776344
2026-03-25 21:37:29.816,0.17316491901874542,-0.11325027793645859,-0.08746576309204102,-0.0005594830145128071,0.0013179592788219452,-0.0006956444121897221
2026-03-25 21:37:29.818,0.19778890907764435,-0.1091516837477684,-0.0774567648768425,-0.0007000644691288471,0.0014097850071266294,-0.0007385859498754144
2026-03-25 21:37:29.820,0.19465404748916626,-0.11020059138536453,-0.08235951513051987,-0.0011163303861394525,0.001422318397089839,-0.0005447784787975252
2026-03-25 21:37:29.822,0.1957131326198578,-0.12410120666027069,-0.08840107172727585,-0.0008272936102002859,0.001424942398443818,-0.0008247556979767978
2026-03-25 21:37:29.824,0.1804264932870865,-0.11668576300144196,-0.08804559707641602,-0.0006026428891345859,0.0013184520648792386,-0.0008022657129913568
2026-03-25 21:37:29.826,0.17317944765090942,-0.10957543551921844,-0.0767882838845253,-0.0005745360977016389,0.0014079437823966146,-0.0007187406299635768
2026-03-25 21:37:29.828,0.19085077941417694,-0.10825102031230927,-0.08132831007242203,-0.0006891278317198157,0.001278958865441382,-0.0006585400551557541
2026-03-25 21:37:29.830,0.19548062980175018,-0.1087685078382492,-0.0802973210811615,-0.0005690702237188816,0.0014286217046901584,-0.0005658712470903993
2026-03-25 21:37:29.832,0.19200365245342255,-0.11087118834257126,-0.07999661564826965,-0.0006003181915730238,0.0015230672433972359,-0.0007318771677091718
2026-03-25 21:37:29.834,0.18184997141361237,-0.10431837290525436,-0.08001503348350525,-0.0008868157747201622,0.0012902960879728198,-0.0006198936025612056
2026-03-25 21:37:29.836,0.18455258011817932,-0.10742920637130737,-0.0738678127527237,-0.0007802253239788115,0.0013557312777265906,-0.0007046422688290477
2026-03-25 21:37:29.838,0.175764799118042,-0.11009218543767929,-0.07226858288049698,-0.0008189966320060194,0.0013332515954971313,-0.0007877990137785673
2026-03-25 21:37:29.840,0.18497422337532043,-0.10889869183301926,-0.07712676376104355,-0.0005670186947099864,0.0016310187056660652,-0.0006655394681729376
2026-03-25 21:37:29.842,0.1903316080570221,-0.10768787562847137,-0.0724743977189064,-0.0005783875240013003,0.0012658846098929644,-0.0007899767369963229
2026-03-25 21:37:29.844,0.18663275241851807,-0.10524259507656097,-0.07760932296514511,-0.0008419756777584553,0.0015797794330865145,-0.0007091471925377846
2026-03-25 21:37:29.846,0.1909511536359787,-0.10711963474750519,-0.0842541828751564,-0.0008173910318873823,0.0015753001207485795,-0.0005600258591584861
2026-03-25 21:37:29.848,0.19086366891860962,-0.10856132954359055,-0.07773089408874512,-0.0007169942837208509,0.0014878573128953576,-0.0006992352427914739
2026-03-25 21:37:29.850,0.19384419918060303,-0.10927021503448486,-0.0686827078461647,-0.0007732930243946612,0.0013177328510209918,-0.0007473896257579327
2026-03-25 21:37:29.852,0.18180795013904572,-0.10602632164955139,-0.06249144300818443,-0.0008000609814189374,0.0014563683653250337,-0.00067477289121598
2026-03-25 21:37:29.854,0.18078705668449402,-0.10716281831264496,-0.07072801142930984,-0.0007841115002520382,0.0012590053956955671,-0.0006652738084085286
2026-03-25 21:37:29.856,0.17464186251163483,-0.11156827211380005,-0.07875708490610123,-0.0007625952130183578,0.0012765395222231746,-0.0006166570237837732
2026-03-25 21:37:29.858,0.1837851107120514,-0.11594346165657043,-0.07365584373474121,-0.0008193308603949845,0.00131027412135154,-0.0004939865902997553
2026-03-25 21:37:29.860,0.20061837136745453,-0.11133939027786255,-0.06319974362850189,-0.0008146629552356899,0.0015604814980179071,-0.0005231395480223
2026-03-25 21:37:29.862,0.1959756761789322,-0.10609658807516098,-0.06436038017272949,-0.0007878372562117875,0.001378663000650704,-0.0005621538730338216
2026-03-25 21:37:29.864,0.19140920042991638,-0.10899223387241364,-0.06659966707229614,-0.0007488104165531695,0.0013061747886240482,-0.0005846365820616484
2026-03-25 21:37:29.866,0.18089677393436432,-0.11362912505865097,-0.07307247072458267,-0.0008832465973682702,0.0012451050570234656,-0.00043094216380268335
2026-03-25 21:37:29.868,0.19371284544467926,-0.12032287567853928,-0.06952536851167679,-0.0007334421388804913,0.0011268267408013344,-0.0005901109543628991
2026-03-25 21:37:29.870,0.20362508296966553,-0.1186705082654953,-0.06479056179523468,-0.000744237971957773,0.0014172086957842112,-0.0007113065221346915
2026-03-25 21:37:29.872,0.18576417863368988,-0.11196161806583405,-0.050694264471530914,-0.0007757785497233272,0.001456952653825283,-0.0006107235094532371
2026-03-25 21:37:29.874,0.19026194512844086,-0.11348479986190796,-0.08373965322971344,-0.0006997933378443122,0.001616435358300805,-0.000530629011336714
2026-03-25 21:37:29.876,0.18538923561573029,-0.11264798045158386,-0.07811665534973145,-0.0007310289074666798,0.0015138641465455294,-0.0007324861944653094
2026-03-25 21:37:29.878,0.18269555270671844,-0.11142978072166443,-0.06955119967460632,-0.0007204121793620288,0.0014600892318412662,-0.0005279673496261239
2026-03-25 21:37:29.880,0.1769116222858429,-0.10716061294078827,-0.0575224794447422,-0.0007355808629654348,0.0012613809667527676,-0.0006536237196996808
2026-03-25 21:37:29.882,0.19348309934139252,-0.11348094046115875,-0.07338675111532211,-0.0006646754336543381,0.0013084228849038482,-0.0007590731256641448
2026-03-25 21:37:29.884,0.18326899409294128,-0.10919797420501709,-0.06768856942653656,-0.0006703754770569503,0.0011505247093737125,-0.0008253275882452726
2026-03-25 21:37:29.886,0.17841392755508423,-0.11773348599672318,-0.06913984566926956,-0.0007643771823495626,0.0011574290692806244,-0.0005802912055514753
2026-03-25 21:37:29.888,0.18788468837738037,-0.11730919033288956,-0.07465814054012299,-0.0005570147768594325,0.0015013416996225715,-0.0006259585497900844
2026-03-25 21:37:29.890,0.19967247545719147,-0.11984746158123016,-0.07281341403722763,-0.0006594837759621441,0.001386847929097712,-0.0006266282289288938
2026-03-25 21:37:29.892,0.19825346767902374,-0.11232801526784897,-0.0665881484746933,-0.000610301096457988,0.0012951688840985298,-0.0006530546233989298
2026-03-25 21:37:29.894,0.18406084179878235,-0.11807949095964432,-0.05989132449030876,-0.0007763379253447056,0.0011230489471927285,-0.00048467275337316096
2026-03-25 21:37:29.896,0.17969106137752533,-0.12145077437162399,-0.07549739629030228,-0.00039300473872572184,0.001066025928594172,-0.0009569794638082385
2026-03-25 21:37:29.898,0.17870940268039703,-0.1261141151189804,-0.07391662150621414,-0.0005037933005951345,0.001400657813064754,-0.0006851665675640106
2026-03-25 21:37:29.900,0.18380019068717957,-0.12048232555389404,-0.0694265142083168,-0.0005160065484233201,0.0013612071052193642,-0.0008344299276359379
2026-03-25 21:37:29.902,0.1925797313451767,-0.12099361419677734,-0.07144525647163391,-0.0006337386439554393,0.0014942835550755262,-0.0007262298022396863
2026-03-25 21:37:29.904,0.17793303728103638,-0.11928404122591019,-0.06112494692206383,-0.0004668651963584125,0.0012329258024692535,-0.0007689912454225123
2026-03-25 21:37:29.907,0.17202237248420715,-0.12300635874271393,-0.06535017490386963,-0.00029921942041255534,0.0011300408514216542,-0.0006930040544830263
2026-03-25 21:37:29.909,0.18036234378814697,-0.12281586229801178,-0.06749531626701355,-0.0005766039830632508,0.0010010035475715995,-0.0006195679889060557
2026-03-25 21:37:29.911,0.1874626725912094,-0.12412591278553009,-0.06765293329954147,-0.00079970748629421,0.001341222203336656,-0.0006335993530228734
2026-03-25 21:37:29.913,0.18331164121627808,-0.11606678366661072,-0.08070316910743713,-0.00039320584619417787,0.0013742424780502915,-0.0006916378042660654
2026-03-25 21:37:29.915,0.1814786046743393,-0.11536244302988052,-0.07010851055383682,-0.0003648040583357215,0.0014515522634610534,-0.0008280954207293689
2026-03-25 21:37:29.917,0.18403580784797668,-0.12234228849411011,-0.07277216017246246,-0.000405813567340374,0.0011342957150191069,-0.0007908713887445629
2026-03-25 21:37:29.919,0.17978641390800476,-0.1185360848903656,-0.07681175321340561,-0.0005618081777356565,0.00141599727794528,-0.0006865973118692636
2026-03-25 21:37:29.921,0.18825846910476685,-0.12297951430082321,-0.0660662055015564,-0.0007162535330280662,0.0013468301622197032,-0.0007426037336699665
2026-03-25 21:37:29.923,0.19462302327156067,-0.11671624332666397,-0.06594525277614594,-0.0005754147423431277,0.0012285028351470828,-0.0007578194490633905
2026-03-25 21:37:29.925,0.18458758294582367,-0.11506359279155731,-0.06911765038967133,-0.0004635373770724982,0.001256757415831089,-0.0006858197157271206
2026-03-25 21:37:29.927,0.1693737804889679,-0.11755326390266418,-0.06918776780366898,-0.0008198231807909906,0.0013292771764099598,-0.0007962945965118706
2026-03-25 21:37:29.929,0.18302138149738312,-0.11695931851863861,-0.06443098932504654,-0.0006913641700521111,0.001205867389217019,-0.0005070464103482664
2026-03-25 21:37:29.931,0.1888965517282486,-0.11070291697978973,-0.06047344207763672,-0.0006288615404628217,0.001494527910836041,-0.0005127880722284317
2026-03-25 21:37:29.933,0.1915811449289322,-0.11036791652441025,-0.062438927590847015,-0.0007641857955604792,0.001406545634381473,-0.0007270375499501824
2026-03-25 21:37:29.935,0.19243371486663818,-0.10688071697950363,-0.06400728970766068,-0.0008976081153377891,0.001331029343418777,-0.0007954623433761299
2026-03-25 21:37:29.937,0.17910350859165192,-0.10810678452253342,-0.05637803673744202,-0.0006907242932356894,0.0012165253283455968,-0.0009569758549332619
2026-03-25 21:37:29.939,0.1779463291168213,-0.1044398844242096,-0.0734749585390091,-0.000741775322239846,0.0011227874783799052,-0.0008924134890548885
2026-03-25 21:37:29.941,0.18105068802833557,-0.09606166183948517,-0.07593114674091339,-0.0008047948940657079,0.0012470845831558108,-0.0008395675686188042
2026-03-25 21:37:29.943,0.18988631665706635,-0.09617782384157181,-0.0741996243596077,-0.0009004785679280758,0.00143663608469069,-0.0008564467425458133
2026-03-25 21:37:29.945,0.18530172109603882,-0.08877523988485336,-0.08044150471687317,-0.0008440734236501157,0.0011633152607828379,-0.0006418679840862751
2026-03-25 21:37:29.947,0.18096812069416046,-0.09905289858579636,-0.0891912654042244,-0.0009680130751803517,0.0013495312305167317,-0.0009028701460920274
2026-03-25 21:37:29.949,0.18045775592327118,-0.09696872532367706,-0.07663597166538239,-0.0010279702255502343,0.0012103342451155186,-0.0009995526634156704
2026-03-25 21:37:29.951,0.17772558331489563,-0.08689789474010468,-0.07550262659788132,-0.0010239758994430304,0.001306541496887803,-0.0008302406058646739
2026-03-25 21:37:29.953,0.18907923996448517,-0.0846540629863739,-0.07485290616750717,-0.0009502878529019654,0.0011189269134774804,-0.0007408271776512265
2026-03-25 21:37:29.955,0.1787460595369339,-0.08664046972990036,-0.074819415807724,-0.0008783055236563087,0.0013462465722113848,-0.0008497938979417086
2026-03-25 21:37:29.957,0.16689759492874146,-0.09237340092658997,-0.07721345871686935,-0.001010711072012782,0.0012271557934582233,-0.000904166663531214
2026-03-25 21:37:29.959,0.1712619513273239,-0.08095875382423401,-0.08722715079784393,-0.0009154666913673282,0.0012731272727251053,-0.000794613326434046
2026-03-25 21:37:29.961,0.1761072725057602,-0.08185789734125137,-0.08506102859973907,-0.0010851987171918154,0.001311558997258544,-0.0007573041948489845
2026-03-25 21:37:29.963,0.1551087349653244,-0.08701962977647781,-0.08635523170232773,-0.001140869571827352,0.0010587542783468962,-0.0005176661652512848
2026-03-25 21:37:29.965,0.11313014477491379,-0.10476712882518768,-0.11911167949438095,-0.0007762082386761904,0.0005782954976893961,-0.00037515314761549234
2026-03-25 21:37:29.967,0.07347086817026138,-0.12259385734796524,-0.14570094645023346,-0.00045830896124243736,-6.62342572468333e-05,-0.00038163489080034196
2026-03-25 21:37:29.969,0.0683242529630661,-0.13314397633075714,-0.142302468419075,-0.0004347995563875884,-0.00043190052383579314,-0.00038730690721422434
2026-03-25 21:37:29.971,0.07295387238264084,-0.13746431469917297,-0.1328740268945694,-0.00048579758731648326,-0.00031807590858079493,-0.00032529616146348417
2026-03-25 21:37:29.973,0.08096174895763397,-0.1373499631881714,-0.14232183992862701,-0.0004363538755569607,-0.00040705123683437705,-0.0003723113040905446
2026-03-25 21:37:29.975,0.06398016959428787,-0.12997634708881378,-0.15894067287445068,-0.0006313907797448337,-0.0007603387930430472,-0.0004515676118899137
2026-03-25 21:37:29.977,0.06963736563920975,-0.11234410107135773,-0.1478962004184723,-0.0005121598369441926,-0.0005581083241850138,-0.0005138830747455359
2026-03-25 21:37:29.979,0.09375299513339996,-0.10521893203258514,-0.13612902164459229,-0.0010061017237603664,-6.698712968500331e-05,-0.0006023456808179617
2026-03-25 21:37:29.981,0.11258354783058167,-0.08755403757095337,-0.11448146402835846,-0.0011239687446504831,0.0003644389216788113,-0.0007914195884950459
2026-03-25 21:37:29.983,0.13549776375293732,-0.08215337246656418,-0.10108554363250732,-0.0010396518046036363,0.0003480742161627859,-0.0012015590909868479
2026-03-25 21:37:29.985,0.1439783275127411,-0.06410627067089081,-0.10417075455188751,-0.0011930700857192278,0.0006861489382572472,-0.0011187803465873003
2026-03-25 21:37:29.987,0.15652309358119965,-0.054777562618255615,-0.08727215230464935,-0.001412082347087562,0.00096198107348755,-0.0012677935883402824
2026-03-25 21:37:29.989,0.18344175815582275,-0.04705057293176651,-0.08650629967451096,-0.0014232622925192118,0.0011795732425525784,-0.0014453568728640676
2026-03-25 21:37:29.991,0.19012589752674103,-0.03771021589636803,-0.07007316499948502,-0.001507448498159647,0.0013883862411603332,-0.0013380717718973756
2026-03-25 21:37:29.993,0.2021440714597702,-0.045110397040843964,-0.07971504330635071,-0.0012435952667146921,0.001583313220180571,-0.0015568311791867018
2026-03-25 21:37:29.995,0.1989576667547226,-0.044407520443201065,-0.06751648336648941,-0.0015783094568178058,0.001537421136163175,-0.0013950727880001068
2026-03-25 21:37:29.997,0.18943661451339722,-0.04114595428109169,-0.07870423048734665,-0.0015764032723382115,0.001353133236989379,-0.0014124336885288358
2026-03-25 21:37:29.999,0.18547342717647552,-0.04502798244357109,-0.08307689428329468,-0.001369781093671918,0.0011153760133311152,-0.0014514614595100284
2026-03-25 21:37:30.001,0.18632899224758148,-0.04854753240942955,-0.07378038018941879,-0.0012977992882952094,0.0013509554555639625,-0.0016087007243186235
2026-03-25 21:37:30.003,0.19116681814193726,-0.05040983855724335,-0.06854769587516785,-0.0015956319402903318,0.001421591849066317,-0.0013506605755537748
2026-03-25 21:37:30.005,0.19119857251644135,-0.051070671528577805,-0.0684405118227005,-0.0014950522454455495,0.001538198790512979,-0.0013142827665433288
2026-03-25 21:37:30.007,0.1796034425497055,-0.05738475173711777,-0.0810074731707573,-0.0014331158017739654,0.001249066088348627,-0.001102535636164248
2026-03-25 21:37:30.009,0.17423073947429657,-0.06127113103866577,-0.09836558997631073,-0.0012573720887303352,0.0010080684442073107,-0.0009306312422268093
2026-03-25 21:37:30.011,0.16239619255065918,-0.07161775976419449,-0.09393516182899475,-0.0013426728546619415,0.0010351167293265462,-0.0008486920269206166
2026-03-25 21:37:30.013,0.15753008425235748,-0.08043508976697922,-0.0942591205239296,-0.00135054683778435,0.0008209547959268093,-0.0010231061605736613
2026-03-25 21:37:30.015,0.1498214155435562,-0.08499734848737717,-0.10024913400411606,-0.0009725167183205485,0.0007569761946797371,-0.0009807618334889412
2026-03-25 21:37:30.017,0.1435343325138092,-0.08706154674291611,-0.09130548685789108,-0.0010356735438108444,0.0007532999152317643,-0.0008583078742958605
2026-03-25 21:37:30.019,0.1459123194217682,-0.08545058965682983,-0.0897369235754013,-0.0010109597351402044,0.0008175357361324131,-0.0008101657149381936
2026-03-25 21:37:30.021,0.15112316608428955,-0.08448140323162079,-0.09936414659023285,-0.001134115387685597,0.0007792392862029374,-0.0007464135996997356
2026-03-25 21:37:30.023,0.14530763030052185,-0.09078661352396011,-0.09257440268993378,-0.0013012781273573637,0.0009413898806087673,-0.0006009205244481564
2026-03-25 21:37:30.025,0.15476426482200623,-0.08495063334703445,-0.09110192209482193,-0.0011430553859099746,0.0009509220253676176,-0.0008313072030432522
2026-03-25 21:37:30.027,0.1667119264602661,-0.0853593647480011,-0.09053076058626175,-0.0010298421839252114,0.0007976716733537614,-0.0007249126210808754
2026-03-25 21:37:30.029,0.16315925121307373,-0.08448851853609085,-0.07706119120121002,-0.0012397672981023788,0.0009935920825228095,-0.0006914371624588966
2026-03-25 21:37:30.031,0.17785026133060455,-0.07834874838590622,-0.07642421871423721,-0.0011706703808158636,0.0010347019415348768,-0.000526418793015182
2026-03-25 21:37:30.033,0.18778981268405914,-0.07898194342851639,-0.07660501450300217,-0.001153383869677782,0.001271957065910101,-0.0007121206144802272
2026-03-25 21:37:30.035,0.17850616574287415,-0.08453384041786194,-0.06767775118350983,-0.0010919800261035562,0.0012085471535101533,-0.0005859367083758116
2026-03-25 21:37:30.037,0.18461081385612488,-0.08999669551849365,-0.07333635538816452,-0.0009860252030193806,0.0013950630091130733,-0.0008141656289808452
2026-03-25 21:37:30.039,0.19186635315418243,-0.09525458514690399,-0.06823016703128815,-0.0010993692558258772,0.0012733099283650517,-0.0005621456075459719
2026-03-25 21:37:30.041,0.18391425907611847,-0.08981146663427353,-0.0739588737487793,-0.0009576434385962784,0.0012632678262889385,-0.0005523516447283328
2026-03-25 21:37:30.043,0.18660761415958405,-0.10018500685691833,-0.06730625033378601,-0.0011220615124329925,0.0012836471432819963,-0.0005912865162827075
2026-03-25 21:37:30.045,0.19260229170322418,-0.11009620130062103,-0.06796246021986008,-0.0009385441080667078,0.0013341652229428291,-0.0005912173073738813
2026-03-25 21:37:30.047,0.18516406416893005,-0.11195406317710876,-0.06852889060974121,-0.0006924801855348051,0.0013676839880645275,-0.0005605638143606484
2026-03-25 21:37:30.049,0.1804601401090622,-0.11737895011901855,-0.06187858060002327,-0.0006283710827119648,0.0013870097463950515,-0.0005714322905987501
2026-03-25 21:37:30.051,0.1771434098482132,-0.11905217915773392,-0.06805185228586197,-0.0006992320995777845,0.00131613714620471,-0.0005128247430548072
2026-03-25 21:37:30.053,0.1814422458410263,-0.11918678879737854,-0.07570793479681015,-0.0006922463653609157,0.0013556681806221604,-0.00035068023134954274
2026-03-25 21:37:30.055,0.17199744284152985,-0.12649501860141754,-0.06372225284576416,-0.0007767756469547749,0.0011916360817849636,-0.0002403008984401822
2026-03-25 21:37:30.057,0.1777164787054062,-0.1300756186246872,-0.06626828014850616,-0.0006012818193994462,0.001089289435185492,-0.00024569249944761395
2026-03-25 21:37:30.059,0.1760607361793518,-0.13633102178573608,-0.06849448382854462,-0.0007096247863955796,0.001260726130567491,-0.0005229768576100469
2026-03-25 21:37:30.061,0.17516294121742249,-0.13572639226913452,-0.06608456373214722,-0.0006241972441785038,0.0011255311546847224,-0.0005584883037954569
2026-03-25 21:37:30.063,0.17727193236351013,-0.13310888409614563,-0.07424427568912506,-0.000753427273593843,0.001177297905087471,-0.0004724707978311926
2026-03-25 21:37:30.065,0.16767039895057678,-0.1326412707567215,-0.07192303240299225,-0.0005231722607277334,0.0013059640768915415,-0.00039820789243094623
2026-03-25 21:37:30.067,0.1755126267671585,-0.1273239701986313,-0.07246135175228119,-0.0003155947779305279,0.0012075223494321108,-0.0005398837383836508
2026-03-25 21:37:30.069,0.17838038504123688,-0.13605859875679016,-0.06621672213077545,-0.0005352362641133368,0.0011364615056663752,-0.0005421108799055219
2026-03-25 21:37:30.071,0.17621341347694397,-0.1311522126197815,-0.06018412858247757,-0.0003671162121463567,0.001152602955698967,-0.0005956444656476378
2026-03-25 21:37:30.073,0.17469929158687592,-0.12968780100345612,-0.07071813195943832,-0.00043520971667021513,0.0010923797963187099,-0.0006001477595418692
2026-03-25 21:37:30.075,0.17286477982997894,-0.13300824165344238,-0.07688263803720474,-0.0008417882490903139,0.001313743065111339,-0.00046004343312233686
2026-03-25 21:37:30.077,0.1752445548772812,-0.12137778103351593,-0.07756158709526062,-0.0006437893607653677,0.001354374224320054,-0.0005475280340760946
2026-03-25 21:37:30.079,0.16953715682029724,-0.1319206804037094,-0.060867711901664734,-0.0007700438727624714,0.001180666615255177,-0.0007191949407570064
2026-03-25 21:37:30.081,0.16564702987670898,-0.12811179459095,-0.06169606372714043,-0.000618051562923938,0.0012330175377428532,-0.0007255152449943125
2026-03-25 21:37:30.083,0.1693822592496872,-0.13133098185062408,-0.06601231545209885,-0.0004675458185374737,0.0011211939854547381,-0.0006657135090790689
2026-03-25 21:37:30.085,0.16916637122631073,-0.12501047551631927,-0.0657956674695015,-0.0005685215000994503,0.0009999023750424385,-0.0007537436322309077
2026-03-25 21:37:30.087,0.16465967893600464,-0.12443839758634567,-0.07112131267786026,-0.0004952401504851878,0.0012868638150393963,-0.0007488548289984465
2026-03-25 21:37:30.089,0.17832718789577484,-0.12661339342594147,-0.07018477469682693,-0.00047247446491383016,0.0012122193584218621,-0.0006652509327977896
2026-03-25 21:37:30.091,0.17758722603321075,-0.12490544468164444,-0.08404199033975601,-0.00028493916033767164,0.0010668309405446053,-0.0008438247605226934
2026-03-25 21:37:30.093,0.17292578518390656,-0.12801872193813324,-0.071068175137043,-0.00017557818500790745,0.000922748411539942,-0.0007071350119076669
2026-03-25 21:37:30.095,0.1595027893781662,-0.13268747925758362,-0.07750929892063141,-0.00038042047526687384,0.0009441787260584533,-0.0007002995116636157
2026-03-25 21:37:30.097,0.16388030350208282,-0.12591084837913513,-0.08383786678314209,-0.00036975363036617637,0.0011084936559200287,-0.0007766116177663207
2026-03-25 21:37:30.099,0.1656581312417984,-0.1279802918434143,-0.072298564016819,-0.0006720823585055768,0.0012253104941919446,-0.0007154152845032513
2026-03-25 21:37:30.101,0.16886107623577118,-0.13333231210708618,-0.07060720026493073,-0.0003853424568660557,0.0011900713434442878,-0.0006979334866628051
2026-03-25 21:37:30.103,0.16812708973884583,-0.13121454417705536,-0.07761640846729279,-0.00036903508589603007,0.0011133713414892554,-0.0006199314957484603
2026-03-25 21:37:30.105,0.15863965451717377,-0.12311245501041412,-0.07489961385726929,-0.0004512979357969016,0.0010170250898227096,-0.00041337875882163644
2026-03-25 21:37:30.107,0.1610080897808075,-0.12323712557554245,-0.08580829203128815,-0.0004346758942119777,0.0009854405652731657,-0.0006122893537394702
2026-03-25 21:37:30.109,0.17000435292720795,-0.11593932658433914,-0.08915528655052185,-0.00042528865742497146,0.0011710358085110784,-0.0005657071596942842
2026-03-25 21:37:30.111,0.1730336993932724,-0.11767245829105377,-0.07865897566080093,-0.0005000981036573648,0.0010667107999324799,-0.000661141355521977
2026-03-25 21:37:30.113,0.16994400322437286,-0.1152907982468605,-0.07580500841140747,-0.0004775034904014319,0.001086744130589068,-0.000766648561693728
2026-03-25 21:37:30.115,0.16762810945510864,-0.10975821316242218,-0.08787123113870621,-0.00048292320570908487,0.000990414060652256,-0.0007113288156688213
2026-03-25 21:37:30.117,0.16393952071666718,-0.11407797038555145,-0.07775447517633438,-0.0006518751615658402,0.00114277726970613,-0.0009029741631820798
2026-03-25 21:37:30.119,0.1674937605857849,-0.10833863914012909,-0.0793333351612091,-0.0007181806722655892,0.0011350272689014673,-0.0009612382273189723
2026-03-25 21:37:30.121,0.17343772947788239,-0.10993637144565582,-0.08139436691999435,-0.0008648775401525199,0.0009818149264901876,-0.0010265310993418097
2026-03-25 21:37:30.123,0.163877472281456,-0.10578040778636932,-0.08706576377153397,-0.0006604485097341239,0.0009467598283663392,-0.0008429575245827436
2026-03-25 21:37:30.125,0.16639970242977142,-0.10189250111579895,-0.08301239460706711,-0.0005724254879169166,0.0009363779681734741,-0.0008858147193677723
2026-03-25 21:37:30.127,0.16165724396705627,-0.10751041024923325,-0.0776776596903801,-0.000883021391928196,0.0007400563918054104,-0.000818893255200237
2026-03-25 21:37:30.129,0.169418066740036,-0.10087023675441742,-0.08805200457572937,-0.0006496759015135467,0.0010261833667755127,-0.0008101629791781306
2026-03-25 21:37:30.131,0.1713656783103943,-0.10240785032510757,-0.07393806427717209,-0.0010057733161374927,0.001125805196352303,-0.0008483559358865023
2026-03-25 21:37:30.133,0.18221597373485565,-0.09521554410457611,-0.07484357059001923,-0.000828494259621948,0.0013092486187815666,-0.0009903133613988757
2026-03-25 21:37:30.135,0.19443660974502563,-0.0895480066537857,-0.06875460594892502,-0.0007570472080260515,0.0015355052892118692,-0.0011907038278877735
2026-03-25 21:37:30.137,0.2114538550376892,-0.0934818759560585,-0.05640147998929024,-0.0008052964112721384,0.0016402959590777755,-0.001103628659620881
2026-03-25 21:37:30.140,0.20437517762184143,-0.10220714658498764,-0.05633453279733658,-0.000665900413878262,0.001646926044486463,-0.0011708869133144617
2026-03-25 21:37:30.142,0.2009952813386917,-0.10607070475816727,-0.07137782126665115,-0.0005207113572396338,0.0015052029630169272,-0.0009352249908261001
2026-03-25 21:37:30.144,0.1871843785047531,-0.11169165372848511,-0.07282757759094238,-0.00041676536784507334,0.001380634494125843,-0.001143825240433216
2026-03-25 21:37:30.146,0.18849845230579376,-0.10804618895053864,-0.07251056283712387,-0.000568757823202759,0.001416873885318637,-0.0009271961753256619
2026-03-25 21:37:30.148,0.19089967012405396,-0.10177699476480484,-0.06122680753469467,-0.0007404872449114919,0.00102868746034801,-0.0007358056027442217
2026-03-25 21:37:30.150,0.1922077089548111,-0.13260799646377563,-0.0655437558889389,-0.0001919462956720963,0.0014443295076489449,-0.0011833544122055173
2026-03-25 21:37:30.152,0.16416946053504944,-0.1185024231672287,-0.08740683645009995,-0.000478643603855744,0.001112237572669983,-0.000744253455195576
2026-03-25 21:37:30.154,0.13954344391822815,-0.10752800852060318,-0.07523531466722488,-0.0005040608812123537,0.000614282616879791,-0.000659262528643012
2026-03-25 21:37:30.156,0.18304303288459778,-0.10740353167057037,-0.08900217711925507,-0.0005662557086907327,0.0014572417130693793,-0.0006150902481749654
2026-03-25 21:37:30.158,0.16808590292930603,-0.11043372750282288,-0.06938554346561432,-0.0005169783835299313,0.0009992356644943357,-0.0006091282702982426
2026-03-25 21:37:30.160,0.18242499232292175,-0.12086095660924911,-0.08114257454872131,-0.00012083745241397992,0.0012301027309149504,-0.0009753975900821388
2026-03-25 21:37:30.162,0.16377006471157074,-0.11701064556837082,-0.08407702296972275,-0.000569780939258635,0.0008601890876889229,-0.0007060987991280854
2026-03-25 21:37:30.164,0.15571089088916779,-0.11268321424722672,-0.08641422539949417,-0.0006868824129924178,0.000984745449386537,-0.0007639381219632924
2026-03-25 21:37:30.166,0.17950724065303802,-0.11331827938556671,-0.09044364839792252,-0.0007430405239574611,0.0013525274116545916,-0.0006803381838835776
2026-03-25 21:37:30.168,0.16220711171627045,-0.10835333913564682,-0.0758703351020813,-0.0009165801457129419,0.0007574413320980966,-0.0006967248045839369
2026-03-25 21:37:30.170,0.18186058104038239,-0.12365452200174332,-0.08699215203523636,-0.0005020821699872613,0.0012538728769868612,-0.0009634544258005917
2026-03-25 21:37:30.172,0.16707131266593933,-0.11690901219844818,-0.0773887187242508,-0.0005265084910206497,0.0008914899080991745,-0.0005699354805983603
2026-03-25 21:37:30.174,0.17058934271335602,-0.11258868873119354,-0.09210048615932465,-0.0007855770527385175,0.0008958029793575406,-0.0007018595351837575
2026-03-25 21:37:30.176,0.17281506955623627,-0.1125955805182457,-0.08945553004741669,-0.0006689359433948994,0.0012243747478350997,-0.000409664586186409
2026-03-25 21:37:30.178,0.16909262537956238,-0.11436566710472107,-0.09170138090848923,-0.0006901479791849852,0.0013300774153321981,-0.0005958706606179476
2026-03-25 21:37:30.180,0.17628085613250732,-0.11349616944789886,-0.08541161566972733,-0.0006056050769984722,0.0012906999327242374,-0.0007006482337601483
2026-03-25 21:37:30.182,0.1553247720003128,-0.10297683626413345,-0.08137965202331543,-0.0007702415459789336,0.0010022436035797,-0.0003884300822392106
2026-03-25 21:37:30.184,0.17438936233520508,-0.11560462415218353,-0.09286082535982132,-0.0006923369946889579,0.0010350008960813284,-0.0006026534247212112
2026-03-25 21:37:30.186,0.15897689759731293,-0.11768943071365356,-0.08153215050697327,-0.0007078191265463829,0.0009753780323080719,-0.0007153278565965593
2026-03-25 21:37:30.188,0.16354498267173767,-0.11383067816495895,-0.0827493965625763,-0.0009523499757051468,0.0012424805900081992,-0.0005376944318413734
2026-03-25 21:37:30.190,0.18227867782115936,-0.11784429103136063,-0.08622892946004868,-0.0007814437849447131,0.001102806068956852,-0.00046411697985604405
2026-03-25 21:37:30.192,0.18256808817386627,-0.1106531172990799,-0.08137242496013641,-0.0007264306186698377,0.0011241140309721231,-0.0006300011882558465
2026-03-25 21:37:30.194,0.17973634600639343,-0.11555440723896027,-0.09161069244146347,-0.0006889200885780156,0.001294341403990984,-0.0005834173643961549
2026-03-25 21:37:30.196,0.16594825685024261,-0.11166199296712875,-0.09136516600847244,-0.0008389403810724616,0.0010796254500746727,-0.0007415673462674022
2026-03-25 21:37:30.198,0.17602244019508362,-0.10376401245594025,-0.09328716993331909,-0.0008959102560766041,0.0013842686312273145,-0.0007356342393904924
2026-03-25 21:37:30.200,0.1810404509305954,-0.10379276424646378,-0.0913679376244545,-0.0008693818817846477,0.0012889729114249349,-0.0006858912529423833
2026-03-25 21:37:30.202,0.1847713738679886,-0.09965363889932632,-0.09328027069568634,-0.0008996778051368892,0.0011000228114426136,-0.00062596081988886
2026-03-25 21:37:30.204,0.1687767654657364,-0.09811894595623016,-0.08937520533800125,-0.0007722388254478574,0.0009684144170023501,-0.0009291835012845695
2026-03-25 21:37:30.206,0.1638987958431244,-0.10066871345043182,-0.10758834332227707,-0.0006424336461350322,0.0011133821681141853,-0.0008379924111068249
2026-03-25 21:37:30.208,0.17121940851211548,-0.09041337668895721,-0.10610109567642212,-0.0008939667604863644,0.0011417022906243801,-0.0007596618379466236
2026-03-25 21:37:30.210,0.16507640480995178,-0.08418857306241989,-0.09267399460077286,-0.0011632532114163041,0.001223973697051406,-0.0007573598995804787
2026-03-25 21:37:30.212,0.17423458397388458,-0.0921032577753067,-0.09584467113018036,-0.0010770593071356416,0.0012828384060412645,-0.0008662194013595581
2026-03-25 21:37:30.214,0.16510158777236938,-0.09215094149112701,-0.09987178444862366,-0.0007376314606517553,0.0011305955704301596,-0.001111105433665216
2026-03-25 21:37:30.216,0.17070889472961426,-0.08911176025867462,-0.10715807974338531,-0.001017776783555746,0.0011394358007237315,-0.0009748984593898058
2026-03-25 21:37:30.218,0.176053985953331,-0.084014393389225,-0.10393697023391724,-0.0011126993922516704,0.0013294664677232504,-0.0009313140180893242
2026-03-25 21:37:30.220,0.17837584018707275,-0.08691791445016861,-0.09743091464042664,-0.0011936606606468558,0.0011938262032344937,-0.0009381546988151968
2026-03-25 21:37:30.222,0.17070922255516052,-0.08500293642282486,-0.11098627001047134,-0.000959250028245151,0.0010149328736588359,-0.000933879753574729
2026-03-25 21:37:30.224,0.15192833542823792,-0.08697332441806793,-0.10402148216962814,-0.0009289167355746031,0.0010769674554467201,-0.0009445822797715664
2026-03-25 21:37:30.226,0.16218702495098114,-0.08598975092172623,-0.11415887624025345,-0.0008336594328284264,0.0010103842942044139,-0.0009933608816936612
2026-03-25 21:37:30.228,0.16693776845932007,-0.08395377546548843,-0.12007331103086472,-0.001188219408504665,0.0009594295988790691,-0.0008290522382594645
2026-03-25 21:37:30.230,0.16806116700172424,-0.08260133117437363,-0.10690508037805557,-0.0010369612136855721,0.0008658099686726928,-0.0008692991104908288
2026-03-25 21:37:30.232,0.15911953151226044,-0.08891307562589645,-0.10819314420223236,-0.0009056917042471468,0.0007857150048948824,-0.0008478542440570891
2026-03-25 21:37:30.235,0.15680867433547974,-0.0943920910358429,-0.1168988049030304,-0.0010041054338216782,0.0009708997095003724,-0.000990586937405169
2026-03-25 21:37:30.237,0.15233705937862396,-0.09143505245447159,-0.1166631430387497,-0.0008139347773976624,0.0008204070036299527,-0.0010640042601153255
2026-03-25 21:37:30.239,0.1546335518360138,-0.0938626229763031,-0.12353532761335373,-0.0009563331259414554,0.0008862861432135105,-0.001022060983814299
2026-03-25 21:37:30.241,0.1595650613307953,-0.09763585776090622,-0.1134062185883522,-0.0010062336223199964,0.0009438004926778376,-0.0008908043382689357
2026-03-25 21:37:30.243,0.14877662062644958,-0.09346494823694229,-0.1273116171360016,-0.0009800936095416546,0.0008916300139389932,-0.0008550877682864666
2026-03-25 21:37:30.245,0.14921830594539642,-0.10090258717536926,-0.1206241324543953,-0.0007753917016088963,0.00077392952516675,-0.0009632771834731102
2026-03-25 21:37:30.247,0.15887974202632904,-0.10219953209161758,-0.11906058341264725,-0.0009088880615308881,0.0009255156037397683,-0.0008332934230566025
2026-03-25 21:37:30.249,0.1592407375574112,-0.0959017351269722,-0.12552551925182343,-0.0008141248836182058,0.0007782203610986471,-0.0010055935708805919
2026-03-25 21:37:30.250,0.1489192545413971,-0.1047719419002533,-0.12707935273647308,-0.0008732536225579679,0.0008518939139321446,-0.0007154666818678379
2026-03-25 21:37:30.252,0.14449968934059143,-0.0918664038181305,-0.13234740495681763,-0.0009559485479258001,0.0005406991112977266,-0.0005189587827771902
2026-03-25 21:37:30.254,0.15922465920448303,-0.09960254281759262,-0.12649139761924744,-0.0008252524421550333,0.0009994113352149725,-0.0008198481518775225
2026-03-25 21:37:30.256,0.14467018842697144,-0.10151359438896179,-0.11289916932582855,-0.0009134479332715273,0.0007328930660150945,-0.0006764309946447611
2026-03-25 21:37:30.258,0.15002723038196564,-0.10843737423419952,-0.12068819999694824,-0.0008441006648354232,0.0008927344460971653,-0.0007993222097866237
2026-03-25 21:37:30.260,0.14850430190563202,-0.10627606511116028,-0.13140037655830383,-0.0006583943613804877,0.0009210800053551793,-0.0008212535758502781
2026-03-25 21:37:30.262,0.13981002569198608,-0.09718481451272964,-0.1279706507921219,-0.0008826119010336697,0.0005945596494711936,-0.0006512909312732518
2026-03-25 21:37:30.264,0.16277766227722168,-0.10867065191268921,-0.13261322677135468,-0.0006575039005838335,0.000823827285785228,-0.0008789014536887407
2026-03-25 21:37:30.266,0.16883474588394165,-0.11318182200193405,-0.12466414272785187,-0.0007338030263781548,0.0009112583938986063,-0.000771851628087461
2026-03-25 21:37:30.268,0.15401224792003632,-0.11049188673496246,-0.12200338393449783,-0.0007795059937052429,0.0008203817997127771,-0.0007001835620030761
2026-03-25 21:37:30.270,0.14140154421329498,-0.11327455937862396,-0.132179394364357,-0.0006080861785449088,0.0007568035507574677,-0.0007595458882860839
2026-03-25 21:37:30.272,0.14531618356704712,-0.11676608771085739,-0.13857124745845795,-0.000743839715141803,0.0007585804560221732,-0.0006729536689817905
2026-03-25 21:37:30.274,0.14882850646972656,-0.11072707921266556,-0.13601984083652496,-0.0007844014908187091,0.0007448961841873825,-0.0006069838418625295
2026-03-25 21:37:30.276,0.15275388956069946,-0.11390708386898041,-0.1246478408575058,-0.0008626676863059402,0.0008615487604402006,-0.0006626721005886793
2026-03-25 21:37:30.278,0.1642371267080307,-0.12027788162231445,-0.13957412540912628,-0.0006618077750317752,0.0008849870646372437,-0.0008154968381859362
2026-03-25 21:37:30.280,0.14654886722564697,-0.12347812950611115,-0.14068005979061127,-0.00064273172756657,0.000693062087520957,-0.0006368891918100417
2026-03-25 21:37:30.282,0.13000600039958954,-0.11832541227340698,-0.12551100552082062,-0.0006670831935480237,0.0005761553766205907,-0.0006330626201815903
2026-03-25 21:37:30.284,0.15471473336219788,-0.12297194451093674,-0.1380949169397354,-0.0006845874595455825,0.0007672981591895223,-0.0006004571332596242
2026-03-25 21:37:30.286,0.15693987905979156,-0.12766583263874054,-0.12682004272937775,-0.0005024372949264944,0.0009007391054183245,-0.00045040520490147173
2026-03-25 21:37:30.288,0.1426394283771515,-0.12492714822292328,-0.12814685702323914,-0.0002790857688523829,0.0009477980784140527,-0.0006811732891947031
2026-03-25 21:37:30.290,0.15337145328521729,-0.1245369091629982,-0.13056571781635284,-0.0004853605350945145,0.0011099290568381548,-0.000712268112692982
2026-03-25 21:37:30.292,0.1789316087961197,-0.12025462836027145,-0.13226796686649323,-0.0007507373811677098,0.0012390522751957178,-0.0006865175091661513
2026-03-25 21:37:30.294,0.1603580117225647,-0.11721836030483246,-0.11115990579128265,-0.0006764459540136158,0.0009242339292541146,-0.0007066033431328833
2026-03-25 21:37:30.296,0.16036558151245117,-0.12494485080242157,-0.12529027462005615,-0.000279320782283321,0.0010889543918892741,-0.0009185278904624283
2026-03-25 21:37:30.298,0.15709266066551208,-0.12057400494813919,-0.1375839114189148,-0.0002525569871068001,0.000718809780664742,-0.0007315793191082776
2026-03-25 21:37:30.300,0.1476893126964569,-0.11792663484811783,-0.135392427444458,-0.0006240177317522466,0.0008694899152033031,-0.0007613897323608398
2026-03-25 21:37:30.302,0.15495309233665466,-0.11517444998025894,-0.1314234733581543,-0.0007696153479628265,0.0008710909751243889,-0.0006080690654926002
2026-03-25 21:37:30.304,0.1124413013458252,-0.10842938721179962,-0.15421152114868164,-0.001968544675037265,0.00021787866717204452,0.0022368694189935923
2026-03-25 21:37:30.306,-0.3279293179512024,-0.1958208978176117,-0.25041377544403076,0.0007792881224304438,-0.008742932230234146,0.0012233451707288623
2026-03-25 21:37:30.308,-0.3686181604862213,-0.13992856442928314,-0.3669397532939911,-0.0004394536663312465,-0.006172662600874901,0.0017756004817783833
2026-03-25 21:37:30.310,0.00633243890479207,-0.17336489260196686,-0.3097744286060333,-0.0007885982049629092,-0.001468559494242072,-0.0015477456618100405
2026-03-25 21:37:30.312,0.3163568377494812,-0.18189823627471924,-0.3163297474384308,0.000602193467784673,0.003300545969977975,-0.003195771249011159
2026-03-25 21:37:30.314,0.25526878237724304,-0.0919102355837822,-0.10454007238149643,-0.0008365056128241122,0.002122966106981039,-0.0011811591684818268
2026-03-25 21:37:30.316,0.06362531334161758,-0.012877896428108215,-0.005843581631779671,-0.0022684019058942795,0.00015334949421230704,-0.0003191901196260005
2026-03-25 21:37:30.318,0.30881962180137634,-0.11188367754220963,-0.23571562767028809,-0.00010192157787969336,0.002981272991746664,-0.0016083803493529558
2026-03-25 21:37:30.320,0.11900743842124939,-0.09855019301176071,-0.10415627062320709,-0.00027245687670074403,0.0001294334651902318,-0.0019225436262786388
2026-03-25 21:37:30.322,0.13983154296875,-0.07771149277687073,-0.1031409204006195,-0.0008394395117647946,0.001076650689356029,-0.0012839862611144781
2026-03-25 21:37:30.324,0.1924905925989151,-0.07356829196214676,-0.10423418879508972,-0.0007291590445674956,0.0015389322070404887,-0.0015532862162217498
2026-03-25 21:37:30.326,0.2421378344297409,-0.06928551197052002,-0.1139187291264534,-0.0007624084246344864,0.002197075402364135,-0.0015481896698474884
2026-03-25 21:37:30.328,0.2183043211698532,-0.053467389196157455,-0.13097020983695984,-0.0014208996435627341,0.0013797874562442303,-0.0008872117614373565
2026-03-25 21:37:30.330,0.11886108666658401,-0.05830439552664757,-0.11001158505678177,-0.0008424993720836937,0.0006033024401403964,-0.0010251614730805159
2026-03-25 21:37:30.332,0.15088538825511932,-0.11212948709726334,-0.17525288462638855,-0.0004780106828548014,0.0006606157403439283,-0.000970605353359133
2026-03-25 21:37:30.334,0.011606013402342796,-0.10351300239562988,-0.19675444066524506,-0.00046889865188859403,-0.0014799427008256316,-0.0008404715918004513
2026-03-25 21:37:30.336,0.05813540518283844,-0.08887188881635666,-0.25319093465805054,-0.0014789905399084091,-0.0010159914381802082,-0.00011900859681190923
2026-03-25 21:37:30.338,0.004006706178188324,-0.06759242713451385,-0.1683807224035263,-0.00132756435777992,-0.0007629530155099928,-0.0007623947458341718
2026-03-25 21:37:30.340,0.13047944009304047,-0.06663443893194199,-0.1731310933828354,-0.0016640181420370936,0.0006808926700614393,-0.000668360386043787
2026-03-25 21:37:30.342,0.2248109132051468,-0.08649538457393646,-0.16785365343093872,-0.0006129203247837722,0.0018247389234602451,-0.0014797609765082598
2026-03-25 21:37:30.345,0.19072389602661133,-0.07763782143592834,-0.0853143110871315,-0.0002451439795549959,0.0012585866497829556,-0.002291125012561679
2026-03-25 21:37:30.347,0.19055932760238647,-0.06691502779722214,-0.11066030710935593,-0.0010727382032200694,0.001502414932474494,-0.001617580302990973
2026-03-25 21:37:30.349,0.20309311151504517,-0.06091668829321861,-0.14855772256851196,-0.0009332745685242116,0.0015309522859752178,-0.0017450542654842138
2026-03-25 21:37:30.351,0.19214582443237305,-0.049984678626060486,-0.12730559706687927,-0.0013385673519223928,0.0013302545994520187,-0.001236384967342019
2026-03-25 21:37:30.353,0.08317432552576065,-0.042636699974536896,-0.116248719394207,-0.0016831493703648448,-0.0002796397893689573,-0.0004918366903439164
2026-03-25 21:37:30.355,0.13666903972625732,-0.09991981834173203,-0.20512157678604126,-0.0006407793844118714,0.0003323652781546116,-0.0013795265695080161
2026-03-25 21:37:30.357,0.08173934370279312,-0.08668237179517746,-0.17245693504810333,-0.0011546184541657567,-0.0002992807130794972,-0.0007626438746228814
2026-03-25 21:37:30.359,0.06477604806423187,-0.04748604819178581,-0.16660377383232117,-0.001980168977752328,-0.0003032376116607338,-0.00012547385995276272
2026-03-25 21:37:30.361,0.14189593493938446,-0.06495566666126251,-0.16329540312290192,-0.0014374241000041366,0.0008171484805643559,-0.0008904559654183686
2026-03-25 21:37:30.363,0.17185507714748383,-0.0668790340423584,-0.13456258177757263,-0.001003897632472217,0.0013414275599643588,-0.0014327814569696784
2026-03-25 21:37:30.365,0.20644649863243103,-0.07592616975307465,-0.12116838991641998,-0.0010925565147772431,0.001504048123024404,-0.0012046333868056536
2026-03-25 21:37:30.367,0.19630791246891022,-0.07939858734607697,-0.1277862787246704,-0.0008852971950545907,0.0010615347418934107,-0.001404575421474874
2026-03-25 21:37:30.369,0.19011928141117096,-0.07509133964776993,-0.12799055874347687,-0.0009833112126216292,0.001668867189437151,-0.0012870864011347294
2026-03-25 21:37:30.371,0.1373678743839264,-0.07478716969490051,-0.12391406297683716,-0.0016190627356991172,0.0006405661115422845,-0.0006242183735594153
2026-03-25 21:37:30.373,0.14546921849250793,-0.09527850151062012,-0.17029018700122833,-0.0009089204831980169,0.0005305513623170555,-0.0006192722939886153
2026-03-25 21:37:30.375,0.10089819133281708,-0.09376878291368484,-0.16353033483028412,-0.0010346107883378863,-3.426340481382795e-05,-0.0006524251657538116
2026-03-25 21:37:30.377,0.09399817883968353,-0.08495829999446869,-0.1719866842031479,-0.0013775714905932546,0.00017839146312326193,-0.0002916016383096576
2026-03-25 21:37:30.379,0.14123153686523438,-0.09619838744401932,-0.1507919877767563,-0.001096583204343915,0.0004166990693192929,-0.00031436540302820504
2026-03-25 21:37:30.381,0.15788596868515015,-0.0985407754778862,-0.12539416551589966,-0.0009144604555331171,0.0009548549423925579,-0.0007475714082829654
2026-03-25 21:37:30.383,0.17981310188770294,-0.09868026524782181,-0.09913406521081924,-0.000839117681607604,0.0013023300562053919,-0.0007665977464057505
2026-03-25 21:37:30.385,0.21995121240615845,-0.10628177970647812,-0.0977899357676506,-0.000639824487734586,0.0017243627225980163,-0.0009632044821046293
2026-03-25 21:37:30.387,0.21222582459449768,-0.10792414098978043,-0.1100042387843132,-0.000437653943663463,0.0017399685457348824,-0.001082157832570374
2026-03-25 21:37:30.389,0.16165605187416077,-0.10359238088130951,-0.10757268220186234,-0.0009417601395398378,0.001160686369985342,-0.00063959916587919
2026-03-25 21:37:30.391,0.16954131424427032,-0.1234932541847229,-0.14143630862236023,-0.0006252012681216002,0.0012854277156293392,-0.0009992590639740229
2026-03-25 21:37:30.393,0.1662687510251999,-0.12766747176647186,-0.13364973664283752,-0.0005820714868605137,0.0009931466775014997,-0.0005613144603557885
2026-03-25 21:37:30.395,0.11718177050352097,-0.13368947803974152,-0.14531037211418152,-0.0004768681537825614,0.0003588291583582759,-0.0003958876186516136
2026-03-25 21:37:30.397,0.10713477432727814,-0.12662790715694427,-0.16443666815757751,-0.0006729119340889156,0.0005141893634572625,-0.00042996634147129953
2026-03-25 21:37:30.398,0.11635812371969223,-0.11785905808210373,-0.15606527030467987,-0.0008964731823652983,0.00014771506539545953,-0.00035667483462020755
2026-03-25 21:37:30.400,0.16091692447662354,-0.11349429190158844,-0.14325720071792603,-0.0008535868837498128,0.0006200469215400517,-0.00011751310375984758
2026-03-25 21:37:30.402,0.1625678986310959,-0.12230444699525833,-0.11485010385513306,-0.0004911696305498481,0.0010871724225580692,-0.0007976277847774327
2026-03-25 21:37:30.404,0.16834977269172668,-0.12011678516864777,-0.10533130168914795,-0.00042858734377659857,0.001071100472472608,-0.0006782140117138624
2026-03-25 21:37:30.406,0.19105666875839233,-0.11627069860696793,-0.1191272959113121,-0.00042654023854993284,0.0016080160858109593,-0.0004852514248341322
2026-03-25 21:37:30.408,0.19054248929023743,-0.11731424182653427,-0.11234983801841736,-0.0005231822142377496,0.0013227000599727035,-0.0008074616198427975
2026-03-25 21:37:30.410,0.1796080768108368,-0.1041395291686058,-0.12030055373907089,-0.0009776121005415916,0.0012402974534779787,-0.0005447826697491109
2026-03-25 21:37:30.412,0.1855284422636032,-0.11863693594932556,-0.12253765761852264,-0.0006839330308139324,0.001348320976831019,-0.0005263439961709082
2026-03-25 21:37:30.414,0.18275335431098938,-0.1431337296962738,-0.12229255586862564,-0.0002648472727742046,0.0011561389546841383,-0.0009256175253540277
2026-03-25 21:37:30.416,0.157470241189003,-0.1292315125465393,-0.11380016058683395,-0.00036992091918364167,0.001007063197903335,-0.0005718596512451768
2026-03-25 21:37:30.418,0.17271701991558075,-0.1293780505657196,-0.13066092133522034,-0.0006665860419161618,0.0012853351654484868,-0.0006927268113940954
2026-03-25 21:37:30.420,0.1923997402191162,-0.11468625068664551,-0.13293877243995667,-0.0009784494759514928,0.0013294157106429338,-0.00020801814389415085
2026-03-25 21:37:30.422,0.14317406713962555,-0.12470990419387817,-0.1472279280424118,-0.0009177169413305819,0.0008062970009632409,-0.00013221875997260213
2026-03-25 21:37:30.424,0.11806202679872513,-0.14083711802959442,-0.14669270813465118,-0.0004396764561533928,0.00010951104195555672,-0.0005297550233080983
2026-03-25 21:37:30.426,0.1057877317070961,-0.13759426772594452,-0.14779417216777802,-0.00045702463830821216,0.0002716014569159597,-0.00022428839292842895
2026-03-25 21:37:30.428,0.13655468821525574,-0.13740012049674988,-0.13408738374710083,-0.0004716954135801643,0.0008147191256284714,-9.808550385059789e-05
2026-03-25 21:37:30.430,0.18293063342571259,-0.13202036917209625,-0.1388019323348999,-0.0002039103419519961,0.0011127584148198366,-0.0005377235356718302
2026-03-25 21:37:30.432,0.18233463168144226,-0.1084577888250351,-0.11076565831899643,-0.0006582058849744499,0.0013024051440879703,-0.0005776217440143228
2026-03-25 21:37:30.434,0.21103250980377197,-0.11303047835826874,-0.09747351706027985,-0.0008731046691536903,0.0018173072021454573,-0.0005510553019121289
2026-03-25 21:37:30.436,0.1893063187599182,-0.11956578493118286,-0.11267508566379547,-0.0005017560324631631,0.0013633749913424253,-0.0008176338160410523
2026-03-25 21:37:30.438,0.1506437510251999,-0.11972987651824951,-0.11002589017152786,-0.0003916356945410371,0.000887795293238014,-0.000931659247726202
2026-03-25 21:37:30.440,0.1750340610742569,-0.12257812917232513,-0.12912394106388092,-0.0005356142646633089,0.0012828290928155184,-0.0009388172766193748
2026-03-25 21:37:30.442,0.16857220232486725,-0.11243987828493118,-0.13793222606182098,-0.001120712491683662,0.0012312777107581496,-0.0005274660652503371
2026-03-25 21:37:30.444,0.1513453871011734,-0.11763127893209457,-0.1598125547170639,-0.0008211073582060635,0.0009446017211303115,-0.0007724689785391092
2026-03-25 21:37:30.446,0.10710455477237701,-0.11030511558055878,-0.15831394493579865,-0.0005923998542129993,0.0002852788893505931,-0.0006886411574669182
2026-03-25 21:37:30.448,0.10721901059150696,-0.1123889833688736,-0.16870899498462677,-0.0009509636438451707,0.00029538298258557916,-0.0005069280741736293
2026-03-25 21:37:30.450,0.1257440149784088,-0.11889397352933884,-0.1497913897037506,-0.00041022952063940465,0.0003410582721699029,-0.0008027996518649161
2026-03-25 21:37:30.452,0.14803478121757507,-0.1089009940624237,-0.13438434898853302,-0.0006717999349348247,0.0007586693973280489,-0.0009348407620564103
2026-03-25 21:37:30.454,0.15487101674079895,-0.08702368289232254,-0.10916422307491302,-0.0007968050776980817,0.0007777507416903973,-0.000755340326577425
2026-03-25 21:37:30.456,0.19610150158405304,-0.08623795211315155,-0.10701951384544373,-0.0010610184399411082,0.0014433879405260086,-0.000971510075032711
2026-03-25 21:37:30.458,0.2114010900259018,-0.08585936576128006,-0.11533026397228241,-0.0010310474317520857,0.0016154563054442406,-0.0008734180592000484
2026-03-25 21:37:30.460,0.18345126509666443,-0.08643340319395065,-0.12782886624336243,-0.0009732735925354064,0.001216548029333353,-0.0008836113265715539
2026-03-25 21:37:30.462,0.14696592092514038,-0.09997623413801193,-0.13508222997188568,-0.0008265091455541551,0.0008034423808567226,-0.0008655012934468687
2026-03-25 21:37:30.464,0.13898390531539917,-0.10191629827022552,-0.15422432124614716,-0.0007901604985818267,0.0006439507706090808,-0.0007076142937876284
2026-03-25 21:37:30.466,0.10648564249277115,-0.10524535924196243,-0.15933983027935028,-0.0009518608567304909,0.00020813591254409403,-0.0007644252036698163
2026-03-25 21:37:30.468,0.13661335408687592,-0.1072070300579071,-0.18014614284038544,-0.0010314685059711337,0.00018640828784555197,-0.0007114256150089204
2026-03-25 21:37:30.470,0.1258467584848404,-0.10696838796138763,-0.1516593098640442,-0.0008206588099710643,0.0001603886194061488,-0.0008031906327232718
2026-03-25 21:37:30.472,0.1477942168712616,-0.1062188521027565,-0.15724389255046844,-0.0005542617873288691,0.0008491517510265112,-0.0010610779281705618
2026-03-25 21:37:30.474,0.15134990215301514,-0.09304264932870865,-0.13463546335697174,-0.0009195220773108304,0.000960605510044843,-0.0008762824581936002
2026-03-25 21:37:30.476,0.1695231795310974,-0.08553886413574219,-0.12566769123077393,-0.0008992560324259102,0.0010156529024243355,-0.0009307941072620451
2026-03-25 21:37:30.478,0.1715220957994461,-0.07826784998178482,-0.12337896227836609,-0.0011490759206935763,0.0011471254983916879,-0.0010113859316334128
2026-03-25 21:37:30.480,0.1658315807580948,-0.08527707308530807,-0.1308220624923706,-0.0011514395009726286,0.0011765786912292242,-0.0011073641944676638
2026-03-25 21:37:30.482,0.16258791089057922,-0.09208264946937561,-0.13383468985557556,-0.0009008015040308237,0.001054359250701964,-0.0009137116139754653
2026-03-25 21:37:30.484,0.12943720817565918,-0.09504189342260361,-0.12345056235790253,-0.000769761682022363,0.00042178068542853,-0.0010998300276696682
2026-03-25 21:37:30.486,0.14314942061901093,-0.0979941114783287,-0.1504923701286316,-0.0006630100542679429,0.0006926152855157852,-0.0009068023064173758
2026-03-25 21:37:30.488,0.13362586498260498,-0.09685917943716049,-0.1473069041967392,-0.0006015021936036646,0.0005774048622697592,-0.0007865997031331062
2026-03-25 21:37:30.490,0.15709099173545837,-0.08927199989557266,-0.1601284146308899,-0.0010667279129847884,0.0008703602361492813,-0.0006134721334092319
2026-03-25 21:37:30.492,0.13578186929225922,-0.07936917245388031,-0.13564671576023102,-0.001162076136097312,0.0007119863876141608,-0.0008485867874696851
2026-03-25 21:37:30.494,0.14668673276901245,-0.0893336609005928,-0.14031767845153809,-0.001121409353800118,0.0007984386757016182,-0.000815242005046457
2026-03-25 21:37:30.496,0.1392829418182373,-0.0943140760064125,-0.1470506489276886,-0.000823961803689599,0.000738248520065099,-0.0008218438597396016
2026-03-25 21:37:30.498,0.1503865122795105,-0.10765031725168228,-0.15563669800758362,-0.0005790034192614257,0.000878008606377989,-0.0012535506393760443
2026-03-25 21:37:30.500,0.14196205139160156,-0.09132226556539536,-0.15052500367164612,-0.0009136543376371264,0.000811721314676106,-0.001037708017975092
2026-03-25 21:37:30.502,0.15426978468894958,-0.08170054107904434,-0.13326983153820038,-0.0010932560544461012,0.0008490902837365866,-0.0009775059297680855
2026-03-25 21:37:30.504,0.1575465053319931,-0.08219538629055023,-0.13116294145584106,-0.0011018108343705535,0.0009880575817078352,-0.0006689919391646981
2026-03-25 21:37:30.506,0.13986335694789886,-0.0798896849155426,-0.1277470588684082,-0.0008947359165176749,0.0007595701026730239,-0.000867180060595274
2026-03-25 21:37:30.508,0.15901537239551544,-0.10224416106939316,-0.13803336024284363,-0.0005571807269006968,0.0007897440809756517,-0.0011667783837765455
2026-03-25 21:37:30.510,0.16196699440479279,-0.09812495112419128,-0.14544221758842468,-0.0005841842503286898,0.0008855591295287013,-0.0009490261436440051
2026-03-25 21:37:30.512,0.17927008867263794,-0.08782222121953964,-0.14578726887702942,-0.0009152705897577107,0.0012055204715579748,-0.0007391683757305145
2026-03-25 21:37:30.514,0.1538102775812149,-0.09042444825172424,-0.13512565195560455,-0.0012360940454527736,0.0008399728685617447,-0.0009088525548577309
2026-03-25 21:37:30.516,0.14767037332057953,-0.08955268561840057,-0.14226016402244568,-0.0007683492731302977,0.0009297337383031845,-0.0009439035202376544
2026-03-25 21:37:30.518,0.13732580840587616,-0.10701146721839905,-0.15390902757644653,-0.0008207908249460161,0.0007562857936136425,-0.0008888734737411141
2026-03-25 21:37:30.520,0.1366339772939682,-0.11563576757907867,-0.1522468477487564,-0.0004670234047807753,0.00035668775672093034,-0.0009549558162689209
2026-03-25 21:37:30.522,0.13713710010051727,-0.11145864427089691,-0.15117906033992767,-0.0004815676948055625,0.0007749081705696881,-0.0009185875533148646
2026-03-25 21:37:30.524,0.13161571323871613,-0.0906667485833168,-0.1399439424276352,-0.0008439687662757933,0.0008403816027566791,-0.0006015112157911062
2026-03-25 21:37:30.526,0.17703324556350708,-0.09228435903787613,-0.1441122144460678,-0.0009422709699720144,0.0012890681391581893,-0.00048174706171266735
2026-03-25 21:37:30.528,0.1761033684015274,-0.0952162891626358,-0.13119713962078094,-0.0007870577974244952,0.0010045344242826104,-0.0007424961659125984
2026-03-25 21:37:30.530,0.17506052553653717,-0.09990356117486954,-0.14004088938236237,-0.0006648232229053974,0.0011168901110067964,-0.0008506732410751283
2026-03-25 21:37:30.532,0.15359030663967133,-0.10048766434192657,-0.11782798916101456,-0.0006599053740501404,0.0006987032829783857,-0.0006026391638442874
2026-03-25 21:37:30.534,0.17065457999706268,-0.10683495551347733,-0.12563174962997437,-0.0006928135408088565,0.000973552989307791,-0.0007950183353386819
2026-03-25 21:37:30.536,0.15038686990737915,-0.09058642387390137,-0.11714679002761841,-0.0010802316246554255,0.0007019651820883155,-0.0006287079304456711
2026-03-25 21:37:30.538,0.15439260005950928,-0.0992686003446579,-0.13788467645645142,-0.0009769414318725467,0.0010093625169247389,-0.000727350648958236
2026-03-25 21:37:30.540,0.15792955458164215,-0.10661417245864868,-0.1508236676454544,-0.0007942714146338403,0.0009812911739572883,-0.0007286730105988681
2026-03-25 21:37:30.542,0.1527194380760193,-0.11035189032554626,-0.1470327526330948,-0.0009637892944738269,0.0007641353877261281,-0.0007366106146946549
2026-03-25 21:37:30.544,0.1514504849910736,-0.10446895658969879,-0.1483180969953537,-0.0006798616959713399,0.0007924291421659291,-0.0008456821087747812
2026-03-25 21:37:30.546,0.14146848022937775,-0.10280926525592804,-0.13255245983600616,-0.0006737276562489569,0.0004530391888692975,-0.0008786690304987133
2026-03-25 21:37:30.548,0.1587526649236679,-0.10522057861089706,-0.1489602029323578,-0.0008614322869107127,0.0006317084189504385,-0.0006251265876926482
2026-03-25 21:37:30.550,0.14051149785518646,-0.10142390429973602,-0.11828940361738205,-0.0009081654716283083,0.0007229201146401465,-0.0005612256354652345
2026-03-25 21:37:30.552,0.15306375920772552,-0.10750563442707062,-0.13558520376682281,-0.0007671713246963918,0.0010389323579147458,-0.0005848560249432921
2026-03-25 21:37:30.554,0.15456268191337585,-0.10369668900966644,-0.1258443295955658,-0.0006856787949800491,0.0007573955226689577,-0.0006628179689869285
2026-03-25 21:37:30.556,0.16752338409423828,-0.10174332559108734,-0.13147293031215668,-0.0007347364444285631,0.0009541028994135559,-0.0006341427797451615
2026-03-25 21:37:30.558,0.16553664207458496,-0.10758472979068756,-0.11706513166427612,-0.0007433795253746212,0.0010837289737537503,-0.000803527538664639
2026-03-25 21:37:30.560,0.165191188454628,-0.09179206937551498,-0.11671087145805359,-0.0008783090743236244,0.000946270301938057,-0.0005364795215427876
2026-03-25 21:37:30.563,0.1671665459871292,-0.09914695471525192,-0.13459351658821106,-0.0007415400468744338,0.0010649249888956547,-0.0007795633282512426
2026-03-25 21:37:30.565,0.15516304969787598,-0.10556735843420029,-0.12660515308380127,-0.000729648454580456,0.0009765930008143187,-0.0008805334218777716
2026-03-25 21:37:30.567,0.1525457501411438,-0.10830510407686234,-0.14069542288780212,-0.0006428664783015847,0.0010137741919606924,-0.0006932131946086884
2026-03-25 21:37:30.569,0.1485065370798111,-0.11750193685293198,-0.1372034102678299,-0.0006737663643434644,0.0007439142791554332,-0.0007410991820506752
2026-03-25 21:37:30.571,0.13880382478237152,-0.11189652979373932,-0.14610430598258972,-0.000642924103885889,0.0005540116690099239,-0.0008111117640510201
2026-03-25 21:37:30.573,0.14898639917373657,-0.1114167720079422,-0.15443214774131775,-0.0007159162778407335,0.0007329003419727087,-0.0006981188198551536
2026-03-25 21:37:30.575,0.14447832107543945,-0.10519707202911377,-0.13676214218139648,-0.00048568396596238017,0.0006307368166744709,-0.0007843563798815012
2026-03-25 21:37:30.577,0.14995409548282623,-0.11006975173950195,-0.13765160739421844,-0.0007298564305528998,0.0008284807554446161,-0.0008597536943852901
2026-03-25 21:37:30.579,0.15409289300441742,-0.10850636661052704,-0.13189640641212463,-0.0007375144050456583,0.0010624222923070192,-0.0008294538129121065
2026-03-25 21:37:30.581,0.16675889492034912,-0.10160940140485764,-0.12316060811281204,-0.0007369174854829907,0.001068920362740755,-0.0006118756718933582
2026-03-25 21:37:30.583,0.1589289754629135,-0.09962829202413559,-0.12495908886194229,-0.0009231481235474348,0.001254419912584126,-0.0007786193746142089
2026-03-25 21:37:30.585,0.1660151183605194,-0.0974106714129448,-0.11822790652513504,-0.0008416014607064426,0.0010275321546941996,-0.0007812283001840115
2026-03-25 21:37:30.587,0.1659637838602066,-0.09724154323339462,-0.1288926750421524,-0.0009150546975433826,0.0008853782783262432,-0.0006230767467059195
2026-03-25 21:37:30.589,0.1600247323513031,-0.09927631914615631,-0.12554369866847992,-0.0008419805089943111,0.000702052260749042,-0.0006126369698904455
2026-03-25 21:37:30.591,0.15796872973442078,-0.10518818348646164,-0.13855098187923431,-0.0009584056679159403,0.0007952064624987543,-0.0005913232453167439
2026-03-25 21:37:30.593,0.1692906618118286,-0.11202669888734818,-0.14365272223949432,-0.0007043466321192682,0.0009263837710022926,-0.000600575003772974
2026-03-25 21:37:30.595,0.14488281309604645,-0.11378305405378342,-0.1352071762084961,-0.0008237212314270437,0.0007308549829758704,-0.0006428968627005816
2026-03-25 21:37:30.597,0.142327681183815,-0.10859876871109009,-0.14138974249362946,-0.0008002430549822748,0.0009677812340669334,-0.0006929254741407931
2026-03-25 21:37:30.599,0.1444890946149826,-0.11582260578870773,-0.14316107332706451,-0.0008826196426525712,0.0006657424382865429,-0.0006264257244765759
2026-03-25 21:37:30.601,0.1495417207479477,-0.11805500835180283,-0.13554933667182922,-0.0007690036436542869,0.0008868019212968647,-0.0006710764137096703
2026-03-25 21:37:30.603,0.1441146582365036,-0.11346195638179779,-0.1364601105451584,-0.0005579919088631868,0.000863976136315614,-0.0010366094065830112
2026-03-25 21:37:30.605,0.16421224176883698,-0.11049383878707886,-0.13617396354675293,-0.0006622943328693509,0.0007946334662847221,-0.0007384013733826578
2026-03-25 21:37:30.607,0.16954456269741058,-0.11524037271738052,-0.12118282914161682,-0.0005525156739167869,0.0012786039151251316,-0.0007365510100498796
2026-03-25 21:37:30.609,0.1586214005947113,-0.09744831174612045,-0.11677638441324234,-0.0006317018414847553,0.0009287752327509224,-0.0007831744733266532
2026-03-25 21:37:30.613,0.168376624584198,-0.1062174141407013,-0.12525883316993713,-0.0007879653130657971,0.0012467321939766407,-0.000646771804895252
2026-03-25 21:37:30.615,0.16353532671928406,-0.11132416874170303,-0.13276058435440063,-0.0006740963435731828,0.0009410985512658954,-0.0005173853714950383
2026-03-25 21:37:30.617,0.1585354208946228,-0.1267908811569214,-0.14071539044380188,-0.0004508047422859818,0.0010439282050356269,-0.0009166530217044055
2026-03-25 21:37:30.619,0.13211451470851898,-0.12072557210922241,-0.13196556270122528,-0.0007002809434197843,0.0005673947744071484,-0.0005867870640940964
2026-03-25 21:37:30.621,0.14243866503238678,-0.1227378249168396,-0.1387947052717209,-0.0006885606562718749,0.0008803937234915793,-0.0006749702733941376
2026-03-25 21:37:30.623,0.15153053402900696,-0.12157785892486572,-0.14359767735004425,-0.0005605105543509126,0.0008073626086115837,-0.000875511032063514
2026-03-25 21:37:30.625,0.15260270237922668,-0.12557262182235718,-0.14226995408535004,-0.0007074825698509812,0.0009721239912323654,-0.0006546262884512544
2026-03-25 21:37:30.627,0.159573033452034,-0.11980334669351578,-0.12052199244499207,-0.0006782566197216511,0.0008514318033121526,-0.0008091608760878444
2026-03-25 21:37:30.629,0.16043530404567719,-0.11175134032964706,-0.13185006380081177,-0.0007465720409527421,0.0009321591351181269,-0.0005411146557889879
2026-03-25 21:37:30.631,0.17059087753295898,-0.1114906594157219,-0.12744417786598206,-0.0008264553616754711,0.0012762228725478053,-0.0006626358372159302
2026-03-25 21:37:30.633,0.15016606450080872,-0.09996951371431351,-0.1103617325425148,-0.0008111375500448048,0.0008739367476664484,-0.0006756636430509388
2026-03-25 21:37:30.635,0.17148186266422272,-0.11271610110998154,-0.12905383110046387,-0.0007954243919812143,0.0012020968133583665,-0.000662280828692019
2026-03-25 21:37:30.637,0.16541635990142822,-0.11527029424905777,-0.12584328651428223,-0.0007236240198835731,0.0010185715509578586,-0.0007433990249410272
2026-03-25 21:37:30.639,0.15297919511795044,-0.1124497726559639,-0.12412531673908234,-0.0009720814996398985,0.0006415360257960856,-0.0006031689117662609
2026-03-25 21:37:30.641,0.15907427668571472,-0.12105623632669449,-0.13319522142410278,-0.0006918382132425904,0.0010564239928498864,-0.0006738319643773139
2026-03-25 21:37:30.643,0.1516239196062088,-0.11362215876579285,-0.14323705434799194,-0.0006966771907173097,0.0008649597293697298,-0.0007089609280228615
2026-03-25 21:37:30.645,0.14985117316246033,-0.120112843811512,-0.1499944031238556,-0.0007616338552907109,0.0009569583344273269,-0.0008282871567644179
2026-03-25 21:37:30.647,0.14788787066936493,-0.11649481952190399,-0.14156612753868103,-0.0007284280727617443,0.0007073157466948032,-0.000789484940469265
2026-03-25 21:37:30.649,0.1560879349708557,-0.11314994096755981,-0.14521238207817078,-0.0006662775413133204,0.0009352563647553325,-0.0007181056425906718
2026-03-25 21:37:30.651,0.14000029861927032,-0.10550820827484131,-0.13096250593662262,-0.0006611548596993089,0.0007241060957312584,-0.0008859663503244519
2026-03-25 21:37:30.653,0.14444713294506073,-0.09907548874616623,-0.13437646627426147,-0.0005893824272789061,0.0007888904656283557,-0.0008108378387987614
2026-03-25 21:37:30.655,0.17067453265190125,-0.1075589507818222,-0.14849311113357544,-0.0007376973517239094,0.001121874083764851,-0.0007987624849192798
2026-03-25 21:37:30.657,0.14934593439102173,-0.1017959788441658,-0.1162271648645401,-0.0008737779571674764,0.0008373185992240906,-0.0006093833362683654
2026-03-25 21:37:30.659,0.16344429552555084,-0.09935403615236282,-0.12634804844856262,-0.00081445841351524,0.0010491388384252787,-0.0008610741351731122
2026-03-25 21:37:30.661,0.16904814541339874,-0.0945567712187767,-0.1306554228067398,-0.0008835743647068739,0.0010424250504001975,-0.0006703468388877809
2026-03-25 21:37:30.663,0.14537747204303741,-0.09906164556741714,-0.12300468236207962,-0.0010918965563178062,0.0008912138873711228,-0.000677933800034225
2026-03-25 21:37:30.665,0.15970194339752197,-0.10659360885620117,-0.13238993287086487,-0.0009100789320655167,0.0006370727205649018,-0.0008409235742874444
2026-03-25 21:37:30.667,0.1568579375743866,-0.10278042405843735,-0.13827286660671234,-0.0010347499046474695,0.0005868800217285752,-0.0008358315099030733
2026-03-25 21:37:30.669,0.14758166670799255,-0.10774704068899155,-0.12617751955986023,-0.001029652776196599,0.0008487878949381411,-0.0007880604243837297
2026-03-25 21:37:30.671,0.1352783590555191,-0.10173825919628143,-0.13038316369056702,-0.0007779118022881448,0.0006987868109717965,-0.0009651260916143656
2026-03-25 21:37:30.673,0.1610708236694336,-0.09081462770700455,-0.14720594882965088,-0.0009525056811980903,0.0005770683055743575,-0.0007137940265238285
2026-03-25 21:37:30.675,0.16380295157432556,-0.0990956723690033,-0.15238963067531586,-0.0008421150268986821,0.0009158853208646178,-0.0009359512478113174
2026-03-25 21:37:30.677,0.12475287914276123,-0.09021709859371185,-0.1377677172422409,-0.0007872094283811748,0.0007168371812440455,-0.001033072592690587
2026-03-25 21:37:30.679,0.15003405511379242,-0.07915002852678299,-0.15438342094421387,-0.001163189997896552,0.0009239728096872568,-0.0005929194740019739
2026-03-25 21:37:30.681,0.15050068497657776,-0.09229592233896255,-0.1429682970046997,-0.0009216436883434653,0.0010189468739554286,-0.0009137988672591746
2026-03-25 21:37:30.683,0.1434011459350586,-0.08768125623464584,-0.12509067356586456,-0.0009495453559793532,0.0005884492420591414,-0.0009980043396353722
2026-03-25 21:37:30.685,0.1556852161884308,-0.08602505922317505,-0.13244986534118652,-0.0007996184867806733,0.0008979340200312436,-0.0010223734425380826
2026-03-25 21:37:30.687,0.1729263961315155,-0.09023414552211761,-0.1392798125743866,-0.0009222370572388172,0.0011451748432591558,-0.0009559213649481535
2026-03-25 21:37:30.689,0.14711183309555054,-0.08495303988456726,-0.14234255254268646,-0.0012816363014280796,0.0008853148319758475,-0.0008910769829526544
2026-03-25 21:37:30.691,0.14674018323421478,-0.09243527054786682,-0.13550753891468048,-0.0010301456786692142,0.0008629612857475877,-0.001117981388233602
2026-03-25 21:37:30.693,0.15248286724090576,-0.08841752260923386,-0.15117068588733673,-0.0011386395199224353,0.0006278319051489234,-0.0007943687378428876
2026-03-25 21:37:30.695,0.1459338366985321,-0.08121508359909058,-0.15812155604362488,-0.0009358962415717542,0.0006460006698034704,-0.0007761905435472727
2026-03-25 21:37:30.697,0.13212326169013977,-0.09803634881973267,-0.14751648902893066,-0.0009189410484395921,0.0007022975478321314,-0.0010909894481301308
2026-03-25 21:37:30.699,0.1315900981426239,-0.09219615161418915,-0.13847285509109497,-0.0009726728894747794,0.0005253655253909528,-0.000981510616838932
2026-03-25 21:37:30.701,0.15421849489212036,-0.09199611842632294,-0.14961938560009003,-0.0007522652158513665,0.0009835705859586596,-0.0009176122839562595
2026-03-25 21:37:30.703,0.1352394074201584,-0.10007552802562714,-0.13311485946178436,-0.0008486760198138654,0.0007123024552129209,-0.000911284179892391
2026-03-25 21:37:30.705,0.14215509593486786,-0.08960266411304474,-0.13227325677871704,-0.0010486326646059752,0.0006494303233921528,-0.0009297264041379094
2026-03-25 21:37:30.707,0.16901946067810059,-0.08933091163635254,-0.1306164711713791,-0.0009417074616067111,0.0008638491271995008,-0.0007082012598402798
2026-03-25 21:37:30.709,0.17445673048496246,-0.09037914127111435,-0.1315704733133316,-0.0008307390380650759,0.0011164180468767881,-0.0008889693999662995
2026-03-25 21:37:30.711,0.15186966955661774,-0.08348358422517776,-0.12089356780052185,-0.0009358942043036222,0.0008744403021410108,-0.000907909357920289
2026-03-25 21:37:30.713,0.15689286589622498,-0.09095414727926254,-0.13817915320396423,-0.0009872461669147015,0.0011539030820131302,-0.0007836648728698492
2026-03-25 21:37:30.715,0.17424669861793518,-0.09841708838939667,-0.15162424743175507,-0.0010088235139846802,0.0010616020299494267,-0.0008161438163369894
2026-03-25 21:37:30.717,0.12549670040607452,-0.09867741912603378,-0.13244378566741943,-0.0009453984093852341,0.00040370706119574606,-0.000865765439812094
2026-03-25 21:37:30.719,0.1359664350748062,-0.11051023006439209,-0.14215300977230072,-0.0008014935883693397,0.0007335671107284725,-0.0009024969767779112
2026-03-25 21:37:30.721,0.14200051128864288,-0.1093742772936821,-0.13864576816558838,-0.0006457415875047445,0.0007371881511062384,-0.0009092640248127282
2026-03-25 21:37:30.723,0.1480635404586792,-0.10620644688606262,-0.14265076816082,-0.0006402389844879508,0.0007680015987716615,-0.0007527428097091615
2026-03-25 21:37:30.725,0.14817816019058228,-0.10627695918083191,-0.1458488553762436,-0.0005670581012964249,0.000706819468177855,-0.0010439446195960045
2026-03-25 21:37:30.727,0.15463551878929138,-0.10215505212545395,-0.13564258813858032,-0.0006156854215078056,0.000945760402828455,-0.0009689503349363804
2026-03-25 21:37:30.729,0.16756784915924072,-0.09522645175457001,-0.1333070546388626,-0.0009282040991820395,0.0009920913726091385,-0.0007023037760518491
2026-03-25 21:37:30.731,0.1653822511434555,-0.1031751036643982,-0.12411153316497803,-0.0007492595468647778,0.001159890671260655,-0.0007353586843237281
2026-03-25 21:37:30.733,0.15048356354236603,-0.0994781032204628,-0.11618220806121826,-0.0008387825801037252,0.0009585490915924311,-0.0007977597997523844
2026-03-25 21:37:30.735,0.1556941121816635,-0.10397543013095856,-0.12010518461465836,-0.000812615267932415,0.0009355759248137474,-0.0005572834052145481
2026-03-25 21:37:30.737,0.17174477875232697,-0.11243747919797897,-0.137739360332489,-0.0006995295989327133,0.0011119311675429344,-0.0007304835016839206
2026-03-25 21:37:30.739,0.1577458381652832,-0.12227091938257217,-0.12718403339385986,-0.0006684030522592366,0.0009112976840697229,-0.0009185237577185035
2026-03-25 21:37:30.741,0.14434875547885895,-0.11839962005615234,-0.12537716329097748,-0.0008294374565593898,0.0010224791476503015,-0.0006670395960099995
2026-03-25 21:37:30.743,0.15583491325378418,-0.11689899861812592,-0.14626522362232208,-0.0007410378311760724,0.001040618633851409,-0.0004783713084179908
2026-03-25 21:37:30.745,0.16738763451576233,-0.12511242926120758,-0.14248548448085785,-0.0005816954653710127,0.0008238726877607405,-0.0005376648041419685
2026-03-25 21:37:30.747,0.13949920237064362,-0.12396617978811264,-0.1290639042854309,-0.00039990313234739006,0.0007543768733739853,-0.0006461527664214373
2026-03-25 21:37:30.749,0.14068518579006195,-0.1162566989660263,-0.14015132188796997,-0.0006920408923178911,0.0007307275081984699,-0.00031892629340291023
2026-03-25 21:37:30.751,0.16358032822608948,-0.1352934092283249,-0.13865409791469574,-0.0005054697394371033,0.0009119053138419986,-0.0006305824499577284
2026-03-25 21:37:30.753,0.15683823823928833,-0.11942985653877258,-0.1162698045372963,-0.0004610311007127166,0.0007627539453096688,-0.000713117013219744
2026-03-25 21:37:30.755,0.14594052731990814,-0.11054468154907227,-0.12065549939870834,-0.0007818790036253631,0.0009345666621811688,-0.0006590848206542432
2026-03-25 21:37:30.757,0.1795770823955536,-0.1186128631234169,-0.1275109201669693,-0.0006391068454831839,0.0011650798842310905,-0.0006917240680195391
2026-03-25 21:37:30.759,0.16825854778289795,-0.12000400573015213,-0.11276299506425858,-0.00039308611303567886,0.0012425263412296772,-0.0007176317740231752
2026-03-25 21:37:30.761,0.16823530197143555,-0.10913324356079102,-0.11085901409387589,-0.0007700252463109791,0.0011186148039996624,-0.0006393242510966957
2026-03-25 21:37:30.763,0.17598479986190796,-0.11249952018260956,-0.12935291230678558,-0.0007502713706344366,0.0010646263835951686,-0.00040557736065238714
2026-03-25 21:37:30.765,0.16552911698818207,-0.12228751927614212,-0.1302506923675537,-0.0006839185953140259,0.0011560253333300352,-0.0007805639761500061
2026-03-25 21:37:30.767,0.1559443175792694,-0.12259677052497864,-0.13414570689201355,-0.0008160401484929025,0.0007335456321015954,-0.0005962277064099908
2026-03-25 21:37:30.769,0.14937132596969604,-0.1212536096572876,-0.14931145310401917,-0.0007522464147768915,0.0008194911642931402,-0.0005518310354091227
2026-03-25 21:37:30.771,0.1410062611103058,-0.1327524334192276,-0.14832256734371185,-0.0005274083814583719,0.0006805633311159909,-0.0006998643511906266
2026-03-25 21:37:30.773,0.13825169205665588,-0.1335977166891098,-0.14194250106811523,-0.0006121460464783013,0.0007355556590482593,-0.0005986503674648702
2026-03-25 21:37:30.775,0.15708652138710022,-0.122239850461483,-0.15225839614868164,-0.0005916288937442005,0.0009771558688953519,-0.0006468621431849897
2026-03-25 21:37:30.777,0.15420952439308167,-0.11576258391141891,-0.13048140704631805,-0.000720724870916456,0.0009335714858025312,-0.0006826380267739296
2026-03-25 21:37:30.779,0.1592523604631424,-0.11748678237199783,-0.1303817182779312,-0.0006143985665403306,0.0009758491651155055,-0.0008257395820692182
2026-03-25 21:37:30.781,0.16718995571136475,-0.11531919240951538,-0.11913939565420151,-0.0008981210412457585,0.000932792027015239,-0.0006409857887774706
2026-03-25 21:37:30.783,0.1597207486629486,-0.10609069466590881,-0.12580251693725586,-0.000999267096631229,0.001072478131391108,-0.0006947016809135675
2026-03-25 21:37:30.785,0.15467508137226105,-0.11017515510320663,-0.1228669211268425,-0.0011048653395846486,0.001028845552355051,-0.0006847103359177709
2026-03-25 21:37:30.787,0.1707453578710556,-0.11187837272882462,-0.13289856910705566,-0.0008971160859800875,0.0009366290760226548,-0.0007820870960131288
2026-03-25 21:37:30.789,0.17747828364372253,-0.10937007516622543,-0.13705097138881683,-0.0008249388774856925,0.0010856413282454014,-0.0007250714115798473
2026-03-25 21:37:30.791,0.15067116916179657,-0.10467442870140076,-0.12904854118824005,-0.0006200159550644457,0.00081830401904881,-0.000803555769380182
2026-03-25 21:37:30.793,0.14394883811473846,-0.1107538565993309,-0.13348662853240967,-0.0008334395824931562,0.0006857321131974459,-0.0007183817215263844
2026-03-25 21:37:30.796,0.1399381011724472,-0.11164739727973938,-0.1569434106349945,-0.0006572821876034141,0.0007023307261988521,-0.0006544039933942258
2026-03-25 21:37:30.798,0.14197273552417755,-0.115335613489151,-0.14094087481498718,-0.0008757821633480489,0.0006496704882010818,-0.0007432316779159009
2026-03-25 21:37:30.800,0.155509814620018,-0.10785219073295593,-0.13843418657779694,-0.0007599256932735443,0.0009195712627843022,-0.0005099189002066851
2026-03-25 21:37:30.802,0.15652252733707428,-0.09918725490570068,-0.1365537941455841,-0.0006895639235153794,0.0007025751983746886,-0.0007565479027107358
2026-03-25 21:37:30.804,0.15913310647010803,-0.09603378921747208,-0.13258442282676697,-0.0007565182168036699,0.0009088678634725511,-0.0008383263484574854
2026-03-25 21:37:30.806,0.15771622955799103,-0.09231456369161606,-0.1334432065486908,-0.001014107489027083,0.001021162373945117,-0.0009061119053512812
2026-03-25 21:37:30.808,0.1632598638534546,-0.0853855162858963,-0.12627948820590973,-0.0009735769708640873,0.0010014578001573682,-0.0006556608132086694
2026-03-25 21:37:30.810,0.1662297397851944,-0.08575164526700974,-0.13826480507850647,-0.0010963286040350795,0.0009381072013638914,-0.0008884570561349392
2026-03-25 21:37:30.812,0.16906049847602844,-0.09153071790933609,-0.12993305921554565,-0.0009071087697520852,0.0008224842022173107,-0.0008465067949146032
2026-03-25 21:37:30.814,0.16006973385810852,-0.09586836397647858,-0.14302513003349304,-0.001049685524776578,0.0009010296198539436,-0.0008363116648979485
2026-03-25 21:37:30.816,0.1426020860671997,-0.09819367527961731,-0.14413820207118988,-0.0010573419276624918,0.0009126665536314249,-0.0007929755374789238
2026-03-25 21:37:30.818,0.14084979891777039,-0.1007184311747551,-0.15258371829986572,-0.0008265182841569185,0.0007234623772092164,-0.0008902938570827246
2026-03-25 21:37:30.820,0.11895716935396194,-0.10118061304092407,-0.14399166405200958,-0.0009271572926081717,0.00064501678571105,-0.000830307079013437
2026-03-25 21:37:30.822,0.13031938672065735,-0.10350979119539261,-0.14558951556682587,-0.000983424368314445,0.000537747167982161,-0.0010508993873372674
2026-03-25 21:37:30.824,0.1396057903766632,-0.1023227721452713,-0.14577451348304749,-0.001003515557385981,0.0004439748590812087,-0.0007625031284987926
2026-03-25 21:37:30.826,0.1459062695503235,-0.0998372882604599,-0.13735495507717133,-0.0008303665090352297,0.0007634663488715887,-0.0008582226000726223
2026-03-25 21:37:30.828,0.16136305034160614,-0.09462087601423264,-0.12259002029895782,-0.0009112292318604887,0.0007536224438808858,-0.0008156552212312818
2026-03-25 21:37:30.830,0.17552098631858826,-0.08831355720758438,-0.1285254806280136,-0.000984342535957694,0.0010345526970922947,-0.000867422902956605
2026-03-25 21:37:30.832,0.1634782999753952,-0.0828866958618164,-0.11780678480863571,-0.0011869376758113503,0.0008666772628203034,-0.0007557330536656082
2026-03-25 21:37:30.834,0.1535583734512329,-0.08153823018074036,-0.11470045894384384,-0.0010955568868666887,0.0010356182465329766,-0.0006935572600923479
2026-03-25 21:37:30.836,0.15886828303337097,-0.08429309725761414,-0.1318172812461853,-0.0010921836365014315,0.001140702166594565,-0.0009553266572766006
2026-03-25 21:37:30.838,0.1480737030506134,-0.0893394723534584,-0.13142676651477814,-0.0010955524630844593,0.0007606184808537364,-0.000875214405823499
2026-03-25 21:37:30.840,0.15082095563411713,-0.09702643007040024,-0.13984237611293793,-0.0008615317055955529,0.0005884335841983557,-0.0009266056003980339
2026-03-25 21:37:30.842,0.1442902386188507,-0.09880673140287399,-0.1360238492488861,-0.0008023706614039838,0.0005611088126897812,-0.0009441904840059578
2026-03-25 21:37:30.844,0.1439504474401474,-0.10642139613628387,-0.1407700777053833,-0.000789299956522882,0.000703585974406451,-0.0010284942109137774
2026-03-25 21:37:30.846,0.14538423717021942,-0.10681024193763733,-0.14890892803668976,-0.0008184426696971059,0.0005305118975229561,-0.0008211048552766442
2026-03-25 21:37:30.848,0.14093254506587982,-0.09843931347131729,-0.1421256959438324,-0.0008260409813374281,0.0007403335766866803,-0.0007807522197254002
2026-03-25 21:37:30.850,0.14766825735569,-0.09853994846343994,-0.13782109320163727,-0.0009055690024979413,0.0007482723449356854,-0.0008802767260931432
2026-03-25 21:37:30.852,0.15297317504882812,-0.09188179671764374,-0.13673441112041473,-0.0008411777089349926,0.0006581685156561434,-0.0006937210564501584
2026-03-25 21:37:30.854,0.15587207674980164,-0.09582015872001648,-0.11582769453525543,-0.0008907646988518536,0.000733444350771606,-0.0008190766093321145
2026-03-25 21:37:30.856,0.15980765223503113,-0.09531846642494202,-0.12530188262462616,-0.0009687204146757722,0.0010166172869503498,-0.0006935445708222687
2026-03-25 21:37:30.858,0.16293112933635712,-0.0958876833319664,-0.1267724633216858,-0.0009058965952135623,0.001087625278159976,-0.0008057999657467008
2026-03-25 21:37:30.860,0.16087396442890167,-0.09621544927358627,-0.1187085285782814,-0.0009769989410415292,0.0009762372937984765,-0.0007323589525185525
2026-03-25 21:37:30.862,0.1640438586473465,-0.09977199137210846,-0.13265980780124664,-0.0009104136843234301,0.000986837432719767,-0.0008167930645868182
2026-03-25 21:37:30.864,0.15912865102291107,-0.10445459187030792,-0.12408491969108582,-0.0007379409507848322,0.0008871618192642927,-0.0006749955355189741
2026-03-25 21:37:30.866,0.15674661099910736,-0.10576971620321274,-0.14372357726097107,-0.0008667007787153125,0.0008514207438565791,-0.0007366789504885674
2026-03-25 21:37:30.868,0.1452719122171402,-0.10895046591758728,-0.14093376696109772,-0.0007676803506910801,0.0008597779669798911,-0.0005941657582297921
2026-03-25 21:37:30.870,0.14818181097507477,-0.11250477284193039,-0.14173497259616852,-0.0006898741121403873,0.0005442813271656632,-0.0008925069123506546
2026-03-25 21:37:30.872,0.14110435545444489,-0.1142328754067421,-0.13591815531253815,-0.0006711254827678204,0.0006728465086780488,-0.0007358315051533282
2026-03-25 21:37:30.874,0.14774209260940552,-0.11607224494218826,-0.13474535942077637,-0.0006103724590502679,0.0007316998671740294,-0.000773536623455584
2026-03-25 21:37:30.876,0.15137998759746552,-0.10968167334794998,-0.139498770236969,-0.0005478455568663776,0.0006445814506150782,-0.0007766332128085196
2026-03-25 21:37:30.878,0.16277475655078888,-0.10725628584623337,-0.1317189633846283,-0.0005780333885923028,0.0009387557511217892,-0.0007309962529689074
2026-03-25 21:37:30.880,0.16968917846679688,-0.10706906765699387,-0.12881404161453247,-0.0007314246031455696,0.0010715227108448744,-0.00068020133767277
2026-03-25 21:37:30.882,0.16558697819709778,-0.10033367574214935,-0.12482497841119766,-0.000918288656976074,0.0008712480776011944,-0.0007696233806200325
2026-03-25 21:37:30.884,0.1617109328508377,-0.10477814078330994,-0.11661398410797119,-0.0006217084592208266,0.0010118939680978656,-0.0007881789351813495
2026-03-25 21:37:30.886,0.1529107540845871,-0.10662175714969635,-0.12410052865743637,-0.000660092628095299,0.0012460658326745033,-0.0007763389148749411
2026-03-25 21:37:30.888,0.15761549770832062,-0.11343171447515488,-0.12499336153268814,-0.0006999176694080234,0.0008410613518208265,-0.000833624042570591
2026-03-25 21:37:30.891,0.155794158577919,-0.11932044476270676,-0.12822477519512177,-0.0004901493666693568,0.0009374379296787083,-0.000881874468177557
2026-03-25 21:37:30.893,0.1570042371749878,-0.11608758568763733,-0.13706360757350922,-0.00033806817373260856,0.0010592029429972172,-0.0006401143036782742
2026-03-25 21:37:30.895,0.14954999089241028,-0.11837317794561386,-0.13744565844535828,-0.0005986905307509005,0.000867727561853826,-0.0006862450973130763
2026-03-25 21:37:30.897,0.1448083370923996,-0.1160968691110611,-0.13584570586681366,-0.0006379216210916638,0.0008850934682413936,-0.0005873694317415357
2026-03-25 21:37:30.899,0.141928032040596,-0.11516260355710983,-0.13769342005252838,-0.0004785875207744539,0.0008553420193493366,-0.0006382285500876606
2026-03-25 21:37:30.901,0.1517457365989685,-0.11336623132228851,-0.1424880027770996,-0.0004749262297991663,0.0008445559069514275,-0.000712524342816323
2026-03-25 21:37:30.903,0.15400294959545135,-0.11794150620698929,-0.1312914788722992,-0.0005464524147100747,0.0006740732351318002,-0.00092152482829988
2026-03-25 21:37:30.905,0.15010716021060944,-0.10619942098855972,-0.13594463467597961,-0.0005122743314132094,0.000969099928624928,-0.0007262566359713674
2026-03-25 21:37:30.906,0.16234317421913147,-0.11032149195671082,-0.12358885258436203,-0.0006382504943758249,0.0009142354829236865,-0.0008004307164810598
2026-03-25 21:37:30.908,0.16843281686306,-0.10884890705347061,-0.12729193270206451,-0.0006659916834905744,0.0010831743711605668,-0.0007666804594919086
2026-03-25 21:37:30.910,0.1649620682001114,-0.10608872771263123,-0.12520724534988403,-0.0007847421802580357,0.0009630819549784064,-0.0006831456557847559
2026-03-25 21:37:30.912,0.166979119181633,-0.10277685523033142,-0.12986072897911072,-0.0007603758713230491,0.001137556741014123,-0.0006785051664337516
2026-03-25 21:37:30.914,0.15350940823554993,-0.10447808355093002,-0.13041013479232788,-0.000792532111518085,0.0011938115349039435,-0.0006824921001680195
2026-03-25 21:37:30.916,0.1461695283651352,-0.11134976893663406,-0.13876233994960785,-0.0008417997159995139,0.0008346745162270963,-0.0007486247923225164
2026-03-25 21:37:30.918,0.13963524997234344,-0.11286182701587677,-0.15084652602672577,-0.0007580762030556798,0.0008057791274040937,-0.0008153854869306087
2026-03-25 21:37:30.920,0.14345897734165192,-0.11412251740694046,-0.1445932686328888,-0.0006749556632712483,0.0006571536068804562,-0.0008486073929816484
2026-03-25 21:37:30.922,0.14593958854675293,-0.11458286643028259,-0.1389399617910385,-0.0005807860288769007,0.000697275681886822,-0.000758617592509836
2026-03-25 21:37:30.924,0.1483290195465088,-0.1111164391040802,-0.13910946249961853,-0.00047429383266717196,0.0007134024635888636,-0.000815616745967418
2026-03-25 21:37:30.926,0.15266160666942596,-0.10731994360685349,-0.13064220547676086,-0.0005743429064750671,0.000669803295750171,-0.0007923216908238828
2026-03-25 21:37:30.928,0.15200839936733246,-0.10089875012636185,-0.13895924389362335,-0.0005819445359520614,0.0009004998137243092,-0.0007640721159987152
2026-03-25 21:37:30.930,0.1558799296617508,-0.09637065976858139,-0.13647018373012543,-0.0007436444866470993,0.0009471118100918829,-0.0008990852511487901
2026-03-25 21:37:30.932,0.155805304646492,-0.09734202921390533,-0.134083554148674,-0.0008812515297904611,0.0009141305345110595,-0.0007609845488332212
2026-03-25 21:37:30.934,0.15691456198692322,-0.09435354173183441,-0.12349794805049896,-0.0007460046908818185,0.0009259897633455694,-0.0008111759671010077
2026-03-25 21:37:30.936,0.15490415692329407,-0.0983438640832901,-0.12895013391971588,-0.0007201632251963019,0.001005065394565463,-0.0006732901674695313
2026-03-25 21:37:30.938,0.15275336802005768,-0.10270443558692932,-0.14526215195655823,-0.0007081347284838557,0.0009824902517721057,-0.00065961031941697
2026-03-25 21:37:30.940,0.15185967087745667,-0.10355618596076965,-0.1352643221616745,-0.0007682603318244219,0.000922824430745095,-0.0008554073865525424
2026-03-25 21:37:30.942,0.14246821403503418,-0.09934788197278976,-0.13305874168872833,-0.0005953333457000554,0.0009876565309241414,-0.0009098070440813899
2026-03-25 21:37:30.944,0.1414727121591568,-0.10619813948869705,-0.13824573159217834,-0.0008281607297249138,0.0009454560931771994,-0.0008200876764021814
2026-03-25 21:37:30.946,0.14362645149230957,-0.10526164621114731,-0.1474379301071167,-0.0007749019423499703,0.0007076069014146924,-0.0007358795846812427
2026-03-25 21:37:30.948,0.1460292786359787,-0.10526274889707565,-0.1488969475030899,-0.0007103641401045024,0.0008322722860611975,-0.0006942299660295248
2026-03-25 21:37:30.950,0.14704065024852753,-0.10991504043340683,-0.15142379701137543,-0.0006588242831639946,0.0007606807630509138,-0.0008421853999607265
2026-03-25 21:37:30.952,0.1572115421295166,-0.10636182129383087,-0.1397750973701477,-0.0005778291379101574,0.0007432656711898744,-0.000787809316534549
2026-03-25 21:37:30.954,0.15685895085334778,-0.09846969693899155,-0.13320882618427277,-0.000622460909653455,0.0008834194741211832,-0.0007508777780458331
2026-03-25 21:37:30.956,0.15219999849796295,-0.09916425496339798,-0.12178882211446762,-0.0008711315458640456,0.0010013515129685402,-0.0008846489945426583
2026-03-25 21:37:30.958,0.1541508287191391,-0.09406759589910507,-0.12729841470718384,-0.0009889669017866254,0.0009937625145539641,-0.0008149471832439303
2026-03-25 21:37:30.960,0.16694386303424835,-0.0934739038348198,-0.1266661435365677,-0.0007618500385433435,0.0009250299190171063,-0.0008485059952363372
2026-03-25 21:37:30.962,0.1589173972606659,-0.09340175986289978,-0.1361865997314453,-0.0008537643007002771,0.0011292649433016777,-0.000827329873573035
2026-03-25 21:37:30.964,0.15685684978961945,-0.0955398678779602,-0.13353964686393738,-0.0008211723761633039,0.0009540469036437571,-0.0007357103168033063
2026-03-25 21:37:30.966,0.14919954538345337,-0.09990264475345612,-0.1441836953163147,-0.0007663286523893476,0.0008119239355437458,-0.0010039687622338533
2026-03-25 21:37:30.968,0.1466555893421173,-0.10329470783472061,-0.14894022047519684,-0.0006363785360008478,0.0008197167189791799,-0.0009662936790846288
2026-03-25 21:37:30.970,0.14480695128440857,-0.11017400026321411,-0.14502424001693726,-0.0006013071979396045,0.0006160695920698345,-0.0008273024577647448
2026-03-25 21:37:30.972,0.14412821829319,-0.11084087938070297,-0.14425785839557648,-0.0006902829045429826,0.0007385454955510795,-0.0008059230749495327
2026-03-25 21:37:30.974,0.14688895642757416,-0.11006388813257217,-0.1464916169643402,-0.0007253859075717628,0.0008118411642499268,-0.0008174109971150756
2026-03-25 21:37:30.976,0.14841629564762115,-0.10319294035434723,-0.1369258612394333,-0.0007226834422908723,0.0007868708926253021,-0.0008221921743825078
2026-03-25 21:37:30.978,0.15616963803768158,-0.10068605840206146,-0.14331409335136414,-0.000923789048101753,0.0008474537753500044,-0.000806195312179625
2026-03-25 21:37:30.980,0.1568225622177124,-0.10055013000965118,-0.13378621637821198,-0.0009251079172827303,0.0009251154842786491,-0.0009129153331741691
2026-03-25 21:37:30.982,0.1601494997739792,-0.10454128682613373,-0.12469162791967392,-0.0008972279028967023,0.0008545215823687613,-0.0007461868808604777
2026-03-25 21:37:30.984,0.16233843564987183,-0.10476178675889969,-0.1301744133234024,-0.0009317186195403337,0.0009361893753521144,-0.0006015454418957233
2026-03-25 21:37:30.986,0.16537156701087952,-0.10451216250658035,-0.117044597864151,-0.0008127604378387332,0.0009678202331997454,-0.0007033958681859076
2026-03-25 21:37:30.988,0.15798023343086243,-0.1020713746547699,-0.1276611089706421,-0.0008868951117619872,0.0009035547845996916,-0.0006624948582611978
2026-03-25 21:37:30.990,0.15561968088150024,-0.10365655273199081,-0.1427985280752182,-0.0009678656933829188,0.0008245859644375741,-0.0007803836488164961
2026-03-25 21:37:30.992,0.15372726321220398,-0.09965232759714127,-0.1458524465560913,-0.0006163641810417175,0.0007678921101614833,-0.0007133471663109958
2026-03-25 21:37:30.994,0.14370664954185486,-0.1095610186457634,-0.14393964409828186,-0.0006866528419777751,0.0007502698572352529,-0.0005649374215863645
2026-03-25 21:37:30.996,0.1374066025018692,-0.10399894416332245,-0.13803218305110931,-0.0005851892638020217,0.0007159537053667009,-0.0009276306955143809
2026-03-25 21:37:30.998,0.14257241785526276,-0.10020984709262848,-0.13618698716163635,-0.0006674647447653115,0.0006171830464154482,-0.0008501913398504257
2026-03-25 21:37:31.001,0.14423400163650513,-0.1071515679359436,-0.14453329145908356,-0.0008542357827536762,0.0009499608422629535,-0.0007361876778304577
2026-03-25 21:37:31.003,0.15314903855323792,-0.10306704789400101,-0.14267876744270325,-0.0007296586409211159,0.0009064950863830745,-0.0007815687567926943
2026-03-25 21:37:31.005,0.16191767156124115,-0.10206075012683868,-0.12856711447238922,-0.000662950158584863,0.0009030844084918499,-0.0008724750368855894
2026-03-25 21:37:31.007,0.15583334863185883,-0.0991591066122055,-0.1325928121805191,-0.0007289025816135108,0.001009449828416109,-0.0008049020543694496
2026-03-25 21:37:31.009,0.1553034782409668,-0.09518835693597794,-0.12037380039691925,-0.0007283071172423661,0.0010196891380473971,-0.0006744488491676748
2026-03-25 21:37:31.011,0.1544722318649292,-0.08887419104576111,-0.12918373942375183,-0.0006868132622912526,0.0009260817314498127,-0.0006475960253737867
2026-03-25 21:37:31.013,0.16205912828445435,-0.09570500254631042,-0.12078257650136948,-0.0008490238687954843,0.0008933727513067424,-0.000784817966632545
2026-03-25 21:37:31.015,0.15256275236606598,-0.10069002211093903,-0.14070641994476318,-0.000748598831705749,0.0007729567587375641,-0.0008307984098792076
2026-03-25 21:37:31.017,0.14713314175605774,-0.10454225540161133,-0.13602395355701447,-0.0006758259260095656,0.0010006335796788335,-0.0009792216587811708
2026-03-25 21:37:31.019,0.14090213179588318,-0.1078990250825882,-0.14824707806110382,-0.0007746029295958579,0.0008336127502843738,-0.0009260200313292444
2026-03-25 21:37:31.021,0.1474141627550125,-0.10733926296234131,-0.14561216533184052,-0.0007386232609860599,0.0007296869298443198,-0.0007582744001410902
2026-03-25 21:37:31.023,0.1424926519393921,-0.10718842595815659,-0.14090512692928314,-0.0006527427467517555,0.0006309025920927525,-0.0008448970038443804
2026-03-25 21:37:31.025,0.14584138989448547,-0.10585483908653259,-0.14838673174381256,-0.0005018621450290084,0.0005962973227724433,-0.0008119494304992259
2026-03-25 21:37:31.027,0.14764636754989624,-0.10376650840044022,-0.1385377198457718,-0.0005701103364117444,0.0006988146924413741,-0.0008294610306620598
2026-03-25 21:37:31.029,0.1492130011320114,-0.09490092098712921,-0.13149745762348175,-0.0007287740590982139,0.0007646342855878174,-0.000725157733540982
2026-03-25 21:37:31.031,0.15812785923480988,-0.0986417755484581,-0.13748054206371307,-0.0008375857723876834,0.0008622127352282405,-0.0006586635718122125
2026-03-25 21:37:31.033,0.16701966524124146,-0.09204275906085968,-0.13092856109142303,-0.0007659608963876963,0.0010455134324729443,-0.0006782496348023415
2026-03-25 21:37:31.035,0.16506803035736084,-0.09071238338947296,-0.12790599465370178,-0.0007501935469917953,0.0011835047043859959,-0.0007991077145561576
2026-03-25 21:37:31.037,0.15132269263267517,-0.09793402999639511,-0.12546156346797943,-0.0008479015086777508,0.0011191866360604763,-0.0009096407447941601
2026-03-25 21:37:31.039,0.14853718876838684,-0.09869154542684555,-0.118084616959095,-0.0008250180981121957,0.0009424507152289152,-0.0007049422129057348
2026-03-25 21:37:31.041,0.1501721292734146,-0.09936421364545822,-0.13910773396492004,-0.0007369043887592852,0.0007426372612826526,-0.0008790365536697209
2026-03-25 21:37:31.043,0.14846129715442657,-0.10332474857568741,-0.14357838034629822,-0.0006965883076190948,0.0007885409286245704,-0.0008921676781028509
2026-03-25 21:37:31.045,0.14691495895385742,-0.10394150763750076,-0.1374758929014206,-0.0006897512939758599,0.0008613698300905526,-0.0007342015160247684
2026-03-25 21:37:31.047,0.14335429668426514,-0.10755272954702377,-0.1434076875448227,-0.0006313080666586757,0.0008823533426038921,-0.0008544057491235435
2026-03-25 21:37:31.049,0.14817997813224792,-0.1135118380188942,-0.15280504524707794,-0.0007290574139915407,0.000768836063798517,-0.000865482201334089
2026-03-25 21:37:31.051,0.1443270891904831,-0.09997663646936417,-0.13936355710029602,-0.00045364766265265644,0.0006540261092595756,-0.0007161737885326147
2026-03-25 21:37:31.053,0.15130969882011414,-0.11255797743797302,-0.1339682638645172,-0.0008986720349639654,0.0007912093424238265,-0.0009042805177159607
2026-03-25 21:37:31.055,0.15287259221076965,-0.10450088232755661,-0.12367112934589386,-0.0008288403041660786,0.0008335257298313081,-0.000823433103505522
2026-03-25 21:37:31.057,0.15441147983074188,-0.09518253058195114,-0.12790682911872864,-0.0007009459659457207,0.0010521537624299526,-0.0008453874033875763
2026-03-25 21:37:31.059,0.16965408623218536,-0.10162249207496643,-0.13111968338489532,-0.0008469881722703576,0.0009299814119003713,-0.0008066296577453613
2026-03-25 21:37:31.061,0.17102329432964325,-0.09204834699630737,-0.12443136423826218,-0.0007474125013686717,0.0010572628816589713,-0.0009274819167330861
2026-03-25 21:37:31.063,0.1662123054265976,-0.09867022931575775,-0.13277305662631989,-0.0009086210047826171,0.0012067649513483047,-0.0007338524446822703
2026-03-25 21:37:31.065,0.16207416355609894,-0.10280469805002213,-0.12480716407299042,-0.0009794484358280897,0.0009540336322970688,-0.0006481293239630759
2026-03-25 21:37:31.067,0.14700563251972198,-0.09981677681207657,-0.13150683045387268,-0.0006366962334141135,0.0008464359561912715,-0.000774967425968498
2026-03-25 21:37:31.069,0.13846351206302643,-0.1061897799372673,-0.14242210984230042,-0.0007015282171778381,0.0007395197753794491,-0.0007444627699442208
2026-03-25 21:37:31.071,0.13812322914600372,-0.11703004688024521,-0.14275121688842773,-0.0006928739603608847,0.0007718232227489352,-0.000915198412258178
2026-03-25 21:37:31.073,0.1463768631219864,-0.11921275407075882,-0.14551199972629547,-0.0005451518227346241,0.0006533483392558992,-0.0008459691889584064
2026-03-25 21:37:31.075,0.15311777591705322,-0.11694706231355667,-0.14768454432487488,-0.0006244342657737434,0.0008585870964452624,-0.0008200498996302485
2026-03-25 21:37:31.077,0.16141699254512787,-0.11622107028961182,-0.14428496360778809,-0.0006718753138557076,0.0009261858649551868,-0.0007454361766576767
2026-03-25 21:37:31.079,0.14845578372478485,-0.10840226709842682,-0.12596085667610168,-0.0006276963395066559,0.0008599579450674355,-0.0007688452024012804
2026-03-25 21:37:31.081,0.1501854509115219,-0.09969644248485565,-0.13342636823654175,-0.0005853484035469592,0.0010773846879601479,-0.0007740332512184978
2026-03-25 21:37:31.083,0.15906457602977753,-0.10077694058418274,-0.12414350360631943,-0.0007212101481854916,0.0009946005884557962,-0.0009445182513445616
2026-03-25 21:37:31.085,0.16434116661548615,-0.10622060298919678,-0.11918226629495621,-0.0008258988964371383,0.0010418788297101855,-0.000788785342592746
2026-03-25 21:37:31.086,0.1678440123796463,-0.11013862490653992,-0.1275106817483902,-0.0008042007684707642,0.0008609170326963067,-0.0008196785347536206
2026-03-25 21:37:31.088,0.16851088404655457,-0.10773082077503204,-0.126799076795578,-0.000643742096144706,0.0009803733555600047,-0.0005952303763478994
2026-03-25 21:37:31.091,0.1618177443742752,-0.11471161991357803,-0.12965160608291626,-0.0006773887434974313,0.0009418054833076894,-0.0005768012488260865
2026-03-25 21:37:31.093,0.14729204773902893,-0.11212024837732315,-0.13359342515468597,-0.0006006934563629329,0.0008170055807568133,-0.0007580575183965266
2026-03-25 21:37:31.095,0.1463819146156311,-0.11714295297861099,-0.14014358818531036,-0.0004992262693122029,0.0009350624168291688,-0.0007953883032314479
2026-03-25 21:37:31.097,0.14076071977615356,-0.11575014144182205,-0.1456003040075302,-0.0007012257119640708,0.0006906985072419047,-0.0008122458821162581
2026-03-25 21:37:31.099,0.14440171420574188,-0.11540883779525757,-0.14199717342853546,-0.0006343894056044519,0.0009032977395690978,-0.0008070599287748337
2026-03-25 21:37:31.101,0.14402513206005096,-0.11363060772418976,-0.14208869636058807,-0.0006435662508010864,0.0008645175839774311,-0.0007515306933782995
2026-03-25 21:37:31.103,0.15443375706672668,-0.11314284056425095,-0.1330350637435913,-0.0005839905934408307,0.0008994560921564698,-0.0007458273903466761
2026-03-25 21:37:31.105,0.15503190457820892,-0.11449629813432693,-0.13246363401412964,-0.0008318998734466732,0.000953402544837445,-0.0008544970769435167
2026-03-25 21:37:31.107,0.1590220332145691,-0.11062636226415634,-0.12059604376554489,-0.0007598904194310308,0.0009961322648450732,-0.0007929420680738986
2026-03-25 21:37:31.109,0.15834316611289978,-0.1089734137058258,-0.11933804303407669,-0.0009195079910568893,0.0010248046601191163,-0.0008278750465251505
2026-03-25 21:37:31.111,0.1634369194507599,-0.10222160816192627,-0.12186802923679352,-0.0008301185443997383,0.001053675077855587,-0.0008877493091858923
2026-03-25 21:37:31.113,0.1699465960264206,-0.1063324436545372,-0.12513460218906403,-0.0008434513583779335,0.0010929771233350039,-0.0007386775105260313
2026-03-25 21:37:31.115,0.1649186760187149,-0.1087774932384491,-0.12064304947853088,-0.0007175689097493887,0.0011707693338394165,-0.0007662643911316991
2026-03-25 21:37:31.117,0.15679654479026794,-0.10455608367919922,-0.14429377019405365,-0.0008215631823986769,0.0008427829016000032,-0.0008783706580288708
2026-03-25 21:37:31.119,0.14280377328395844,-0.10877208411693573,-0.1419641077518463,-0.0006371267954818904,0.0008943903376348317,-0.0008564786403439939
2026-03-25 21:37:31.121,0.13759540021419525,-0.11541645973920822,-0.14218482375144958,-0.0007997434004209936,0.0007087319972924888,-0.0009715946507640183
2026-03-25 21:37:31.123,0.13053163886070251,-0.11741751432418823,-0.14066337049007416,-0.0008084333385340869,0.0007287762127816677,-0.0007342642056755722
2026-03-25 21:37:31.125,0.1400851011276245,-0.11363600939512253,-0.1458147168159485,-0.0006374080548994243,0.0007999133667908609,-0.0007128550787456334
2026-03-25 21:37:31.127,0.15156009793281555,-0.11531198769807816,-0.14234434068202972,-0.0006068889051675797,0.0008901950786821544,-0.0007378291338682175
2026-03-25 21:37:31.129,0.15897639095783234,-0.1098887026309967,-0.13545162975788116,-0.0006824168376624584,0.0009500830783508718,-0.0007080446812324226
2026-03-25 21:37:31.131,0.16204245388507843,-0.10282881557941437,-0.13614124059677124,-0.0006969613023102283,0.0009054641705006361,-0.0007961417431943119
2026-03-25 21:37:31.133,0.15960901975631714,-0.10176798701286316,-0.1375865489244461,-0.0009847126202657819,0.0008505791192874312,-0.0008070961339399219
2026-03-25 21:37:31.135,0.1682201474905014,-0.0996386855840683,-0.1335267275571823,-0.0010145712876692414,0.0010662033455446362,-0.0006999551551416516
2026-03-25 21:37:31.137,0.16249313950538635,-0.09955082833766937,-0.12276024371385574,-0.001021968899294734,0.0008209301740862429,-0.0007025645463727415
2026-03-25 21:37:31.139,0.15398870408535004,-0.09738140553236008,-0.13437922298908234,-0.0009011260699480772,0.0009276992059312761,-0.0008796820766292512
2026-03-25 21:37:31.141,0.15692725777626038,-0.10272084176540375,-0.1403849720954895,-0.0009294182527810335,0.001014905166812241,-0.0007507639820687473
2026-03-25 21:37:31.143,0.151253804564476,-0.1032695397734642,-0.14593492448329926,-0.0007246616296470165,0.0009207528783008456,-0.0007741667795926332
2026-03-25 21:37:31.145,0.15144522488117218,-0.10805611312389374,-0.14943639934062958,-0.0008109792834147811,0.0007423271308653057,-0.0008325311355292797
2026-03-25 21:37:31.147,0.14673857390880585,-0.10580278187990189,-0.14488941431045532,-0.0008109782938845456,0.0006675516488030553,-0.0006611107964999974
2026-03-25 21:37:31.149,0.14653930068016052,-0.10640915483236313,-0.14572064578533173,-0.000838661624584347,0.0006905075279064476,-0.0007757051498629153
2026-03-25 21:37:31.150,0.13930554687976837,-0.10556838661432266,-0.13571427762508392,-0.0007097118650563061,0.0005704758805222809,-0.0008336232276633382
2026-03-25 21:37:31.152,0.142234206199646,-0.10408181697130203,-0.14299561083316803,-0.0008403544779866934,0.0006858600536361337,-0.000739965820685029
2026-03-25 21:37:31.154,0.15556110441684723,-0.10219396650791168,-0.136846661567688,-0.000904980581253767,0.0008133318624459207,-0.0008263166528195143
2026-03-25 21:37:31.156,0.15810078382492065,-0.09747719764709473,-0.1326637715101242,-0.0008695556316524744,0.0007140579400584102,-0.0006027785711921751
2026-03-25 21:37:31.158,0.1580466330051422,-0.09600653499364853,-0.13101989030838013,-0.0008795124012976885,0.0008075367659330368,-0.0008401526138186455
2026-03-25 21:37:31.160,0.1606951802968979,-0.09159482270479202,-0.12475543469190598,-0.0009585372172296047,0.0009209445561282337,-0.0007753254612907767
2026-03-25 21:37:31.162,0.161258265376091,-0.09143363684415817,-0.1274663507938385,-0.0009145414223894477,0.0009796525118872523,-0.0006970674148760736
2026-03-25 21:37:31.164,0.16473087668418884,-0.08982620388269424,-0.1357075273990631,-0.0009884359315037727,0.000969167216680944,-0.0007083659875206649
2026-03-25 21:37:31.166,0.15264376997947693,-0.09860015660524368,-0.13916322588920593,-0.0009559278842061758,0.0009193113655783236,-0.0008406683919019997
2026-03-25 21:37:31.168,0.14903941750526428,-0.10194060206413269,-0.14681358635425568,-0.0010690189665183425,0.0006224442622624338,-0.0007881332421675324
2026-03-25 21:37:31.170,0.13802626729011536,-0.1009700670838356,-0.15342426300048828,-0.000780760427005589,0.0006573691498488188,-0.0009850705973803997
2026-03-25 21:37:31.172,0.14300647377967834,-0.10328421741724014,-0.15591563284397125,-0.0007903744699433446,0.0005892215995118022,-0.0008274992578662932
2026-03-25 21:37:31.174,0.14179636538028717,-0.10770408064126968,-0.14730589091777802,-0.0007765521877445281,0.0007027655956335366,-0.0008251171675510705
2026-03-25 21:37:31.176,0.15409155189990997,-0.10647869110107422,-0.1398206204175949,-0.000661026278976351,0.0007929131970740855,-0.0009826490422710776
2026-03-25 21:37:31.178,0.15907013416290283,-0.1007985919713974,-0.1395062655210495,-0.0007875299197621644,0.0007889491971582174,-0.0006931860116310418
2026-03-25 21:37:31.180,0.1595090627670288,-0.09427287429571152,-0.1352808028459549,-0.0009372785571031272,0.0009610652923583984,-0.0006388623733073473
2026-03-25 21:37:31.182,0.15153868496418,-0.0875314325094223,-0.12377963215112686,-0.0009479208383709192,0.0008095594821497798,-0.0008433423936367035
2026-03-25 21:37:31.184,0.1668921709060669,-0.09926953166723251,-0.12810064852237701,-0.0010808320948854089,0.0009409024496562779,-0.0009485825430601835
2026-03-25 21:37:31.186,0.1561727672815323,-0.0967404693365097,-0.1285688877105713,-0.0008522969437763095,0.0009074922418221831,-0.000859566091094166
2026-03-25 21:37:31.188,0.15887542068958282,-0.10452133417129517,-0.13103042542934418,-0.0008947194437496364,0.0008855668711476028,-0.000678322569001466
2026-03-25 21:37:31.190,0.16160815954208374,-0.10783760249614716,-0.13868388533592224,-0.000961488694883883,0.0008712218259461224,-0.0008995484677143395
2026-03-25 21:37:31.192,0.16304078698158264,-0.10540860146284103,-0.1447184830904007,-0.0008390035363845527,0.0007265990134328604,-0.0008653733530081809
2026-03-25 21:37:31.194,0.14794309437274933,-0.10621584951877594,-0.1397530883550644,-0.000735898909624666,0.0007615251233801246,-0.0008087415480986238
2026-03-25 21:37:31.196,0.1390918344259262,-0.10807041823863983,-0.1525922566652298,-0.0007362571777775884,0.0007706291507929564,-0.0006985685904510319
2026-03-25 21:37:31.198,0.14287199079990387,-0.10998130589723587,-0.14738792181015015,-0.0007646377198398113,0.000719781091902405,-0.0008169932407326996
2026-03-25 21:37:31.200,0.1454504132270813,-0.10606116056442261,-0.1547068953514099,-0.0007822297629900277,0.0006846452015452087,-0.0007379378075711429
2026-03-25 21:37:31.202,0.14749814569950104,-0.10696934163570404,-0.13507823646068573,-0.0006635878817178309,0.0006968708476051688,-0.000684866332449019
2026-03-25 21:37:31.204,0.15349306166172028,-0.10557681322097778,-0.13096393644809723,-0.0005861362442374229,0.0008311070851050317,-0.0007898937910795212
2026-03-25 21:37:31.206,0.16544027626514435,-0.1019459068775177,-0.13388285040855408,-0.0009600546327419579,0.0010326625779271126,-0.0006710075540468097
2026-03-25 21:37:31.208,0.16319780051708221,-0.0975479707121849,-0.12124358117580414,-0.000799402769189328,0.0009151531849056482,-0.0006611651042476296
2026-03-25 21:37:31.210,0.16651177406311035,-0.09865190833806992,-0.12125847488641739,-0.0006503700860776007,0.0011544469743967056,-0.0009171824785880744
2026-03-25 21:37:31.212,0.16490884125232697,-0.10109779983758926,-0.11598478257656097,-0.00086763477884233,0.0010258019901812077,-0.0006845524767413735
2026-03-25 21:37:31.214,0.16313894093036652,-0.1080658957362175,-0.1333179771900177,-0.0008249420206993818,0.0010092605371028185,-0.0006733973859809339
2026-03-25 21:37:31.216,0.15838976204395294,-0.10461876541376114,-0.13653568923473358,-0.0006251159938983619,0.0009359704563394189,-0.0007863646023906767
2026-03-25 21:37:31.218,0.14400024712085724,-0.11896945536136627,-0.14195983111858368,-0.0007929522544145584,0.0009831041097640991,-0.0006995835574343801
2026-03-25 21:37:31.220,0.1456172913312912,-0.11749795824289322,-0.1368507742881775,-0.0007144887349568307,0.0008647644426673651,-0.0006775218062102795
2026-03-25 21:37:31.222,0.1417963057756424,-0.1214434802532196,-0.13054870069026947,-0.0007076498586684465,0.0006214204477146268,-0.0007772526005282998
2026-03-25 21:37:31.224,0.14947199821472168,-0.12044831365346909,-0.1328057199716568,-0.0005678020534105599,0.0007071225554682314,-0.0007386984652839601
2026-03-25 21:37:31.226,0.16321858763694763,-0.11475038528442383,-0.13924270868301392,-0.0006961985491216183,0.0007868022075854242,-0.0007225344888865948
2026-03-25 21:37:31.228,0.16231557726860046,-0.11427994817495346,-0.13584020733833313,-0.0006953288684599102,0.0009322841069661081,-0.0007603257545270026
2026-03-25 21:37:31.230,0.16639745235443115,-0.11282920837402344,-0.13435618579387665,-0.0008505033911205828,0.0010350927477702498,-0.0006129496032372117
2026-03-25 21:37:31.233,0.15797053277492523,-0.10178393870592117,-0.1316213458776474,-0.0007920868811197579,0.0009173185680992901,-0.0007306333864107728
2026-03-25 21:37:31.235,0.16121329367160797,-0.10013390332460403,-0.12946221232414246,-0.0007803795742802322,0.0007964335381984711,-0.0006722467369399965
2026-03-25 21:37:31.237,0.16482889652252197,-0.10961135476827621,-0.13578566908836365,-0.0005756866303272545,0.0009584550280123949,-0.0007255611708387733
2026-03-25 21:37:31.239,0.1454925537109375,-0.11674962937831879,-0.12334947288036346,-0.0006363519350998104,0.000829513359349221,-0.0009502648608759046
2026-03-25 21:37:31.241,0.15846960246562958,-0.11939392238855362,-0.13487201929092407,-0.0006888399948365986,0.0010316570987924933,-0.000750503211747855
2026-03-25 21:37:31.243,0.15545205771923065,-0.11252399533987045,-0.1402222216129303,-0.0006142358179204166,0.0007197930826805532,-0.0006712896865792572
2026-03-25 21:37:31.245,0.15827104449272156,-0.11307268589735031,-0.1420237272977829,-0.0005331532447598875,0.000868120463564992,-0.0008188771898858249
2026-03-25 21:37:31.247,0.14798510074615479,-0.1144513189792633,-0.14551536738872528,-0.0007279076962731779,0.0005558653501793742,-0.0006470150547102094
2026-03-25 21:37:31.249,0.1577693372964859,-0.11187734454870224,-0.14359694719314575,-0.00043853328679688275,0.0007363255717791617,-0.00067572807893157
2026-03-25 21:37:31.253,0.150528222322464,-0.10893479734659195,-0.1262463480234146,-0.0006804837030358613,0.0006025087786838412,-0.0009711571037769318
2026-03-25 21:37:31.255,0.16420286893844604,-0.11107456684112549,-0.13317237794399261,-0.0006537329172715545,0.0009086161153391004,-0.0008396675693802536
2026-03-25 21:37:31.257,0.15512964129447937,-0.10732193291187286,-0.11624878644943237,-0.0007838385063223541,0.0008968772017396986,-0.0008361770887859166
2026-03-25 21:37:31.259,0.1619759202003479,-0.10099176317453384,-0.13591305911540985,-0.000776776869315654,0.0010774066904559731,-0.0007562849204987288
2026-03-25 21:37:31.263,0.1567915827035904,-0.09983169287443161,-0.13345284759998322,-0.0008281847694888711,0.0009641629294492304,-0.0007715220563113689
2026-03-25 21:37:31.265,0.14894995093345642,-0.10324215888977051,-0.12281150370836258,-0.0007937708287499845,0.0007812348776496947,-0.0009442998562008142
2026-03-25 21:37:31.271,0.15822403132915497,-0.11094006150960922,-0.1409289836883545,-0.0006692236638627946,0.0009265666012652218,-0.0008279620087705553
2026-03-25 21:37:31.273,0.1392940878868103,-0.10110894590616226,-0.13658230006694794,-0.0008220688323490322,0.0008197249844670296,-0.000912711548153311
2026-03-25 21:37:31.277,0.15002484619617462,-0.10516722500324249,-0.14238476753234863,-0.0006659573991782963,0.0009824027074500918,-0.0007585791754536331
2026-03-25 21:37:31.279,0.14316171407699585,-0.10648127645254135,-0.13063271343708038,-0.0007950242143124342,0.0008163843303918839,-0.0007613355992361903
2026-03-25 21:37:31.283,0.15535663068294525,-0.09441782534122467,-0.12776362895965576,-0.0008558648987673223,0.0008128221379593015,-0.0006832173676230013
2026-03-25 21:37:31.287,0.1609705090522766,-0.09703105688095093,-0.1359822154045105,-0.0008574147359468043,0.001009733765386045,-0.0007524723187088966
2026-03-25 21:37:31.291,0.15946964919567108,-0.09894204884767532,-0.14017276465892792,-0.000859555380884558,0.00071162567473948,-0.0008419390651397407
2026-03-25 21:37:31.295,0.14856445789337158,-0.10288410633802414,-0.14053836464881897,-0.0008081913692876697,0.0006941448664292693,-0.0008523401338607073
2026-03-25 21:37:31.297,0.15000461041927338,-0.10122589021921158,-0.1416608989238739,-0.0008004499832168221,0.0006197243928909302,-0.0006923574837855995
2026-03-25 21:37:31.299,0.14685912430286407,-0.10543768852949142,-0.154276505112648,-0.0005522645660676062,0.00092434196267277,-0.0008574272505939007
2026-03-25 21:37:31.301,0.1392219215631485,-0.10551323741674423,-0.14116434752941132,-0.0007551785092800856,0.0010484756203368306,-0.0009738211520016193
2026-03-25 21:37:31.303,0.14244790375232697,-0.10395417362451553,-0.13254672288894653,-0.000826738600153476,0.0006060398882254958,-0.001032433588989079
2026-03-25 21:37:31.305,0.1510886549949646,-0.09690818190574646,-0.12378233671188354,-0.0008238337468355894,0.0008889836026355624,-0.0008085394510999322
2026-03-25 21:37:31.307,0.15411610901355743,-0.0948019027709961,-0.13304708898067474,-0.0008065770380198956,0.0008694126736372709,-0.0007699212874285877
2026-03-25 21:37:31.309,0.16608959436416626,-0.08929013460874557,-0.1297900229692459,-0.0008335665334016085,0.0009865317260846496,-0.0009082701290026307
2026-03-25 21:37:31.311,0.15542320907115936,-0.09199602156877518,-0.1272781491279602,-0.0011232683900743723,0.0006305737770162523,-0.0008710114052519202
2026-03-25 21:37:31.313,0.1752254217863083,-0.09897574037313461,-0.139185830950737,-0.0007874859147705138,0.001053211628459394,-0.000799063069280237
2026-03-25 21:37:31.317,0.15209877490997314,-0.09793731570243835,-0.13750943541526794,-0.0009073145920410752,0.0007455387385562062,-0.0010022949427366257
2026-03-25 21:37:31.319,0.14973941445350647,-0.1050003319978714,-0.14379708468914032,-0.0008613612153567374,0.0006971990806050599,-0.0009772601770237088
2026-03-25 21:37:31.321,0.13550369441509247,-0.10278987884521484,-0.1418776959180832,-0.0005700543406419456,0.000512213446199894,-0.0007133272592909634
2026-03-25 21:37:31.323,0.13790011405944824,-0.11229515820741653,-0.14619015157222748,-0.0007091679144650698,0.0007410230464302003,-0.0009306435822509229
2026-03-25 21:37:31.325,0.14476557075977325,-0.11109888553619385,-0.14037871360778809,-0.0006425901665352285,0.0006916448473930359,-0.0007210501935333014
2026-03-25 21:37:31.327,0.15772613883018494,-0.11000131070613861,-0.13925911486148834,-0.0008450733148492873,0.0007679598638787866,-0.0006450579385273159
2026-03-25 21:37:31.329,0.16430968046188354,-0.10514132678508759,-0.12887585163116455,-0.0008140251156874001,0.000679834745824337,-0.0007843286148272455
2026-03-25 21:37:31.331,0.16372203826904297,-0.09803411364555359,-0.13183267414569855,-0.0009563539060764015,0.0009186177048832178,-0.0007036537281237543
2026-03-25 21:37:31.333,0.1652802973985672,-0.0927569791674614,-0.1264065057039261,-0.0009680497460067272,0.000869933282956481,-0.0006138244643807411
2026-03-25 21:37:31.335,0.16299837827682495,-0.0932033434510231,-0.12083406746387482,-0.0007895600283518434,0.0010282545117661357,-0.0007156679057516158
2026-03-25 21:37:31.337,0.14883385598659515,-0.0959356501698494,-0.12154337763786316,-0.0008110542548820376,0.0009878247510641813,-0.0007226701127365232
2026-03-25 21:37:31.339,0.16286100447177887,-0.10909802466630936,-0.13505429029464722,-0.0007847384549677372,0.0009889332577586174,-0.0008733661961741745
2026-03-25 21:37:31.341,0.15386800467967987,-0.10752894729375839,-0.139304518699646,-0.0007007058593444526,0.0008866231073625386,-0.000822999922093004
2026-03-25 21:37:31.343,0.1541898101568222,-0.10450205951929092,-0.13869182765483856,-0.0005939363618381321,0.0010486026294529438,-0.0008068631868809462
2026-03-25 21:37:31.345,0.1458437591791153,-0.11289992928504944,-0.14811885356903076,-0.0006961387698538601,0.0008771194261498749,-0.000904924760106951
2026-03-25 21:37:31.347,0.13777174055576324,-0.11430384963750839,-0.1445409655570984,-0.0007754701073281467,0.0006412482471205294,-0.0007352196844294667
2026-03-25 21:37:31.349,0.14276856184005737,-0.11488569527864456,-0.15372918546199799,-0.0007637384696863592,0.000756613677367568,-0.0007923829834908247
2026-03-25 21:37:31.351,0.14914128184318542,-0.10872557759284973,-0.14141453802585602,-0.0007017440511845052,0.0006426849868148565,-0.00063664885237813
2026-03-25 21:37:31.353,0.15188761055469513,-0.111081562936306,-0.13890768587589264,-0.000464775221189484,0.0009029913926497102,-0.0008361832005903125
2026-03-25 21:37:31.355,0.1574893742799759,-0.10320040583610535,-0.1315516233444214,-0.0006711998139508069,0.0009685777476988733,-0.0007424424402415752
2026-03-25 21:37:31.357,0.16928352415561676,-0.09811895340681076,-0.12372028082609177,-0.0008362143998965621,0.000994291272945702,-0.0008021544199436903
2026-03-25 21:37:31.359,0.16541147232055664,-0.09787626564502716,-0.12520813941955566,-0.000814931932836771,0.0011751464335247874,-0.0009317544754594564
2026-03-25 21:37:31.361,0.15844455361366272,-0.10060649365186691,-0.13327324390411377,-0.0009853302035480738,0.0012808667961508036,-0.0009534194250591099
2026-03-25 21:37:31.363,0.15928791463375092,-0.10057959705591202,-0.13111338019371033,-0.0007128563593141735,0.0010301746660843492,-0.0007693601073697209
2026-03-25 21:37:31.365,0.1571376472711563,-0.10502456873655319,-0.14541709423065186,-0.0007565959822386503,0.0009911447996273637,-0.0005462925764732063
2026-03-25 21:37:31.367,0.1411917507648468,-0.10787097364664078,-0.13887129724025726,-0.0007583873230032623,0.0007180357351899147,-0.0006300205131992698
2026-03-25 21:37:31.369,0.14944791793823242,-0.11575290560722351,-0.148719921708107,-0.0006595838931389153,0.0008141371072269976,-0.0008441377431154251
2026-03-25 21:37:31.371,0.14417660236358643,-0.10802061855792999,-0.14674508571624756,-0.0004596718354150653,0.0005710466648451984,-0.0007281117141246796
2026-03-25 21:37:31.373,0.14292116463184357,-0.11380370706319809,-0.13617143034934998,-0.0005882948753423989,0.0007892432622611523,-0.0007819150341674685
2026-03-25 21:37:31.375,0.1504930555820465,-0.11353859305381775,-0.14406190812587738,-0.0007870299159549177,0.0009908984648063779,-0.0007999949739314616
2026-03-25 21:37:31.377,0.149286687374115,-0.11458276212215424,-0.14118677377700806,-0.0007767007336951792,0.000949071953073144,-0.0005703786737285554
2026-03-25 21:37:31.379,0.15515050292015076,-0.10920272022485733,-0.1276819109916687,-0.0007087340927682817,0.0010115745244547725,-0.0007421100744977593
2026-03-25 21:37:31.381,0.15200696885585785,-0.09772941470146179,-0.1303853839635849,-0.0007349636289291084,0.0009277358767576516,-0.0006257802015170455
2026-03-25 21:37:31.383,0.170820415019989,-0.10109560191631317,-0.12304516136646271,-0.0009286871645599604,0.0012069966178387403,-0.0009280320373363793
2026-03-25 21:37:31.385,0.1638597697019577,-0.09806723147630692,-0.1265898495912552,-0.0008409673464484513,0.0010174659546464682,-0.0006610763957723975
2026-03-25 21:37:31.387,0.16767901182174683,-0.10136739909648895,-0.13685539364814758,-0.0007832605624571443,0.0008733842405490577,-0.0006633172743022442
2026-03-25 21:37:31.389,0.1691044569015503,-0.10674642026424408,-0.13556723296642303,-0.0008141532889567316,0.0008750062552280724,-0.000812408106867224
2026-03-25 21:37:31.391,0.14846397936344147,-0.1118595153093338,-0.13985216617584229,-0.0009873408125713468,0.0008140241843648255,-0.000844920810777694
2026-03-25 21:37:31.393,0.15447871387004852,-0.10983031988143921,-0.14579156041145325,-0.0005298128817230463,0.0005858351942151785,-0.000885277462657541
2026-03-25 21:37:31.395,0.14105913043022156,-0.10918673127889633,-0.14241009950637817,-0.0006677500787191093,0.0004739639407489449,-0.0008490339969284832
2026-03-25 21:37:31.397,0.14629048109054565,-0.11935803294181824,-0.15060573816299438,-0.0007520842482335865,0.000878610706422478,-0.0007638144888915122
2026-03-25 21:37:31.399,0.1401480883359909,-0.11226601898670197,-0.14810511469841003,-0.0007330962107516825,0.000790177087765187,-0.0006671458831988275
2026-03-25 21:37:31.401,0.15366356074810028,-0.11273037642240524,-0.14879949390888214,-0.0005165630718693137,0.0007052647415548563,-0.0008448861190117896
2026-03-25 21:37:31.403,0.15447962284088135,-0.1091349869966507,-0.12885980308055878,-0.0006930491654202342,0.000767129473388195,-0.0007902932120487094
2026-03-25 21:37:31.405,0.16004270315170288,-0.10503211617469788,-0.12484732270240784,-0.0008785492391325533,0.000813879887573421,-0.0009949230588972569
2026-03-25 21:37:31.407,0.15389592945575714,-0.09558827430009842,-0.12423074245452881,-0.0007814295822754502,0.0008960958220995963,-0.0008111647912301123
2026-03-25 21:37:31.409,0.15807943046092987,-0.09695322066545486,-0.12463878840208054,-0.0010233101202175021,0.0010422798804938793,-0.000592566910199821
2026-03-25 21:37:31.411,0.16120800375938416,-0.101280078291893,-0.12395232170820236,-0.0007249815971590579,0.0011425472330302,-0.0005416989442892373
2026-03-25 21:37:31.413,0.16172805428504944,-0.10567399859428406,-0.1291498988866806,-0.0008413908071815968,0.0009679461945779622,-0.0008280698675662279
2026-03-25 21:37:31.415,0.161471426486969,-0.10045701265335083,-0.13995040953159332,-0.0005072336061857641,0.0009961893083527684,-0.0007871681591495872
2026-03-25 21:37:31.417,0.1520351618528366,-0.10520078986883163,-0.13142500817775726,-0.0009370714542455971,0.0008606329211033881,-0.0007762019522488117
2026-03-25 21:37:31.419,0.14337171614170074,-0.10668804496526718,-0.1455979347229004,-0.0007239363039843738,0.0009528118534944952,-0.000628511537797749
2026-03-25 21:37:31.421,0.1354357749223709,-0.10991226136684418,-0.13667672872543335,-0.0008438693475909531,0.0006873447564430535,-0.000662816280964762
2026-03-25 21:37:31.423,0.14010876417160034,-0.11427188664674759,-0.13975074887275696,-0.0004635619989130646,0.0008523192955181003,-0.0007486508693546057
2026-03-25 21:37:31.425,0.14885637164115906,-0.11629664897918701,-0.15069618821144104,-0.000579202373046428,0.0007364556076936424,-0.0007155740167945623
2026-03-25 21:37:31.427,0.14626002311706543,-0.10887117683887482,-0.14037646353244781,-0.000540425768122077,0.0006880947621539235,-0.0008591005462221801
2026-03-25 21:37:31.429,0.16264478862285614,-0.10245778411626816,-0.13525423407554626,-0.0006881498848088086,0.0006400442798621953,-0.0006412153597921133
2026-03-25 21:37:31.431,0.16522642970085144,-0.10353651642799377,-0.14005646109580994,-0.0006813367363065481,0.0011813659220933914,-0.0008423578110523522
2026-03-25 21:37:31.433,0.1651107668876648,-0.0995783656835556,-0.1295548379421234,-0.0008828733116388321,0.0009333712514489889,-0.0005738267791457474
2026-03-25 21:37:31.435,0.1554175466299057,-0.10739488899707794,-0.11877846717834473,-0.0009204921661876142,0.0011884308187291026,-0.000770002487115562
2026-03-25 21:37:31.437,0.16403892636299133,-0.09693373739719391,-0.12982597947120667,-0.0008089691400527954,0.0009019693243317306,-0.0007878071046434343
2026-03-25 21:37:31.439,0.16210824251174927,-0.09555606544017792,-0.12446180731058121,-0.0008856984786689281,0.0010072134900838137,-0.0006611054996028543
2026-03-25 21:37:31.441,0.1623450666666031,-0.10436001420021057,-0.135463148355484,-0.0007088363636285067,0.0012110447278246284,-0.0007641932461410761
2026-03-25 21:37:31.443,0.15036629140377045,-0.10947414487600327,-0.1296040415763855,-0.0009583929786458611,0.000861309701576829,-0.0006148042157292366
2026-03-25 21:37:31.445,0.15582506358623505,-0.1153462678194046,-0.13827237486839294,-0.0006574099534191191,0.0008426004205830395,-0.0006773214554414153
2026-03-25 21:37:31.447,0.13921087980270386,-0.10954408347606659,-0.14819267392158508,-0.000672614318318665,0.0006919040461070836,-0.0005661057075485587
2026-03-25 21:37:31.449,0.1459176242351532,-0.11381439864635468,-0.14591139554977417,-0.000622508698143065,0.0008504798752255738,-0.000694924674462527
2026-03-25 21:37:31.451,0.14092214405536652,-0.10895953327417374,-0.1425761580467224,-0.0008551335195079446,0.0006418353877961636,-0.000598343787714839
2026-03-25 21:37:31.453,0.153641939163208,-0.10731770098209381,-0.14302314817905426,-0.0006640744977630675,0.0009495243430137634,-0.0006141021731309593
2026-03-25 21:37:31.455,0.15129993855953217,-0.1054796501994133,-0.1363602578639984,-0.0007676972891204059,0.0008021673420444131,-0.0007770359516143799
2026-03-25 21:37:31.457,0.15278658270835876,-0.10083816945552826,-0.12316474318504333,-0.0006666526314802468,0.0008051017648540437,-0.000941405538469553
2026-03-25 21:37:31.459,0.1608693152666092,-0.0990782305598259,-0.11933769285678864,-0.0008325169910676777,0.0009549524402245879,-0.0007979946094565094
2026-03-25 21:37:31.461,0.15893541276454926,-0.10287203639745712,-0.12012151628732681,-0.0009745712159201503,0.0010657303500920534,-0.0007391399703919888
2026-03-25 21:37:31.463,0.1741577833890915,-0.10241235792636871,-0.12669815123081207,-0.0010279404232278466,0.0011063251877203584,-0.0008143645827658474
2026-03-25 21:37:31.465,0.1565156877040863,-0.09612484276294708,-0.12455496191978455,-0.0008815363398753107,0.0011968383332714438,-0.0007454701699316502
2026-03-25 21:37:31.467,0.1623285412788391,-0.1036655530333519,-0.13898040354251862,-0.0008904956630431116,0.0011417840141803026,-0.0008057099184952676
2026-03-25 21:37:31.469,0.1488727331161499,-0.10266106575727463,-0.14315105974674225,-0.0006757713854312897,0.0008664624765515327,-0.0007711987709626555
2026-03-25 21:37:31.471,0.145278662443161,-0.1084662452340126,-0.14756552875041962,-0.0007262863218784332,0.0008224373450502753,-0.0009924662299454212
2026-03-25 21:37:31.473,0.12983591854572296,-0.10422556847333908,-0.1515154242515564,-0.0008189752115868032,0.0006114679272286594,-0.000708119769115001
2026-03-25 21:37:31.475,0.13511095941066742,-0.11096248775720596,-0.16260117292404175,-0.0005991472280584276,0.00060289166867733,-0.0008204763871617615
2026-03-25 21:37:31.477,0.15101367235183716,-0.11023993790149689,-0.14754782617092133,-0.0007627087761647999,0.0009253821917809546,-0.0006846211035735905
2026-03-25 21:37:31.479,0.14656707644462585,-0.10771577060222626,-0.13795214891433716,-0.0005482489941641688,0.0009917481802403927,-0.0007385662756860256
2026-03-25 21:37:31.481,0.16224528849124908,-0.10513608157634735,-0.136484757065773,-0.0006001355941407382,0.0010761991143226624,-0.0008995183161459863
2026-03-25 21:37:31.483,0.15497076511383057,-0.10093244910240173,-0.11585931479930878,-0.0009789190953597426,0.0009851382346823812,-0.000601635139901191
2026-03-25 21:37:31.485,0.17353850603103638,-0.09422733634710312,-0.13176493346691132,-0.0010496198665350676,0.0010897843167185783,-0.0007071008440107107
2026-03-25 21:37:31.487,0.1573939025402069,-0.09525446593761444,-0.12285609543323517,-0.0007134457700885832,0.001069887657649815,-0.0011370633728802204
2026-03-25 21:37:31.489,0.15392397344112396,-0.09539248794317245,-0.12519612908363342,-0.000875973142683506,0.001009392086416483,-0.000606733316089958
2026-03-25 21:37:31.491,0.15138299763202667,-0.09745955467224121,-0.1299697309732437,-0.0009286216227337718,0.0009341359254904091,-0.0004995624185539782
2026-03-25 21:37:31.493,0.15387636423110962,-0.10843263566493988,-0.1375170350074768,-0.0007124115363694727,0.0009483510511927307,-0.0008143335580825806
2026-03-25 21:37:31.495,0.1495835930109024,-0.11143355816602707,-0.13772930204868317,-0.0008468661108054221,0.0007699974230490625,-0.000858399027492851
2026-03-25 21:37:31.497,0.14103472232818604,-0.1053769588470459,-0.15032128989696503,-0.0007761607994325459,0.0008120242273434997,-0.0007593010668642819
2026-03-25 21:37:31.499,0.14964374899864197,-0.10398613661527634,-0.14983394742012024,-0.0008735709707252681,0.000674510607495904,-0.0009040309814736247
2026-03-25 21:37:31.501,0.13888469338417053,-0.10507937520742416,-0.1430259495973587,-0.0008584079914726317,0.0008353987941518426,-0.0008239130838774145
2026-03-25 21:37:31.503,0.14352858066558838,-0.10601644217967987,-0.14062808454036713,-0.0007484296220354736,0.0007971489103510976,-0.0009216637699864805
2026-03-25 21:37:31.505,0.1428920179605484,-0.10487225651741028,-0.13565436005592346,-0.0007332401000894606,0.0007288577617146075,-0.0009295015479438007
2026-03-25 21:37:31.507,0.1641765534877777,-0.10111136734485626,-0.12917077541351318,-0.0006195938331075013,0.0010121299419552088,-0.0009229046409018338
2026-03-25 21:37:31.509,0.16348497569561005,-0.09639488905668259,-0.12267551571130753,-0.0006867689080536366,0.0009363830322399735,-0.000886278401594609
2026-03-25 21:37:31.511,0.17281220853328705,-0.09996967017650604,-0.1351453810930252,-0.0009909810032695532,0.001111310557462275,-0.0008789396379143
2026-03-25 21:37:31.513,0.15560786426067352,-0.09520010650157928,-0.12142918258905411,-0.0010210160398855805,0.0008762857178226113,-0.0009693751926533878
2026-03-25 21:37:31.515,0.15817014873027802,-0.09551755338907242,-0.15033748745918274,-0.0008681731997057796,0.0011896103387698531,-0.0006719824159517884
2026-03-25 21:37:31.517,0.15139426290988922,-0.10367608815431595,-0.14917948842048645,-0.0006610176060348749,0.0010838021989911795,-0.0008769230335019529
2026-03-25 21:37:31.519,0.14543141424655914,-0.1111333817243576,-0.1388891190290451,-0.0007032629800960422,0.0009502364555373788,-0.0007216628291644156
2026-03-25 21:37:31.521,0.1411915272474289,-0.10533575713634491,-0.1434791386127472,-0.0006322332192212343,0.0008937425445765257,-0.0008312911377288401
2026-03-25 21:37:31.523,0.14402993023395538,-0.1093289703130722,-0.1406632661819458,-0.000711057975422591,0.0007028947002254426,-0.0007035589660517871
2026-03-25 21:37:31.525,0.14811423420906067,-0.11026649177074432,-0.13749206066131592,-0.000614024989772588,0.0005761327338404953,-0.0008821787196211517
2026-03-25 21:37:31.527,0.14591990411281586,-0.10310740023851395,-0.14652638137340546,-0.000671921472530812,0.0009242357918992639,-0.0010122088715434074
2026-03-25 21:37:31.529,0.15513773262500763,-0.10643663257360458,-0.1419433355331421,-0.0007613494526594877,0.000985991209745407,-0.0007542631938122213
2026-03-25 21:37:31.531,0.1555994749069214,-0.10579638928174973,-0.12402317672967911,-0.0008686088258400559,0.000922149047255516,-0.000669537577778101
2026-03-25 21:37:31.533,0.16777072846889496,-0.10511229187250137,-0.12868060171604156,-0.0009527789079584181,0.0008864798583090305,-0.000551858451217413
2026-03-25 21:37:31.535,0.17535127699375153,-0.10304871946573257,-0.11742408573627472,-0.0009927436476573348,0.0007889348780736327,-0.0007542200619354844
2026-03-25 21:37:31.537,0.15870891511440277,-0.1035885214805603,-0.11858559399843216,-0.001026939949952066,0.0010513183660805225,-0.00064705905970186
2026-03-25 21:37:31.539,0.1457810401916504,-0.10348022729158401,-0.11865110695362091,-0.0008833780302666128,0.0009270937298424542,-0.0006180703639984131
2026-03-25 21:37:31.541,0.15659549832344055,-0.10588961094617844,-0.13509954512119293,-0.000593860459048301,0.0009848865447565913,-0.0008699044119566679
2026-03-25 21:37:31.543,0.15144477784633636,-0.11267974227666855,-0.1400432288646698,-0.0007698917761445045,0.0009129696991294622,-0.0008720159530639648
2026-03-25 21:37:31.545,0.14945268630981445,-0.1119644045829773,-0.13528065383434296,-0.0005833132890984416,0.0008234428241848946,-0.0009206754039041698
2026-03-25 21:37:31.547,0.1501239389181137,-0.11075525730848312,-0.1419665366411209,-0.0005561304278671741,0.0007789827068336308,-0.0007392101688310504
2026-03-25 21:37:31.549,0.15502597391605377,-0.11500286310911179,-0.1449313908815384,-0.0007705815369263291,0.0007841347833164036,-0.0007844226201996207
2026-03-25 21:37:31.551,0.1416287124156952,-0.10763517767190933,-0.13621419668197632,-0.0006210713181644678,0.0007416297448799014,-0.0007818519952706993
2026-03-25 21:37:31.553,0.15277084708213806,-0.10989174246788025,-0.130658820271492,-0.0007298248820006847,0.0006663436070084572,-0.0006474781548604369
2026-03-25 21:37:31.555,0.15918676555156708,-0.12078521400690079,-0.1370391994714737,-0.0006940629682503641,0.0009905348997563124,-0.0008237793808802962
2026-03-25 21:37:31.557,0.15242017805576324,-0.10751084238290787,-0.1191832572221756,-0.0006875714752823114,0.0010554299224168062,-0.0008213541004806757
2026-03-25 21:37:31.559,0.16250750422477722,-0.10218043625354767,-0.11327244341373444,-0.000676323426887393,0.0008071201737038791,-0.0007595561328344047
2026-03-25 21:37:31.562,0.15815824270248413,-0.10571641474962234,-0.12766440212726593,-0.0010161655955016613,0.0009829651098698378,-0.0006483238539658487
2026-03-25 21:37:31.564,0.16360215842723846,-0.10537618398666382,-0.13178803026676178,-0.0008293613791465759,0.0010383115150034428,-0.0006149942637421191
2026-03-25 21:37:31.566,0.15800969302654266,-0.10953420400619507,-0.1379595547914505,-0.0006620737840421498,0.0012077834689989686,-0.0007472884026356041
2026-03-25 21:37:31.568,0.15343709290027618,-0.10766711831092834,-0.13607902824878693,-0.0007294720853678882,0.0009296411299146712,-0.0007448922842741013
2026-03-25 21:37:31.570,0.1412922888994217,-0.11222796142101288,-0.1397741585969925,-0.0008465671562589705,0.0005163623136468232,-0.0005268064560368657
2026-03-25 21:37:31.572,0.1470087319612503,-0.11887252330780029,-0.15218527615070343,-0.0006557070300914347,0.0006854248931631446,-0.0008314980659633875
2026-03-25 21:37:31.574,0.1289728730916977,-0.10977604240179062,-0.1439899206161499,-0.0006720360252074897,0.0007798346341587603,-0.0005879318923689425
2026-03-25 21:37:31.576,0.15447352826595306,-0.12066753953695297,-0.14402402937412262,-0.0006900655571371317,0.0008532123174518347,-0.0008462404366582632
2026-03-25 21:37:31.578,0.1563584804534912,-0.11778848618268967,-0.13852451741695404,-0.0005229592206887901,0.0007391187245957553,-0.0009392235078848898
2026-03-25 21:37:31.580,0.15548640489578247,-0.10615769773721695,-0.12466730177402496,-0.0005058702663518488,0.001061448361724615,-0.0006729629822075367
2026-03-25 21:37:31.582,0.15964506566524506,-0.10820876061916351,-0.12559500336647034,-0.0009779599495232105,0.0010944873793050647,-0.0007396481232717633
2026-03-25 21:37:31.584,0.16841177642345428,-0.10275290161371231,-0.12806379795074463,-0.0008603929891251028,0.0010446232045069337,-0.0005466085276566446
2026-03-25 21:37:31.586,0.1617186814546585,-0.10003543645143509,-0.11592093110084534,-0.0008031073375605047,0.0010334262624382973,-0.0006598731270059943
2026-03-25 21:37:31.588,0.1671314686536789,-0.10048148036003113,-0.12292250990867615,-0.0010092210723087192,0.000919103913474828,-0.0006020637229084969
2026-03-25 21:37:31.590,0.15908822417259216,-0.10967421531677246,-0.1397334486246109,-0.0006823868025094271,0.0010463071521371603,-0.000775185355450958
2026-03-25 21:37:31.592,0.14879214763641357,-0.10761789977550507,-0.12655432522296906,-0.00048719297046773136,0.0007171689067035913,-0.0007715472602285445
2026-03-25 21:37:31.594,0.14199703931808472,-0.11256093531847,-0.1367594599723816,-0.0007354879635386169,0.0007975889020599425,-0.000782292801886797
2026-03-25 21:37:31.596,0.14381732046604156,-0.11689021438360214,-0.14896076917648315,-0.0007490364369004965,0.0008274464635178447,-0.000817966356407851
2026-03-25 21:37:31.598,0.14790388941764832,-0.10952319949865341,-0.13733239471912384,-0.0006144014769233763,0.0006136276642791927,-0.0009280462400056422
2026-03-25 21:37:31.600,0.15341326594352722,-0.10873046517372131,-0.14255772531032562,-0.0008746616076678038,0.0008932086057029665,-0.0008276032749563456
2026-03-25 21:37:31.602,0.15812335908412933,-0.10608482360839844,-0.13688383996486664,-0.0008566696778871119,0.0009473732206970453,-0.0006695275660604239
2026-03-25 21:37:31.604,0.15523572266101837,-0.10475730895996094,-0.13128134608268738,-0.0006995229632593691,0.0010951089207082987,-0.0008835431654006243
2026-03-25 21:37:31.606,0.15358340740203857,-0.0968291386961937,-0.12673616409301758,-0.0009145384537987411,0.0010273641673848033,-0.0006780349067412317
2026-03-25 21:37:31.608,0.16122779250144958,-0.09713313728570938,-0.13162745535373688,-0.0008359975181519985,0.0008791307918727398,-0.0008283209172077477
2026-03-25 21:37:31.611,0.16031338274478912,-0.0988859087228775,-0.13471563160419464,-0.0009564883075654507,0.0008891295874491334,-0.0009599629556760192
2026-03-25 21:37:31.613,0.16147254407405853,-0.10063803941011429,-0.1392022669315338,-0.0009345565922558308,0.0011965762823820114,-0.0006759347743354738
2026-03-25 21:37:31.615,0.15976198017597198,-0.10511697828769684,-0.1353307068347931,-0.0007616093498654664,0.0011589592322707176,-0.0006523138144984841
2026-03-25 21:37:31.617,0.1524752378463745,-0.10139467567205429,-0.13566866517066956,-0.000690401706378907,0.0007293056696653366,-0.0007903728983364999
2026-03-25 21:37:31.619,0.1430351287126541,-0.09981441497802734,-0.1351630836725235,-0.0007446656818501651,0.0007678687106817961,-0.0007167728617787361
2026-03-25 21:37:31.621,0.1422581821680069,-0.10475137084722519,-0.14806610345840454,-0.0007958883652463555,0.0007789188530296087,-0.0008046676521189511
2026-03-25 21:37:31.623,0.1424437165260315,-0.10368477553129196,-0.1514139473438263,-0.0006779695395380259,0.0007323037716560066,-0.0007626532460562885
2026-03-25 21:37:31.625,0.1450294703245163,-0.10473170876502991,-0.14586983621120453,-0.0006552189588546753,0.0006175072048790753,-0.0008523903088644147
2026-03-25 21:37:31.627,0.15505880117416382,-0.10781381279230118,-0.16084854304790497,-0.00059904670342803,0.0007568924338556826,-0.0007589053711853921
2026-03-25 21:37:31.629,0.14797134697437286,-0.1015632152557373,-0.14283578097820282,-0.0005978571134619415,0.0009217608603648841,-0.0007627116283401847
2026-03-25 21:37:31.631,0.14717566967010498,-0.09245231747627258,-0.13160084187984467,-0.0006390452617779374,0.000789965910371393,-0.0006975386058911681
2026-03-25 21:37:31.633,0.16458523273468018,-0.09210993349552155,-0.13497428596019745,-0.0008444546838290989,0.000756124674808234,-0.0008895604405552149
2026-03-25 21:37:31.635,0.15538376569747925,-0.0904570072889328,-0.12880226969718933,-0.0009111049002967775,0.0009170843404717743,-0.0006898902356624603
2026-03-25 21:37:31.637,0.162072092294693,-0.0991278663277626,-0.12886112928390503,-0.000817772641312331,0.0010106033878400922,-0.0008918919484131038
2026-03-25 21:37:31.639,0.16255755722522736,-0.09995851665735245,-0.13602584600448608,-0.0007727382471784949,0.0009355441434308887,-0.0007527368725277483
2026-03-25 21:37:31.641,0.15446919202804565,-0.10126764327287674,-0.13841111958026886,-0.0007827735389582813,0.0009103413904085755,-0.0008860876550897956
2026-03-25 21:37:31.643,0.14678050577640533,-0.10117969661951065,-0.14456355571746826,-0.0008392620366066694,0.0008857789798639715,-0.000738473900128156
2026-03-25 21:37:31.645,0.14673437178134918,-0.10522006452083588,-0.14564652740955353,-0.0007845828076824546,0.0008016931242309511,-0.0008826328557915986
2026-03-25 21:37:31.647,0.14150305092334747,-0.10370034724473953,-0.14796242117881775,-0.0008131517097353935,0.0008200849406421185,-0.0007429611287079751
2026-03-25 21:37:31.649,0.14236412942409515,-0.10017675906419754,-0.1427232325077057,-0.0007877246243879199,0.0008149165078066289,-0.0007812935509718955
2026-03-25 21:37:31.651,0.1461363434791565,-0.10327140986919403,-0.14332710206508636,-0.0006824977463111281,0.0006420022109523416,-0.0008503757417201996
2026-03-25 21:37:31.653,0.14181986451148987,-0.11126802116632462,-0.13615259528160095,-0.0007814934360794723,0.0007059696945361793,-0.0006844188901595771
2026-03-25 21:37:31.655,0.15116924047470093,-0.10605048388242722,-0.13270597159862518,-0.0008300270419567823,0.0008359719649888575,-0.0009201454231515527
2026-03-25 21:37:31.657,0.15059378743171692,-0.09420298039913177,-0.13201960921287537,-0.0007648004102520645,0.0008657686994411051,-0.0009317874209955335
2026-03-25 21:37:31.659,0.169429212808609,-0.10106782615184784,-0.1344211995601654,-0.0008972481009550393,0.0010392761323601007,-0.0008088349713943899
2026-03-25 21:37:31.661,0.1574965864419937,-0.08842343837022781,-0.12929809093475342,-0.0008528244798071682,0.0010714862728491426,-0.0007212857599370182
2026-03-25 21:37:31.663,0.16779251396656036,-0.0947185829281807,-0.1259511411190033,-0.0008553430088795722,0.0010535967303439975,-0.0006295207422226667
2026-03-25 21:37:31.665,0.16013573110103607,-0.09706828743219376,-0.13779404759407043,-0.0009636636241339147,0.0008007919532246888,-0.0008378637139685452
2026-03-25 21:37:31.667,0.14678630232810974,-0.09918007254600525,-0.13244085013866425,-0.0008402620442211628,0.0009986957302317023,-0.0008188611827790737
2026-03-25 21:37:31.669,0.1548769325017929,-0.10315535217523575,-0.1386144459247589,-0.0007021802011877298,0.0007746706833131611,-0.000813210557680577
2026-03-25 21:37:31.671,0.1509864181280136,-0.11118213087320328,-0.16020648181438446,-0.0004923740634694695,0.0007853459683246911,-0.0008764953236095607
2026-03-25 21:37:31.673,0.14419423043727875,-0.11374640464782715,-0.14530988037586212,-0.0005812599556520581,0.0009108109516091645,-0.0008712591952644289
2026-03-25 21:37:31.675,0.14326125383377075,-0.11351795494556427,-0.14756126701831818,-0.0006869108183309436,0.0005642715841531754,-0.0007801196188665926
2026-03-25 21:37:31.677,0.14177079498767853,-0.11030813306570053,-0.1516520082950592,-0.0006707889842800796,0.0008515858789905906,-0.0007580334204249084
2026-03-25 21:37:31.679,0.14115369319915771,-0.10886558145284653,-0.13760362565517426,-0.0007584526902064681,0.0009233034215867519,-0.0007498462800867856
2026-03-25 21:37:31.681,0.1599959284067154,-0.11068576574325562,-0.1297243982553482,-0.000690968765411526,0.0010607612784951925,-0.0009134445572271943
2026-03-25 21:37:31.683,0.167030468583107,-0.10160639882087708,-0.11938973516225815,-0.000834596052300185,0.0009667100966908038,-0.0007630787440575659
2026-03-25 21:37:31.685,0.17125992476940155,-0.10141001641750336,-0.1228271871805191,-0.0007233174983412027,0.001196466968394816,-0.000613088661339134
2026-03-25 21:37:31.687,0.16391851007938385,-0.10255365073680878,-0.1110311895608902,-0.0008629058720543981,0.0011793228331953287,-0.0007104829419404268
2026-03-25 21:37:31.689,0.16830073297023773,-0.1013888344168663,-0.13274572789669037,-0.000974779250100255,0.0010943645611405373,-0.0005477610393427312
2026-03-25 21:37:31.691,0.15167197585105896,-0.11035671830177307,-0.12680189311504364,-0.0009893408278003335,0.0003722236433532089,-0.0005432823090814054
2026-03-25 21:37:31.693,0.15636089444160461,-0.12415681779384613,-0.15310244262218475,-0.00010524506797082722,0.0012894785031676292,-0.001002787728793919
2026-03-25 21:37:31.695,0.13511301577091217,-0.11598130315542221,-0.13256734609603882,-0.0006193494191393256,0.0006223524105735123,-0.0005795135512016714
2026-03-25 21:37:31.697,0.1599287986755371,-0.11486990749835968,-0.15861199796199799,-0.00089366635074839,0.0010306256590411067,-0.0006324201240204275
2026-03-25 21:37:31.699,0.15524296462535858,-0.12213629484176636,-0.1450943797826767,-0.00086038070730865,0.0011172207305207849,-0.0006527799414470792
2026-03-25 21:37:31.700,0.15245428681373596,-0.10897977650165558,-0.12778715789318085,-0.0006981904152780771,0.0009723005350679159,-0.000490550824906677
2026-03-25 21:37:31.702,0.16953612864017487,-0.11030331999063492,-0.14625592529773712,-0.0005395834450609982,0.0009977688314393163,-0.0006798328249715269
2026-03-25 21:37:31.704,0.1412278562784195,-0.10668715089559555,-0.11319367587566376,-0.0005772879812866449,0.0007159878732636571,-0.0007928972481749952
2026-03-25 21:37:31.706,0.15308472514152527,-0.10669540613889694,-0.12228836864233017,-0.0006702104583382607,0.0008847647113725543,-0.0005968059413135052
2026-03-25 21:37:31.708,0.14812658727169037,-0.11101574450731277,-0.13265028595924377,-0.0006195188034325838,0.0009564016363583505,-0.0007487802067771554
2026-03-25 21:37:31.710,0.14088816940784454,-0.11119142174720764,-0.12352266907691956,-0.0005347646656446159,0.0007087195408530533,-0.0008426654385402799
2026-03-25 21:37:31.712,0.15797385573387146,-0.11050627380609512,-0.1448667347431183,-0.0006144457147456706,0.0010364706395193934,-0.0006792810163460672
2026-03-25 21:37:31.714,0.15281865000724792,-0.11622609198093414,-0.13956639170646667,-0.0008074931101873517,0.0008036427316255867,-0.0007597554358653724
2026-03-25 21:37:31.716,0.15570078790187836,-0.11030158400535583,-0.14616034924983978,-0.0010207510786131024,0.0010000272886827588,-0.0007383996853604913
2026-03-25 21:37:31.718,0.150595024228096,-0.10491850972175598,-0.14045611023902893,-0.001014714245684445,0.0010133996838703752,-0.0006387272151187062
2026-03-25 21:37:31.720,0.15127453207969666,-0.10645971447229385,-0.14833800494670868,-0.001023961347527802,0.0008470432367175817,-0.0004555335908662528
2026-03-25 21:37:31.722,0.10924853384494781,-0.12177950888872147,-0.161153644323349,-0.000948879518546164,0.0002522700815461576,2.513838990125805e-05
2026-03-25 21:37:31.724,0.05972347781062126,-0.17733468115329742,-0.1892273873090744,0.00014222699974197894,-0.000879607570823282,-0.00028448045486584306
2026-03-25 21:37:31.726,-0.011441763490438461,-0.1851128488779068,-0.23780937492847443,0.00047446784446947277,-0.0015712021850049496,-9.535928984405473e-05
2026-03-25 21:37:31.728,-0.035336945205926895,-0.16883279383182526,-0.2293223887681961,-0.00045617230352945626,-0.002080067992210388,0.0004811922262888402
2026-03-25 21:37:31.730,0.003375121857970953,-0.17402613162994385,-0.23732896149158478,-0.0005498437094502151,-0.0016684095608070493,0.0005387127166613936
2026-03-25 21:37:31.732,-0.010690571740269661,-0.19411997497081757,-0.23202970623970032,-0.0002054308570222929,-0.001860365504398942,0.0005148050840944052
2026-03-25 21:37:31.734,-0.05553765594959259,-0.1969866007566452,-0.24126853048801422,0.0002058276004390791,-0.0023240947630256414,0.00029906141571700573
2026-03-25 21:37:31.736,-0.0663662999868393,-0.18141750991344452,-0.25871479511260986,0.00019155905465595424,-0.002454602625221014,-3.6609457310987636e-05
2026-03-25 21:37:31.738,0.003927531652152538,-0.16526192426681519,-0.23281385004520416,-8.350639109266922e-05,-0.0013302040752023458,-0.00048111239448189735
2026-03-25 21:37:31.740,0.07602734863758087,-0.11191491037607193,-0.1691243052482605,-0.0007942636730149388,-0.000661908823531121,-0.0004182325501460582
2026-03-25 21:37:31.742,0.1307097226381302,-0.08818496763706207,-0.14612258970737457,-0.0012291724560782313,0.00024106835189741105,-0.000732810003682971
2026-03-25 21:37:31.744,0.14769494533538818,-0.09127961844205856,-0.15287832915782928,-0.000622658000793308,0.00047443900257349014,-0.0013043259968981147
2026-03-25 21:37:31.746,0.11744260042905807,-0.08061230927705765,-0.154237300157547,-0.0006942283362150192,0.00031701818807050586,-0.001482300111092627
2026-03-25 21:37:31.748,0.1516546607017517,-0.059648171067237854,-0.1444016993045807,-0.0011351467110216618,0.0006314817001111805,-0.0015603682259097695
2026-03-25 21:37:31.750,0.18802468478679657,-0.03141632303595543,-0.10464507341384888,-0.0016340600559487939,0.001343475072644651,-0.0014700079336762428
2026-03-25 21:37:31.752,0.2278853803873062,-0.02474822662770748,-0.1023482009768486,-0.0016443817876279354,0.0018017408438026905,-0.0016704858280718327
2026-03-25 21:37:31.754,0.2031424641609192,-0.03376693278551102,-0.10952906310558319,-0.0014044780982658267,0.001394468592479825,-0.001648150384426117
2026-03-25 21:37:31.756,0.15658296644687653,-0.045017167925834656,-0.1232515275478363,-0.0011290783295407891,0.0010630786418914795,-0.0018648121040314436
2026-03-25 21:37:31.758,0.1503925621509552,-0.04778975993394852,-0.13440601527690887,-0.0013096348848193884,0.0011234490666538477,-0.00166198646184057
2026-03-25 21:37:31.760,0.18936170637607574,-0.03280755504965782,-0.1072726771235466,-0.0013102201046422124,0.001201988779939711,-0.001714853337034583
2026-03-25 21:37:31.762,0.2079533338546753,-0.0176230575889349,-0.08101770281791687,-0.0017151422798633575,0.0016083091031759977,-0.0014138659462332726
2026-03-25 21:37:31.764,0.2033754587173462,-0.03051632270216942,-0.09499040991067886,-0.0013944203965365887,0.0016838684678077698,-0.001538929296657443
2026-03-25 21:37:31.766,0.18043015897274017,-0.04379389062523842,-0.1283070594072342,-0.0011203208705410361,0.00116347789298743,-0.0017287168884649873
2026-03-25 21:37:31.768,0.16148178279399872,-0.04379364848136902,-0.12118849158287048,-0.0014007523423060775,0.0013267372269183397,-0.0016507828840985894
2026-03-25 21:37:31.770,0.18659313023090363,-0.038199953734874725,-0.10686753690242767,-0.0014899891102686524,0.0014906690921634436,-0.0015983966877683997
2026-03-25 21:37:31.772,0.21303819119930267,-0.03056873381137848,-0.08463931828737259,-0.001755040604621172,0.0014515564544126391,-0.0014840041985735297
2026-03-25 21:37:31.774,0.20970679819583893,-0.03249581158161163,-0.10909057408571243,-0.0016271157655864954,0.0018125554779544473,-0.001418053638190031
2026-03-25 21:37:31.776,0.18012036383152008,-0.042631883174180984,-0.1062481552362442,-0.0012581406626850367,0.001275882008485496,-0.0016551249427720904
2026-03-25 21:37:31.778,0.1728675663471222,-0.046403590589761734,-0.1160946860909462,-0.0011628204956650734,0.00124801741912961,-0.0013443470234051347
2026-03-25 21:37:31.780,0.17881344258785248,-0.03896043822169304,-0.09146109223365784,-0.0016368450596928596,0.0012208196567371488,-0.0013428344391286373
2026-03-25 21:37:31.782,0.20628713071346283,-0.03323552757501602,-0.1042732298374176,-0.0018545698840171099,0.0017755370354279876,-0.0010638267267495394
2026-03-25 21:37:31.784,0.19446919858455658,-0.031738847494125366,-0.08806052058935165,-0.0016425532521679997,0.0016734335804358125,-0.0010669855400919914
2026-03-25 21:37:31.786,0.17438893020153046,-0.0509784109890461,-0.08845832943916321,-0.0013958349591121078,0.0012967702932655811,-0.001389153185300529
2026-03-25 21:37:31.788,0.1753091812133789,-0.052565425634384155,-0.11015299707651138,-0.0012811388587579131,0.001283504068851471,-0.001236437470652163
2026-03-25 21:37:31.790,0.17033475637435913,-0.05606786161661148,-0.10876695066690445,-0.0015393231296911836,0.0012587663950398564,-0.0009785426082089543
2026-03-25 21:37:31.792,0.18131449818611145,-0.06343451142311096,-0.09921959042549133,-0.0014572986401617527,0.001118139480240643,-0.00077481271000579
2026-03-25 21:37:31.794,0.17399699985980988,-0.08702274411916733,-0.12356957793235779,-0.0011803196975961328,0.0011188167845830321,-0.0008792882435955107
2026-03-25 21:37:31.796,0.15132927894592285,-0.09122513234615326,-0.125477135181427,-0.0010678974213078618,0.0008489354513585567,-0.0008220490999519825
2026-03-25 21:37:31.798,0.11034048348665237,-0.10194432735443115,-0.12403132766485214,-0.0010394571581855416,0.00046950095565989614,-0.0004734297108370811
2026-03-25 21:37:31.800,0.12160563468933105,-0.10957342386245728,-0.13701197504997253,-0.000895646691787988,0.0002980543067678809,-0.0003286833525635302
2026-03-25 21:37:31.802,0.1270761638879776,-0.12271107733249664,-0.1325008124113083,-0.0007862127386033535,0.0005344940582290292,-0.00013934861635789275
2026-03-25 21:37:31.804,0.1104629784822464,-0.13437286019325256,-0.12398694455623627,-0.0008289722027257085,9.713121835375205e-05,1.653595063544344e-05
2026-03-25 21:37:31.806,0.09519273787736893,-0.14176006615161896,-0.1473422348499298,-0.0005930803599767387,1.5100860764505342e-05,-3.190207644365728e-05
2026-03-25 21:37:31.808,0.09802471846342087,-0.14042408764362335,-0.1381554901599884,-0.0004422423953656107,-9.960297575162258e-06,-0.0002905157452914864
2026-03-25 21:37:31.810,0.11703996360301971,-0.13315358757972717,-0.11813798546791077,-0.0006626403774134815,0.00018412916688248515,-7.188004383351654e-05
2026-03-25 21:37:31.812,0.1303904950618744,-0.12964056432247162,-0.10601329058408737,-0.0005682641640305519,0.0008269460522569716,-0.00020951774786226451
2026-03-25 21:37:31.814,0.1547556221485138,-0.13618209958076477,-0.10540787130594254,-0.0005082815187051892,0.0007682108553126454,-0.0005820817896164954
2026-03-25 21:37:31.816,0.16361933946609497,-0.1236228197813034,-0.10338414460420609,-0.0006404552259482443,0.0010118128266185522,-0.0006361311534419656
2026-03-25 21:37:31.818,0.17257900536060333,-0.11339215934276581,-0.0912519246339798,-0.0008945533772930503,0.0013894647127017379,-0.0005586610059253871
2026-03-25 21:37:31.820,0.18981105089187622,-0.10934294760227203,-0.08831489831209183,-0.0009860211284831166,0.0014449822483584285,-0.0006901869783177972
2026-03-25 21:37:31.822,0.1918805092573166,-0.12046781182289124,-0.08971014618873596,-0.0007409498211927712,0.0013757923152297735,-0.0008942998829297721
2026-03-25 21:37:31.824,0.17620626091957092,-0.12227808684110641,-0.08275917172431946,-0.0006663124659098685,0.0012373910285532475,-0.0007432264974340796
2026-03-25 21:37:31.826,0.1811860054731369,-0.11199193447828293,-0.07539878785610199,-0.0003764346765819937,0.0012714930344372988,-0.0008077053935267031
2026-03-25 21:37:31.828,0.18473011255264282,-0.1118602454662323,-0.07246769219636917,-0.0007335429545491934,0.0013639867538586259,-0.0005727980751544237
2026-03-25 21:37:31.830,0.19120080769062042,-0.1062302365899086,-0.0770556777715683,-0.0006814993685111403,0.001306410413235426,-0.0007521879160776734
2026-03-25 21:37:31.832,0.18526165187358856,-0.11216269433498383,-0.07713577896356583,-0.000661047117318958,0.0013552313903346658,-0.0007947541307657957
2026-03-25 21:37:31.834,0.18394380807876587,-0.10661428421735764,-0.07127545773983002,-0.0006477983552031219,0.001401917776092887,-0.0006475345580838621
2026-03-25 21:37:31.836,0.1808161437511444,-0.11182209849357605,-0.07497678697109222,-0.000673231144901365,0.0014431127347052097,-0.0005862985854037106
2026-03-25 21:37:31.838,0.18390361964702606,-0.10830637067556381,-0.08161383867263794,-0.000527248892467469,0.0013938290067017078,-0.0009220217471010983
2026-03-25 21:37:31.840,0.18013471364974976,-0.10945530980825424,-0.08203279227018356,-0.0007559777586720884,0.001532047288492322,-0.0008417297503910959
2026-03-25 21:37:31.842,0.18488332629203796,-0.10595148056745529,-0.08413795381784439,-0.0005257537122815847,0.0013254561927169561,-0.0008016781648620963
2026-03-25 21:37:31.844,0.18880991637706757,-0.10488758981227875,-0.07257162779569626,-0.0006500377785414457,0.001269802451133728,-0.0007366036297753453
2026-03-25 21:37:31.846,0.19333161413669586,-0.10620349645614624,-0.08223389089107513,-0.0008115663076750934,0.0013860249891877174,-0.0006278910441324115
2026-03-25 21:37:31.848,0.1984245926141739,-0.1153113916516304,-0.08585678786039352,-0.0006207450060173869,0.0016477174358442426,-0.000707839266397059
2026-03-25 21:37:31.850,0.18862062692642212,-0.11070284992456436,-0.06975050270557404,-0.000649289577268064,0.0014555680099874735,-0.0006883037858642638
2026-03-25 21:37:31.852,0.18512116372585297,-0.10716044902801514,-0.07356119900941849,-0.0008659360464662313,0.0013518149498850107,-0.0006576006417162716
2026-03-25 21:37:31.854,0.18028037250041962,-0.10538821667432785,-0.07832539826631546,-0.0008057357626967132,0.0012652084697037935,-0.0004425555525813252
2026-03-25 21:37:31.856,0.17448937892913818,-0.11300462484359741,-0.06971929967403412,-0.0006602091598324478,0.0013787210918962955,-0.0006997066084295511
2026-03-25 21:37:31.858,0.18018373847007751,-0.11085076630115509,-0.06520868837833405,-0.0007963515818119049,0.0013818432344123721,-0.0005667862133122981
2026-03-25 21:37:31.860,0.19408991932868958,-0.11081468313932419,-0.07172001153230667,-0.0007663216674700379,0.0015262984670698643,-0.0005388363497331738
2026-03-25 21:37:31.862,0.18510238826274872,-0.10952764004468918,-0.075664222240448,-0.000897641759365797,0.001593221677467227,-0.0006001244182698429
2026-03-25 21:37:31.864,0.18768270313739777,-0.10319657623767853,-0.06844969838857651,-0.0007334968540817499,0.001280972850508988,-0.0006641759537160397
2026-03-25 21:37:31.866,0.19025395810604095,-0.11084132641553879,-0.06579139828681946,-0.0007386937504634261,0.0012831464409828186,-0.0007714859093539417
2026-03-25 21:37:31.868,0.19313998520374298,-0.11272022873163223,-0.07628810405731201,-0.0008694479474797845,0.0013899197801947594,-0.0006893477984704077
2026-03-25 21:37:31.870,0.18103814125061035,-0.11203329265117645,-0.06519301235675812,-0.000923198473174125,0.0015324167907238007,-0.0008022179245017469
2026-03-25 21:37:31.872,0.18390069901943207,-0.11316291987895966,-0.06659483909606934,-0.0006529469974339008,0.0013119333889335394,-0.0007126852287910879
2026-03-25 21:37:31.875,0.18843352794647217,-0.11191301792860031,-0.08433700352907181,-0.0007708664052188396,0.001448532217182219,-0.0008657368598505855
2026-03-25 21:37:31.877,0.18349172174930573,-0.1124592125415802,-0.07610345631837845,-0.0007939672796055675,0.0015678429044783115,-0.0005075775552541018
2026-03-25 21:37:31.879,0.1897757202386856,-0.10789397358894348,-0.07036038488149643,-0.0007175672799348831,0.0012752783950418234,-0.00046954929712228477
2026-03-25 21:37:31.881,0.18802057206630707,-0.11564382165670395,-0.07112693041563034,-0.0008298674947582185,0.0014374119928106666,-0.0006833879160694778
2026-03-25 21:37:31.883,0.1862945854663849,-0.11688143014907837,-0.071341872215271,-0.0007601722027175128,0.0013895543524995446,-0.0007191000040620565
2026-03-25 21:37:31.885,0.18230177462100983,-0.11142055690288544,-0.07045844942331314,-0.0008630489464849234,0.0013147067511454225,-0.0005227818037383258
2026-03-25 21:37:31.887,0.18337567150592804,-0.11470525711774826,-0.07180553674697876,-0.0007362636970356107,0.0012104199267923832,-0.0005461744731292129
2026-03-25 21:37:31.889,0.1907835304737091,-0.11866997927427292,-0.052337270230054855,-0.000719157513231039,0.0012921210145577788,-0.000673839240334928
2026-03-25 21:37:31.890,0.19454725086688995,-0.12007312476634979,-0.07210219651460648,-0.0006977603188715875,0.0011904035927727818,-0.0007719476125203073
2026-03-25 21:37:31.892,0.19060403108596802,-0.11716245114803314,-0.05275888368487358,-0.0006881692679598927,0.001266836072318256,-0.0007027130341157317
2026-03-25 21:37:31.894,0.1798267662525177,-0.11836455762386322,-0.06154809147119522,-0.000751515559386462,0.001279442454688251,-0.0007990471203811467
2026-03-25 21:37:31.896,0.19006001949310303,-0.12295419722795486,-0.0693175196647644,-0.0007184103014878929,0.0012471205554902554,-0.0009213119628839195
2026-03-25 21:37:31.898,0.18105918169021606,-0.12490791827440262,-0.06065664440393448,-0.000611265713814646,0.0013345318147912621,-0.000611928931903094
2026-03-25 21:37:31.900,0.18410912156105042,-0.12366757541894913,-0.07022063434123993,-0.0007774303667247295,0.0014067604206502438,-0.0007615798385813832
2026-03-25 21:37:31.902,0.18921098113059998,-0.12893152236938477,-0.06647048145532608,-0.0006361502455547452,0.001440047170035541,-0.0007398175657726824
2026-03-25 21:37:31.904,0.18043562769889832,-0.12216131389141083,-0.06634243577718735,-0.0005558078992180526,0.0011440012603998184,-0.0005836940254084766
2026-03-25 21:37:31.906,0.1804448962211609,-0.12205594778060913,-0.06305183470249176,-0.0005951098864898086,0.0012204681988805532,-0.000709687708877027
2026-03-25 21:37:31.908,0.1842852532863617,-0.11702296137809753,-0.06382045149803162,-0.0005904443678446114,0.0013408939121291041,-0.0005389931611716747
2026-03-25 21:37:31.910,0.19195060431957245,-0.1196291446685791,-0.05897490307688713,-0.0006332784541882575,0.0012344296555966139,-0.0005569899803958833
2026-03-25 21:37:31.912,0.18384499847888947,-0.12158922106027603,-0.07017060369253159,-0.0005189262446947396,0.0012685300316661596,-0.0008872464532032609
2026-03-25 21:37:31.914,0.175196573138237,-0.12201566249132156,-0.067537821829319,-0.0003262394748162478,0.0009802704444155097,-0.0007279180572368205
2026-03-25 21:37:31.916,0.1785828173160553,-0.12335862219333649,-0.06780879199504852,-0.0005142115987837315,0.0012387147871777415,-0.0007593681802973151
2026-03-25 21:37:31.918,0.1791238933801651,-0.11866012215614319,-0.06694897264242172,-0.0005573774105869234,0.0013623747508972883,-0.0006594016449525952
2026-03-25 21:37:31.920,0.19348029792308807,-0.12216750532388687,-0.0643831118941307,-0.0006116564618423581,0.0014905582647770643,-0.0007455304730683565
2026-03-25 21:37:31.922,0.18604855239391327,-0.12026439607143402,-0.058734502643346786,-0.0005575472605414689,0.0014619980938732624,-0.0008410164737142622
2026-03-25 21:37:31.924,0.18212537467479706,-0.11389835178852081,-0.05477583780884743,-0.00039404621929861605,0.0012604132061824203,-0.0007965522818267345
2026-03-25 21:37:31.926,0.18580767512321472,-0.116126149892807,-0.07215248048305511,-0.0007712177466601133,0.0012953868135809898,-0.000568043498788029
2026-03-25 21:37:31.928,0.18395093083381653,-0.11674827337265015,-0.059828124940395355,-0.0008574587409384549,0.0014836714835837483,-0.0005751393036916852
2026-03-25 21:37:31.930,0.18860407173633575,-0.1106162965297699,-0.050909511744976044,-0.0008098148973658681,0.0015097047435119748,-0.0007428760873153806
2026-03-25 21:37:31.932,0.19322915375232697,-0.11295618861913681,-0.051830656826496124,-0.0007737872656434774,0.0011822014348581433,-0.0008688947418704629
2026-03-25 21:37:31.934,0.17847369611263275,-0.11247515678405762,-0.057805947959423065,-0.0007729515782557428,0.0012467369670048356,-0.00048046608571894467
2026-03-25 21:37:31.936,0.17720188200473785,-0.10411441326141357,-0.06610792875289917,-0.000847895978949964,0.0012409532209858298,-0.000659674871712923
2026-03-25 21:37:31.938,0.19111154973506927,-0.1008182168006897,-0.07925310730934143,-0.0008073424687609076,0.0014424619730561972,-0.0006012273952364922
2026-03-25 21:37:31.940,0.19338801503181458,-0.10141618549823761,-0.06724781543016434,-0.000822337984573096,0.0014632348902523518,-0.0007679969421587884
2026-03-25 21:37:31.942,0.18346135318279266,-0.09828358888626099,-0.05842065438628197,-0.0008320349152199924,0.0012247003614902496,-0.0008241793257184327
2026-03-25 21:37:31.944,0.1819077730178833,-0.09715359658002853,-0.07035516202449799,-0.0005632089450955391,0.001198474084958434,-0.0009751685429364443
2026-03-25 21:37:31.946,0.17642779648303986,-0.09584739804267883,-0.06780201196670532,-0.0007751218508929014,0.001087545300833881,-0.0008988836198113859
2026-03-25 21:37:31.948,0.17482756078243256,-0.08307402580976486,-0.06396321952342987,-0.0009578484459780157,0.001304111909121275,-0.0007252751966007054
2026-03-25 21:37:31.950,0.1893145889043808,-0.0853181853890419,-0.06796485930681229,-0.000962955120485276,0.0014387062983587384,-0.0007567173452116549
2026-03-25 21:37:31.952,0.19497929513454437,-0.09016381204128265,-0.06814348697662354,-0.0010261602001264691,0.0012888709316030145,-0.0006968987872824073
2026-03-25 21:37:31.954,0.17316150665283203,-0.08687398582696915,-0.06891033798456192,-0.0009245785186067224,0.001188382739201188,-0.0009303460828959942
2026-03-25 21:37:31.956,0.173767551779747,-0.08659844845533371,-0.08156192302703857,-0.0011076000519096851,0.0010950741125270724,-0.0009318874217569828
2026-03-25 21:37:31.958,0.18312840163707733,-0.0857611894607544,-0.07995014637708664,-0.0012022672453895211,0.0012309299781918526,-0.0007098595960997045
2026-03-25 21:37:31.960,0.1809142827987671,-0.07678353786468506,-0.0631745308637619,-0.0012534747365862131,0.0012055854313075542,-0.0007625971338711679
2026-03-25 21:37:31.962,0.17962227761745453,-0.08303805440664291,-0.0789918452501297,-0.001093207742087543,0.0014036643551662564,-0.0009658322669565678
2026-03-25 21:37:31.964,0.17660020291805267,-0.08627380430698395,-0.08532863110303879,-0.000963352678809315,0.0010344987967982888,-0.001239288947544992
2026-03-25 21:37:31.966,0.17418599128723145,-0.0842650905251503,-0.08199290186166763,-0.0010747745400294662,0.0012160680489614606,-0.0009710245067253709
2026-03-25 21:37:31.968,0.17545278370380402,-0.083553247153759,-0.08449366688728333,-0.0013380455784499645,0.0010866470402106643,-0.0007474024896509945
2026-03-25 21:37:31.970,0.16033057868480682,-0.08688852936029434,-0.09713371098041534,-0.001125015551224351,0.0008788650156930089,-0.0005706384545192122
2026-03-25 21:37:31.972,0.11696795374155045,-0.10214242339134216,-0.1197299137711525,-0.0010752258822321892,0.00021192763233557343,-0.00022897134476806968
2026-03-25 21:37:31.974,0.06736568361520767,-0.12323875725269318,-0.1465008556842804,-0.0005740003543905914,-0.00031966230017133057,-0.00040448931395076215
2026-03-25 21:37:31.976,0.054462794214487076,-0.13290905952453613,-0.15204450488090515,-0.0005633291439153254,-0.0006857244879938662,-0.00026219870778732
2026-03-25 21:37:31.978,0.06218225136399269,-0.13812583684921265,-0.14561541378498077,-0.00048586243065074086,-0.0006931282696314156,-0.00024621974444016814
2026-03-25 21:37:31.980,0.05856579169631004,-0.14883945882320404,-0.13680166006088257,-0.0005685869255103171,-0.0004489948623813689,-0.0003667173732537776
2026-03-25 21:37:31.982,0.057380881160497665,-0.1342787891626358,-0.15247660875320435,-0.0002093108487315476,-0.0007337098941206932,-0.0003979728790000081
2026-03-25 21:37:31.985,0.05918687582015991,-0.1180223599076271,-0.16341626644134521,-0.0006791566265746951,-0.0008550768252462149,-0.0004404897626955062
2026-03-25 21:37:31.987,0.08608146756887436,-0.10086590051651001,-0.15299147367477417,-0.0008957204408943653,-0.0003441047156229615,-0.00044386222725734115
2026-03-25 21:37:31.989,0.11026880145072937,-0.09588471055030823,-0.12412957102060318,-0.0010740021243691444,5.417187639977783e-05,-0.0005557982949540019
2026-03-25 21:37:31.991,0.1329466998577118,-0.09089808911085129,-0.1072925254702568,-0.0010798117145895958,0.00046282311086542904,-0.001013381639495492
2026-03-25 21:37:31.993,0.14881277084350586,-0.08619605749845505,-0.1005241796374321,-0.0012118448503315449,0.0006468305364251137,-0.0012332224287092686
2026-03-25 21:37:31.995,0.1610497534275055,-0.05869122967123985,-0.08779490739107132,-0.0015277044149115682,0.0007906895480118692,-0.001275937887839973
2026-03-25 21:37:31.997,0.18311356008052826,-0.03758888691663742,-0.07620144635438919,-0.0016239744145423174,0.0012188367545604706,-0.0011525899171829224
2026-03-25 21:37:31.999,0.20212094485759735,-0.0458809994161129,-0.0806267112493515,-0.0013956628972664475,0.0014498964883387089,-0.0016868208767846227
2026-03-25 21:37:32.001,0.20184007287025452,-0.04169090464711189,-0.06791291385889053,-0.0015756117645651102,0.0015701234806329012,-0.0013085028622299433
2026-03-25 21:37:32.003,0.18261012434959412,-0.04217664897441864,-0.07510021328926086,-0.0015086018247529864,0.0014303541975095868,-0.0012884573079645634
2026-03-25 21:37:32.005,0.197136789560318,-0.04548170790076256,-0.08091247081756592,-0.0011449320008978248,0.0012947509530931711,-0.0015531766694039106
2026-03-25 21:37:32.007,0.17900913953781128,-0.04305918142199516,-0.07176254689693451,-0.001200084574520588,0.001043683965690434,-0.001452311291359365
2026-03-25 21:37:32.009,0.1951703131198883,-0.0455903522670269,-0.06702792644500732,-0.001225961372256279,0.0012897839769721031,-0.0012959360610693693
2026-03-25 21:37:32.011,0.21144618093967438,-0.05422374978661537,-0.06525813788175583,-0.0014049435267224908,0.0014085994334891438,-0.0011556092649698257
2026-03-25 21:37:32.013,0.20010536909103394,-0.05475882813334465,-0.075104720890522,-0.0012809898471459746,0.0014341940404847264,-0.00119394576177001
2026-03-25 21:37:32.015,0.18569739162921906,-0.058204952627420425,-0.06360544264316559,-0.001207677647471428,0.0013193059712648392,-0.0012202393263578415
2026-03-25 21:37:32.017,0.1887454092502594,-0.06178097799420357,-0.06809911131858826,-0.001267539686523378,0.0012446434702724218,-0.0010769306682050228
2026-03-25 21:37:32.019,0.19964124262332916,-0.06588654965162277,-0.07425498962402344,-0.0013388985535129905,0.0014742282219231129,-0.0009821751154959202
2026-03-25 21:37:32.021,0.19129513204097748,-0.06639024615287781,-0.06190007925033569,-0.0014582060975953937,0.0014145319582894444,-0.000897371384780854
2026-03-25 21:37:32.023,0.18165706098079681,-0.06838229298591614,-0.07400791347026825,-0.0012874034000560641,0.0014175436226651073,-0.000904353684745729
2026-03-25 21:37:32.025,0.19046650826931,-0.07799883186817169,-0.07186027616262436,-0.0011672308901324868,0.001377932378090918,-0.0008248874801211059
2026-03-25 21:37:32.027,0.17340628802776337,-0.08077478408813477,-0.07131020724773407,-0.0013332667294889688,0.0011175974505022168,-0.0007537917699664831
2026-03-25 21:37:32.029,0.17358137667179108,-0.07730739563703537,-0.07988087087869644,-0.0011746393283829093,0.001123428693972528,-0.0007321691955439746
2026-03-25 21:37:32.031,0.18423748016357422,-0.08622285723686218,-0.07732877135276794,-0.0012398840626701713,0.001087438897229731,-0.0006687106215395033
2026-03-25 21:37:32.033,0.1787799745798111,-0.089000403881073,-0.0677478015422821,-0.0010415781289339066,0.0011173164239153266,-0.0007382864714600146
2026-03-25 21:37:32.035,0.17269986867904663,-0.0970069095492363,-0.07409718632698059,-0.0012948334915563464,0.0011357198236510158,-0.0006321383407339454
2026-03-25 21:37:32.037,0.17019811272621155,-0.09298247843980789,-0.07510536909103394,-0.0010217976523563266,0.0011417329078540206,-0.0005845024716109037
2026-03-25 21:37:32.039,0.17574457824230194,-0.09534965455532074,-0.07725611329078674,-0.0010215792572125793,0.0012881099246442318,-0.0006734643247909844
2026-03-25 21:37:32.041,0.17271579802036285,-0.10155364125967026,-0.06523337960243225,-0.0011703760828822851,0.0011993770021945238,-0.0006921796011738479
2026-03-25 21:37:32.043,0.18026085197925568,-0.10903062671422958,-0.06784773617982864,-0.0009342107805423439,0.0011409124126657844,-0.0005603613681159914
2026-03-25 21:37:32.045,0.17338772118091583,-0.11505597829818726,-0.07635237276554108,-0.0008720489568077028,0.0011279138270765543,-0.0007172013865783811
2026-03-25 21:37:32.047,0.17560279369354248,-0.11455313861370087,-0.07401510328054428,-0.0007346417987719178,0.0011912540066987276,-0.0004376998113002628
2026-03-25 21:37:32.049,0.1797380894422531,-0.11867125332355499,-0.07561668753623962,-0.0007838101591914892,0.001169870374724269,-0.0004997371579520404
2026-03-25 21:37:32.051,0.16889822483062744,-0.11603857576847076,-0.06456086039543152,-0.0009068388608284295,0.0012281450908631086,-0.00029544305289164186
2026-03-25 21:37:32.053,0.17629003524780273,-0.12008611857891083,-0.06860271841287613,-0.0005030581378377974,0.0010255509987473488,-0.00034214381594210863
2026-03-25 21:37:32.055,0.17150132358074188,-0.12857994437217712,-0.06283757090568542,-0.0005862017278559506,0.0011382728116586804,-0.0002675816067494452
2026-03-25 21:37:32.057,0.17112652957439423,-0.13531751930713654,-0.06169078126549721,-0.0005536919343285263,0.0012014878448098898,-0.00037145937676541507
2026-03-25 21:37:32.059,0.17248894274234772,-0.1377647966146469,-0.07263965159654617,-0.0006620638305321336,0.0012949458323419094,-0.00039581916644237936
2026-03-25 21:37:32.061,0.17492260038852692,-0.1378701627254486,-0.0700165182352066,-0.0004324872570578009,0.0011884354753419757,-0.00033073106897063553
2026-03-25 21:37:32.063,0.16861559450626373,-0.1407441943883896,-0.06855819374322891,-0.0003638396447058767,0.0010525727411732078,-0.0004242101567797363
2026-03-25 21:37:32.065,0.16582204401493073,-0.1422453373670578,-0.07172608375549316,-0.00034910772228613496,0.001036442699842155,-0.00043575390009209514
2026-03-25 21:37:32.067,0.17059461772441864,-0.1434764415025711,-0.07118657231330872,-0.00019244705617893487,0.0011572426883503795,-0.0005661463364958763
2026-03-25 21:37:32.069,0.17841294407844543,-0.1465381681919098,-0.06629319489002228,-0.0004544357070699334,0.00095317920204252,-0.0005480367690324783
2026-03-25 21:37:32.071,0.17610688507556915,-0.14312556385993958,-0.06527943164110184,-0.0004270290373824537,0.0010595229687169194,-0.00048184057231992483
2026-03-25 21:37:32.073,0.17703388631343842,-0.14689597487449646,-0.07155442237854004,-0.00041046307887881994,0.001047343946993351,-0.0006497470894828439
2026-03-25 21:37:32.075,0.16648773849010468,-0.1420394480228424,-0.07680073380470276,-0.00032114479108713567,0.0011852140305563807,-0.0003501827595755458
2026-03-25 21:37:32.077,0.16187812387943268,-0.139065220952034,-0.07431760430335999,-0.00039704260416328907,0.0010643095010891557,-0.00036587833892554045
2026-03-25 21:37:32.079,0.16460038721561432,-0.13539375364780426,-0.07557202130556107,-0.00012910937948618084,0.0011990283383056521,-0.0005149728967808187
2026-03-25 21:37:32.081,0.16670745611190796,-0.13655906915664673,-0.06975753605365753,-0.0003388957411516458,0.001078941160812974,-0.0005860410747118294
2026-03-25 21:37:32.083,0.1665625274181366,-0.1271122545003891,-0.07057104259729385,-0.00044001059723086655,0.0009410739876329899,-0.000622594088781625
2026-03-25 21:37:32.085,0.16728223860263824,-0.12457394599914551,-0.08044885098934174,-0.0004308623028919101,0.0009820843115448952,-0.0006988442037254572
2026-03-25 21:37:32.087,0.1715303212404251,-0.13175742328166962,-0.07960078865289688,-0.0002771531289909035,0.0011015026830136776,-0.0006986013031564653
2026-03-25 21:37:32.089,0.1653604656457901,-0.13214543461799622,-0.07605624198913574,-0.0004167808801867068,0.0011553685180842876,-0.0006828437326475978
2026-03-25 21:37:32.091,0.1656365692615509,-0.12740881741046906,-0.0722597986459732,-0.0004237416142132133,0.0010510219726711512,-0.0007288599736057222
2026-03-25 21:37:32.093,0.17086561024188995,-0.12394411116838455,-0.07685909420251846,-0.0005515789962373674,0.0011178471613675356,-0.0009635311434976757
2026-03-25 21:37:32.095,0.16520577669143677,-0.12224359065294266,-0.08879346400499344,-0.00024752432364039123,0.0010529160499572754,-0.000779245572630316
2026-03-25 21:37:32.097,0.16479523479938507,-0.12355152517557144,-0.08352815359830856,-0.0004468298575375229,0.0009148042881861329,-0.0009175106533803046
2026-03-25 21:37:32.099,0.161211758852005,-0.12876823544502258,-0.07299402356147766,-0.0006222797092050314,0.0009554155985824764,-0.0007696307147853076
2026-03-25 21:37:32.101,0.1690080165863037,-0.12446290999650955,-0.07941365242004395,-0.0004257461114320904,0.0010759115684777498,-0.0007015775190666318
2026-03-25 21:37:32.103,0.16235937178134918,-0.12242968380451202,-0.06414167582988739,-0.0006395670934580266,0.0009980772156268358,-0.0008116677054204047
2026-03-25 21:37:32.105,0.16314786672592163,-0.12375205010175705,-0.08223333954811096,-0.0008841319940984249,0.0008692581322975457,-0.0006165136583149433
2026-03-25 21:37:32.107,0.16845254600048065,-0.12009584903717041,-0.08175884932279587,-0.0006447626510635018,0.001119107473641634,-0.0006255542393773794
2026-03-25 21:37:32.109,0.1612989753484726,-0.11407731473445892,-0.07202717661857605,-0.00044568863813765347,0.0009972519474104047,-0.0007130858139134943
2026-03-25 21:37:32.111,0.16780859231948853,-0.11093176901340485,-0.07445839047431946,-0.0006381684797815979,0.0010165410349145532,-0.0005779819330200553
2026-03-25 21:37:32.113,0.16442139446735382,-0.11289484053850174,-0.07155845314264297,-0.0005480910185724497,0.000924828287679702,-0.0007256966200657189
2026-03-25 21:37:32.115,0.16425809264183044,-0.10898494720458984,-0.08266207575798035,-0.0004464611120056361,0.001037241192534566,-0.000631757837254554
2026-03-25 21:37:32.117,0.1636573225259781,-0.10652493685483932,-0.08906355500221252,-0.0004015635640826076,0.0009139807079918683,-0.0007916669128462672
2026-03-25 21:37:32.119,0.1672307848930359,-0.10344265401363373,-0.08376229554414749,-0.0005358142661862075,0.0010241828858852386,-0.0008657846483401954
2026-03-25 21:37:32.121,0.1679927259683609,-0.10834527015686035,-0.08576180785894394,-0.0007242265855893493,0.000993961002677679,-0.0008264121133834124
2026-03-25 21:37:32.123,0.16009299457073212,-0.1048843190073967,-0.08609589189291,-0.0005850210436619818,0.0010443159844726324,-0.0010826626094058156
2026-03-25 21:37:32.125,0.15985870361328125,-0.10063125193119049,-0.08802396804094315,-0.0009381520794704556,0.0008241498144343495,-0.0008082912536337972
2026-03-25 21:37:32.127,0.16306953132152557,-0.09698575735092163,-0.09104502201080322,-0.0007964190444909036,0.0011856007622554898,-0.0008016932406462729
2026-03-25 21:37:32.129,0.1660831868648529,-0.09383052587509155,-0.08459597826004028,-0.0007427926175296307,0.0009440938010811806,-0.0009455601684749126
2026-03-25 21:37:32.131,0.1720827966928482,-0.09126044809818268,-0.08450936526060104,-0.0007466237875632942,0.0008769705891609192,-0.0008374075987376273
2026-03-25 21:37:32.133,0.16360938549041748,-0.0991615429520607,-0.08698657900094986,-0.0009603712824173272,0.000939473626203835,-0.0008703363128006458
2026-03-25 21:37:32.135,0.1656598448753357,-0.09707149863243103,-0.09490685909986496,-0.0009001129656098783,0.0010926645481958985,-0.0007035420276224613
2026-03-25 21:37:32.137,0.16868442296981812,-0.10102185606956482,-0.08310584723949432,-0.0007428122335113585,0.0008982262224890292,-0.0007341115269809961
2026-03-25 21:37:32.139,0.15944276750087738,-0.10084176063537598,-0.08203209191560745,-0.000712042092345655,0.0008592039230279624,-0.000923830724786967
2026-03-25 21:37:32.141,0.16432330012321472,-0.10466395318508148,-0.0801069587469101,-0.0008906734874472022,0.0009446198819205165,-0.0009787023300305009
2026-03-25 21:37:32.143,0.16142256557941437,-0.1074850782752037,-0.0907285064458847,-0.0007770453812554479,0.0011157565750181675,-0.0009421659633517265
2026-03-25 21:37:32.145,0.16582435369491577,-0.10899162292480469,-0.07617484778165817,-0.000875787460245192,0.0009398203110322356,-0.0008177957497537136
2026-03-25 21:37:32.147,0.18003129959106445,-0.10718479007482529,-0.08376697450876236,-0.0006689122528769076,0.0011007890570908785,-0.0010458769975230098
2026-03-25 21:37:32.149,0.18734672665596008,-0.10043025761842728,-0.06771621853113174,-0.000601385545451194,0.0011965917656198144,-0.0010860490147024393
2026-03-25 21:37:32.151,0.20844751596450806,-0.09700919687747955,-0.06062895432114601,-0.0008011120953597128,0.0014413073658943176,-0.0010422987397760153
2026-03-25 21:37:32.153,0.21695077419281006,-0.0888984426856041,-0.052802760154008865,-0.0007318714633584023,0.0015579803148284554,-0.0008609344949945807
2026-03-25 21:37:32.155,0.21367529034614563,-0.09991191327571869,-0.05086110904812813,-0.0006730726454406977,0.0016064029186964035,-0.0010056471219286323
2026-03-25 21:37:32.157,0.1910208761692047,-0.11560270935297012,-0.0716736763715744,-0.00035850272979587317,0.0014471192844212055,-0.0010814397828653455
2026-03-25 21:37:32.159,0.17579731345176697,-0.11198186874389648,-0.07162939757108688,-0.0005193028482608497,0.001034573302604258,-0.0010382869513705373
2026-03-25 21:37:32.161,0.19614815711975098,-0.10913847386837006,-0.07762044668197632,-0.000861641310621053,0.001371472724713385,-0.0008795586763881147
2026-03-25 21:37:32.163,0.21032597124576569,-0.1072239801287651,-0.04518851637840271,-0.0007153713959269226,0.0017043508123606443,-0.0009433845989406109
2026-03-25 21:37:32.165,0.21121764183044434,-0.12000944465398788,-0.06595136225223541,-0.0003448275674600154,0.0014489907771348953,-0.001097847823984921
2026-03-25 21:37:32.167,0.1810951977968216,-0.12254687398672104,-0.08423633128404617,-0.00038435752503573895,0.001405034912750125,-0.0010916064493358135
2026-03-25 21:37:32.169,0.16219091415405273,-0.1109241396188736,-0.07733425498008728,-0.00034028314985334873,0.0008967406465671957,-0.0006200004136189818
2026-03-25 21:37:32.171,0.19037440419197083,-0.12613731622695923,-0.10043740272521973,-0.0005912266788072884,0.0012473490787670016,-0.0009151434642262757
2026-03-25 21:37:32.173,0.19353356957435608,-0.10669820755720139,-0.08122316002845764,-0.0008634839905425906,0.001286641345359385,-0.0006601958302780986
2026-03-25 21:37:32.175,0.1790674328804016,-0.10661184042692184,-0.08006967604160309,-0.0008282129419967532,0.0012370847398415208,-0.0005643516196869314
2026-03-25 21:37:32.177,0.1836160123348236,-0.12351558357477188,-0.08673463761806488,-0.000298197875963524,0.0010879457695409656,-0.0009142124326899648
2026-03-25 21:37:32.179,0.170597642660141,-0.11971980333328247,-0.08665404468774796,-0.00047492305748164654,0.0011181433219462633,-0.0006708635482937098
2026-03-25 21:37:32.181,0.173167884349823,-0.11339693516492844,-0.07434780150651932,-0.0005363926757127047,0.001125794486142695,-0.0006475503323599696
2026-03-25 21:37:32.183,0.18084751069545746,-0.1111956313252449,-0.08414282649755478,-0.0007948612910695374,0.0012456363765522838,-0.0007024481892585754
2026-03-25 21:37:32.185,0.17151281237602234,-0.10465043038129807,-0.08269386738538742,-0.0008886298746801913,0.001058009103871882,-0.00023370931739918888
2026-03-25 21:37:32.187,0.17382796108722687,-0.11895589530467987,-0.09796523302793503,-0.0006562930066138506,0.0013027772074565291,-0.0004999910015612841
2026-03-25 21:37:32.189,0.16764575242996216,-0.12291949987411499,-0.0999482274055481,-0.00041483339737169445,0.001179402694106102,-0.000642509083263576
2026-03-25 21:37:32.191,0.16936469078063965,-0.11819683760404587,-0.09133539348840714,-0.0008210941450670362,0.0011354235466569662,-0.000582207809202373
2026-03-25 21:37:32.193,0.17923232913017273,-0.11453031748533249,-0.07869244366884232,-0.0008621389279142022,0.0013014022260904312,-0.0005168395000509918
2026-03-25 21:37:32.195,0.18944604694843292,-0.10982637852430344,-0.08486945182085037,-0.0007855200092308223,0.0011851442977786064,-0.0008088633185252547
2026-03-25 21:37:32.197,0.18054431676864624,-0.10854456573724747,-0.0884561613202095,-0.0007684117881581187,0.0011412790045142174,-0.0007256680983118713
2026-03-25 21:37:32.199,0.17187926173210144,-0.11677024513483047,-0.08814941346645355,-0.0005347991827875376,0.0011930079199373722,-0.0008626520866528153
2026-03-25 21:37:32.201,0.17928993701934814,-0.11714562028646469,-0.09336894750595093,-0.0007147128344513476,0.0015133405104279518,-0.0005230499082244933
2026-03-25 21:37:32.203,0.1782219260931015,-0.10711102932691574,-0.0873383954167366,-0.0009027002961374819,0.0012692310847342014,-0.00037681800313293934
2026-03-25 21:37:32.205,0.16868740320205688,-0.11004064232110977,-0.0835898295044899,-0.0008842373499646783,0.001069042133167386,-0.0006076569552533329
2026-03-25 21:37:32.207,0.17178533971309662,-0.10678378492593765,-0.09249517321586609,-0.00044260272989049554,0.0012696001213043928,-0.0005879437667317688
2026-03-25 21:37:32.209,0.16972918808460236,-0.10794439166784286,-0.0919978991150856,-0.0007692245999351144,0.0009693744359537959,-0.0005174620309844613
2026-03-25 21:37:32.211,0.17156420648097992,-0.1093062236905098,-0.08953120559453964,-0.0011190766235813498,0.0009294438641518354,-0.00030781119130551815
2026-03-25 21:37:32.213,0.18431995809078217,-0.10906858742237091,-0.08789421617984772,-0.0007361676543951035,0.0013119463110342622,-0.0007153935148380697
2026-03-25 21:37:32.215,0.1821451485157013,-0.10871490091085434,-0.09287159144878387,-0.0008613303652964532,0.0011745353695005178,-0.0008100619888864458
2026-03-25 21:37:32.218,0.17629855871200562,-0.10609806329011917,-0.10240774601697922,-0.000919196754693985,0.001210854621604085,-0.001023057266138494
2026-03-25 21:37:32.220,0.16557221114635468,-0.10267715156078339,-0.10149914771318436,-0.0005785158136859536,0.001160346670076251,-0.0010119781363755465
2026-03-25 21:37:32.222,0.16172637045383453,-0.10281862318515778,-0.10223124176263809,-0.0009626899845898151,0.0009507998474873602,-0.0008023194968700409
2026-03-25 21:37:32.224,0.16325998306274414,-0.09766874462366104,-0.10421480238437653,-0.0009846821194514632,0.0010203567799180746,-0.0008248554659076035
2026-03-25 21:37:32.226,0.17606624960899353,-0.09687305241823196,-0.10210016369819641,-0.0009052957757376134,0.001104423077777028,-0.0009273889008909464
2026-03-25 21:37:32.228,0.16878429055213928,-0.09332061558961868,-0.09700486063957214,-0.0009355629445053637,0.0011242059990763664,-0.0007649021572433412
2026-03-25 21:37:32.230,0.16255544126033783,-0.08829206228256226,-0.09613407403230667,-0.0007864589570090175,0.0008360174833796918,-0.0008075617370195687
2026-03-25 21:37:32.232,0.1677587479352951,-0.09416892379522324,-0.11848114430904388,-0.000841390632558614,0.0009056020062416792,-0.0009902099845930934
2026-03-25 21:37:32.234,0.1568746417760849,-0.09234801679849625,-0.10996511578559875,-0.0008061860571615398,0.0009033790556713939,-0.0009752484038472176
2026-03-25 21:37:32.236,0.1532844752073288,-0.09009352326393127,-0.10711879283189774,-0.0008676797151565552,0.0010523305973038077,-0.0007946857949718833
2026-03-25 21:37:32.238,0.15245170891284943,-0.09367745369672775,-0.11642158031463623,-0.000710523861926049,0.000980046228505671,-0.0009916259441524744
2026-03-25 21:37:32.240,0.15446652472019196,-0.09790755063295364,-0.12531639635562897,-0.0008271374390460551,0.0007354384870268404,-0.0008875654311850667
2026-03-25 21:37:32.242,0.154074564576149,-0.10258479416370392,-0.1258283108472824,-0.0010410058312118053,0.000766255718190223,-0.000927818357013166
2026-03-25 21:37:32.244,0.1691359579563141,-0.09505686163902283,-0.12611623108386993,-0.0007339738076552749,0.0009921103483065963,-0.0007710290956310928
2026-03-25 21:37:32.246,0.16071856021881104,-0.09943577647209167,-0.11486069858074188,-0.0006214503082446754,0.0011020671809092164,-0.0010784954065456986
2026-03-25 21:37:32.248,0.14955145120620728,-0.09278690069913864,-0.11265566945075989,-0.001091598067432642,0.0006827508332207799,-0.0008433148614130914
2026-03-25 21:37:32.250,0.14921835064888,-0.09750531613826752,-0.12711337208747864,-0.0008814852335490286,0.0007720631547272205,-0.0008733549038879573
2026-03-25 21:37:32.252,0.15436065196990967,-0.09309090673923492,-0.12865780293941498,-0.0006078206351958215,0.0006647869013249874,-0.0008320704801008105
2026-03-25 21:37:32.254,0.1355704963207245,-0.08874210715293884,-0.11325633525848389,-0.0008926345617510378,0.0006124416249804199,-0.0006620760541409254
2026-03-25 21:37:32.256,0.17092502117156982,-0.10653092712163925,-0.1192469596862793,-0.0007432428537867963,0.0009236380574293435,-0.0008120933780446649
2026-03-25 21:37:32.258,0.15307387709617615,-0.09877593070268631,-0.12023114413022995,-0.0006812692736275494,0.0009692275780253112,-0.0007826766814105213
2026-03-25 21:37:32.260,0.13462121784687042,-0.0985369086265564,-0.12252029776573181,-0.0007023558137007058,0.0007535964832641184,-0.0007379258167929947
2026-03-25 21:37:32.261,0.15553857386112213,-0.10859601199626923,-0.14315710961818695,-0.0008107522735372186,0.0007965872646309435,-0.0009185185190290213
2026-03-25 21:37:32.263,0.1602984517812729,-0.10288696736097336,-0.12495508790016174,-0.0008490715990774333,0.0008094609365798533,-0.0008718548924662173
2026-03-25 21:37:32.265,0.15002265572547913,-0.10147713124752045,-0.11802919954061508,-0.0008488999446853995,0.0009553785785101354,-0.0009571119444444776
2026-03-25 21:37:32.267,0.15609858930110931,-0.11449433863162994,-0.11754211038351059,-0.0006371564231812954,0.0007865127990953624,-0.0008322634967043996
2026-03-25 21:37:32.269,0.1520128697156906,-0.10856041312217712,-0.13485346734523773,-0.0005835783085785806,0.0005352735752239823,-0.0006453251698985696
2026-03-25 21:37:32.271,0.15293215215206146,-0.1031562015414238,-0.12973183393478394,-0.0008345894748345017,0.0007717160042375326,-0.0005912972846999764
2026-03-25 21:37:32.273,0.15912625193595886,-0.10560436546802521,-0.12087084352970123,-0.0009181582718156278,0.0008151001529768109,-0.0006479970761574805
2026-03-25 21:37:32.275,0.17119920253753662,-0.10663067549467087,-0.1191020980477333,-0.0008127117762342095,0.000816431303974241,-0.0006188112893141806
2026-03-25 21:37:32.277,0.14933456480503082,-0.11354834586381912,-0.11335834115743637,-0.0006379636470228434,0.0005652997060678899,-0.0007499399362131953
2026-03-25 21:37:32.279,0.14090819656848907,-0.11253354698419571,-0.12683220207691193,-0.0006606213864870369,0.0007505420362576842,-0.0008837098721414804
2026-03-25 21:37:32.281,0.15301582217216492,-0.11717522144317627,-0.1258433610200882,-0.0007325190235860646,0.0006023564492352307,-0.0007030720007605851
2026-03-25 21:37:32.283,0.14679478108882904,-0.1178375631570816,-0.13401532173156738,-0.0007977967034094036,0.0008850218146108091,-0.0006600586348213255
2026-03-25 21:37:32.285,0.15475723147392273,-0.12088926881551743,-0.11854196339845657,-0.0005624270997941494,0.0007829340174794197,-0.0007389029487967491
2026-03-25 21:37:32.287,0.17040161788463593,-0.11879967153072357,-0.13315090537071228,-0.0006435451214201748,0.0009023562888614833,-0.0007139401859603822
2026-03-25 21:37:32.289,0.1721343696117401,-0.11749067157506943,-0.1348291039466858,-0.0007604468846693635,0.0012613135622814298,-0.0007318073767237365
2026-03-25 21:37:32.291,0.146237313747406,-0.11776188760995865,-0.12027663737535477,-0.0006978666060604155,0.0009551914408802986,-0.0006753522320650518
2026-03-25 21:37:32.293,0.14186055958271027,-0.1236298456788063,-0.1372244954109192,-0.00042462704004719853,0.0008924278081394732,-0.0008163352613337338
2026-03-25 21:37:32.295,0.1485704779624939,-0.12329715490341187,-0.13164769113063812,-0.00037524322397075593,0.0006915994454175234,-0.0008282295893877745
2026-03-25 21:37:32.297,0.1557246297597885,-0.11606357246637344,-0.12257551401853561,-0.0007251506904140115,0.0009278655052185059,-0.0006662884843535721
2026-03-25 21:37:32.299,0.16280829906463623,-0.11746568232774734,-0.12367240339517593,-0.0007024419610388577,0.001209551701322198,-0.0006484698387794197
2026-03-25 21:37:32.301,-0.06056956574320793,-0.11235985159873962,-0.2179136872291565,-0.0040187290869653225,-0.003824464278295636,0.004431737586855888
2026-03-25 21:37:32.303,-0.49554455280303955,-0.20926988124847412,-0.2590937316417694,0.0033894998487085104,-0.008602906949818134,0.0016805509803816676
2026-03-25 21:37:32.305,-0.21399548649787903,-0.15249954164028168,-0.3435784578323364,-0.0018308485159650445,-0.003885573009029031,0.001827307976782322
2026-03-25 21:37:32.307,0.16171230375766754,-0.1834353804588318,-0.3446614742279053,0.00017407877021469176,0.0016978319035843015,-0.003788047470152378
2026-03-25 21:37:32.309,0.3792804479598999,-0.15760746598243713,-0.23783013224601746,0.0003742158005479723,0.0033488275948911905,-0.0020087133161723614
2026-03-25 21:37:32.312,0.1432737559080124,-0.035482123494148254,-0.013163669966161251,-0.0015736572677269578,0.0016348143108189106,-0.0005853157490491867
2026-03-25 21:37:32.314,0.09179612994194031,-0.04577764868736267,-0.06632555276155472,-0.001789113157428801,-0.0004017063765786588,-0.0010200758697465062
2026-03-25 21:37:32.316,0.32557928562164307,-0.1386362761259079,-0.24660296738147736,0.000619614205788821,0.003548077307641506,-0.0020385696552693844
2026-03-25 21:37:32.318,0.04644680395722389,-0.07939378172159195,-0.03688684478402138,-0.0010021605994552374,-0.00039470131741836667,-0.0015573269920423627
2026-03-25 21:37:32.320,0.2307024896144867,-0.08104230463504791,-0.13253937661647797,-0.0007296829135157168,0.002384468913078308,-0.0013060035416856408
2026-03-25 21:37:32.322,0.1742839366197586,-0.07141684740781784,-0.08691722899675369,-0.00119592878036201,0.0005440014647319913,-0.001236389740370214
2026-03-25 21:37:32.324,0.2597109079360962,-0.07315480709075928,-0.12818334996700287,-0.0011231449898332357,0.002482058946043253,-0.0015799233224242926
2026-03-25 21:37:32.326,0.15549516677856445,-0.05037500336766243,-0.11438549309968948,-0.0016022815834730864,0.0011683707125484943,-0.0007637515664100647
2026-03-25 21:37:32.327,0.08116103708744049,-0.08365380018949509,-0.14250172674655914,-0.0013376196147873998,-0.0007436125888489187,-0.0005883999401703477
2026-03-25 21:37:32.329,0.08140335977077484,-0.1257479190826416,-0.2400328814983368,-0.00020738350576721132,-4.5577493438031524e-05,-0.0012080969754606485
2026-03-25 21:37:32.331,-0.015173826366662979,-0.08299657702445984,-0.1875302940607071,-0.001508884597569704,-0.002124406863003969,-0.0001960062945727259
2026-03-25 21:37:32.333,0.10063216835260391,-0.07221099734306335,-0.2306654304265976,-0.0010548648424446583,0.0002644565247464925,-0.0006527435034513474
2026-03-25 21:37:32.335,0.0713820531964302,-0.044217415153980255,-0.11284716427326202,-0.0019521204521879554,-0.0004601372347678989,-0.000717506802175194
2026-03-25 21:37:32.337,0.23129668831825256,-0.07106166332960129,-0.14874495565891266,-0.0009422664879821241,0.0022701816633343697,-0.0014307750388979912
2026-03-25 21:37:32.339,0.24378560483455658,-0.08707184344530106,-0.11180596053600311,-0.000502714654430747,0.002011931501328945,-0.0018538401927798986
2026-03-25 21:37:32.341,0.16984421014785767,-0.07158629596233368,-0.07270544767379761,-0.0007857418386265635,0.0011669627856463194,-0.001723553752526641
2026-03-25 21:37:32.343,0.18015989661216736,-0.056436680257320404,-0.13391844928264618,-0.00142943998798728,0.001170501345768571,-0.0015403259312734008
2026-03-25 21:37:32.345,0.1864553540945053,-0.04521125182509422,-0.14314815402030945,-0.0015211516292765737,0.0011683945776894689,-0.0012047993950545788
2026-03-25 21:37:32.347,0.11914417892694473,-0.05033349245786667,-0.1281648427248001,-0.00220846151933074,-0.00026815588353201747,-0.0003898923168890178
2026-03-25 21:37:32.349,0.0853913277387619,-0.08065834641456604,-0.1925496757030487,-0.0007091094157658517,0.00018444038869347423,-0.0008453043410554528
2026-03-25 21:37:32.351,0.1091654896736145,-0.0933481976389885,-0.18112599849700928,-0.0005131017533130944,-5.40354558324907e-05,-0.001119833323173225
2026-03-25 21:37:32.353,0.07949129492044449,-0.05289055407047272,-0.1594824641942978,-0.00191127706784755,-0.00023932715703267604,-0.0001742576132528484
2026-03-25 21:37:32.355,0.1276162713766098,-0.057401254773139954,-0.15170888602733612,-0.0017142262076959014,0.0005809941212646663,-0.0009040576405823231
2026-03-25 21:37:32.357,0.17736345529556274,-0.06595960259437561,-0.14106450974941254,-0.0009797819657251239,0.0014296919107437134,-0.0014364460948854685
2026-03-25 21:37:32.359,0.19902628660202026,-0.07083132117986679,-0.10634651780128479,-0.0012483898317441344,0.0012132575502619147,-0.0012075650738552213
2026-03-25 21:37:32.361,0.21146920323371887,-0.07678566873073578,-0.11444997787475586,-0.0010313147213310003,0.0015716258203610778,-0.0015988497762009501
2026-03-25 21:37:32.363,0.17819148302078247,-0.06632746756076813,-0.11958789080381393,-0.0014277498703449965,0.0010563661344349384,-0.0009851217037066817
2026-03-25 21:37:32.365,0.15318535268306732,-0.06569307297468185,-0.14714141190052032,-0.0015088805230334401,0.0010170505847781897,-0.0006623406079597771
2026-03-25 21:37:32.367,0.10475308448076248,-0.08016116917133331,-0.15930671989917755,-0.0012092129327356815,-9.039295400725678e-05,-0.0007753139943815768
2026-03-25 21:37:32.369,0.11911952495574951,-0.09028331935405731,-0.1956535279750824,-0.0009964393684640527,0.00021532420942094177,-0.0006763991550542414
2026-03-25 21:37:32.371,0.08499235659837723,-0.07230755686759949,-0.15697918832302094,-0.0014316258020699024,-0.00047409601393155754,-0.00044900859938934445
2026-03-25 21:37:32.373,0.13833560049533844,-0.07495713233947754,-0.16273881494998932,-0.0014561958378180861,0.0005148068303242326,-0.0004397223819978535
2026-03-25 21:37:32.375,0.16697856783866882,-0.08436316251754761,-0.12989428639411926,-0.0010572602041065693,0.0008046168950386345,-0.0006924393237568438
2026-03-25 21:37:32.377,0.19058609008789062,-0.08706188201904297,-0.09951534867286682,-0.0007863990031182766,0.0013550667790696025,-0.0008817631169222295
2026-03-25 21:37:32.379,0.20410005748271942,-0.1013161689043045,-0.09351412951946259,-0.0006739659002050757,0.0017732910346239805,-0.0012030510697513819
2026-03-25 21:37:32.381,0.19069652259349823,-0.10016631335020065,-0.11402875930070877,-0.0008135113748721778,0.0014839009381830692,-0.0009594234870746732
2026-03-25 21:37:32.383,0.1915944367647171,-0.09854190796613693,-0.12193691730499268,-0.0008343163644894958,0.0015919592697173357,-0.0010110490256920457
2026-03-25 21:37:32.385,0.15566109120845795,-0.09915176033973694,-0.10954593867063522,-0.0010813139379024506,0.0010694878874346614,-0.00045923347352072597
2026-03-25 21:37:32.387,0.17697781324386597,-0.12614008784294128,-0.14214850962162018,-0.000670689158141613,0.0008887752192094922,-0.0003659793292172253
2026-03-25 21:37:32.389,0.12625369429588318,-0.14506925642490387,-0.1598207652568817,-0.00020770773699041456,0.00031402622698806226,-0.000768316735047847
2026-03-25 21:37:32.391,0.09359900653362274,-0.1340482532978058,-0.15159134566783905,-0.0007402408518828452,-5.619223156827502e-05,-0.00026473039179109037
2026-03-25 21:37:32.393,0.10914380103349686,-0.11305540055036545,-0.159489244222641,-0.0010088980197906494,0.0003150773700326681,-0.00012855565000791103
2026-03-25 21:37:32.395,0.16428238153457642,-0.11501632630825043,-0.14104220271110535,-0.0008227240177802742,0.0006227688281796873,-0.00019299914129078388
2026-03-25 21:37:32.397,0.18916597962379456,-0.12434595078229904,-0.12959323823451996,-0.0004106372070964426,0.0014237993163987994,-0.0006497293361462653
2026-03-25 21:37:32.399,0.15097391605377197,-0.11214154958724976,-0.08234523236751556,-0.0004834111896343529,0.0009599901968613267,-0.0006736984942108393
2026-03-25 21:37:32.401,0.19610893726348877,-0.13576942682266235,-0.12285836040973663,-0.0004291821678634733,0.0015285247936844826,-0.0005846353597007692
2026-03-25 21:37:32.403,0.16618606448173523,-0.12563219666481018,-0.11226557940244675,-0.0003730404132511467,0.0010367875220254064,-0.0006163311190903187
2026-03-25 21:37:32.407,0.16959866881370544,-0.11590981483459473,-0.11332058161497116,-0.0008637710707262158,0.0012107430957257748,-0.0005550869391299784
2026-03-25 21:37:32.409,0.1829661875963211,-0.11384475976228714,-0.1046421006321907,-0.0006703099934384227,0.0013239271938800812,-0.0007648944156244397
2026-03-25 21:37:32.413,0.1825171858072281,-0.13019393384456635,-0.10401603579521179,-6.445299368351698e-05,0.0012983272317796946,-0.0007615763461217284
2026-03-25 21:37:32.415,0.13667160272598267,-0.12731151282787323,-0.10973243415355682,-0.00019676584633998573,0.0006703782710246742,-0.0006119413883425295
2026-03-25 21:37:32.417,0.16729985177516937,-0.13633541762828827,-0.14183631539344788,-0.00043662983807735145,0.0009737915243022144,-0.00037551383138634264
2026-03-25 21:37:32.419,0.1658216416835785,-0.1271168291568756,-0.13260464370250702,-0.000692285131663084,0.0011001857928931713,-0.00023428969143424183
2026-03-25 21:37:32.421,0.15240350365638733,-0.13227257132530212,-0.13194908201694489,-0.0007913348381407559,0.000805936346296221,0.0002448274753987789
2026-03-25 21:37:32.422,0.1303315907716751,-0.14685992896556854,-0.14250491559505463,-0.0002495556545909494,0.0007213839562609792,-0.0004718266718555242
2026-03-25 21:37:32.424,0.14011150598526,-0.14997056126594543,-0.13598167896270752,-0.0003558324242476374,0.0008801005897112191,-0.0002173433604184538
2026-03-25 21:37:32.426,0.14208009839057922,-0.14159567654132843,-0.11925029009580612,-0.00036631955299526453,0.0007796160643920302,-0.00021409247710835189
2026-03-25 21:37:32.428,0.17890658974647522,-0.14678548276424408,-0.12091872841119766,-1.2859502930950839e-05,0.001243975362740457,-0.0004760277515742928
2026-03-25 21:37:32.430,0.16828462481498718,-0.126214399933815,-0.09712503850460052,-0.00010918342013610527,0.0013849535025656223,-0.0006211097352206707
2026-03-25 21:37:32.432,0.1914292424917221,-0.11612434685230255,-0.09708954393863678,-0.0007259142003022134,0.0015382939018309116,-0.0005898450035601854
2026-03-25 21:37:32.434,0.2114008218050003,-0.12186188995838165,-0.1135401502251625,-0.0006398818804882467,0.0016545194666832685,-0.0006377376848831773
2026-03-25 21:37:32.436,0.1562768518924713,-0.12907914817333221,-0.1143166795372963,-0.0004566789139062166,0.001025841454975307,-0.0007757798884995282
2026-03-25 21:37:32.437,0.16774599254131317,-0.13050813972949982,-0.14085786044597626,-0.0001888858387246728,0.0011772450525313616,-0.0007491338765248656
2026-03-25 21:37:32.439,0.13678349554538727,-0.13424499332904816,-0.12504084408283234,-0.0007272971561178565,0.00034805136965587735,-0.0005819882499054074
2026-03-25 21:37:32.441,0.14408394694328308,-0.13670355081558228,-0.15559913218021393,-0.00044259725837036967,0.0006847756449133158,-0.0007872667047195137
2026-03-25 21:37:32.443,0.11154552549123764,-0.11887361854314804,-0.1381257176399231,-0.0007572334725409746,0.0004516231711022556,-0.0006431207293644547
2026-03-25 21:37:32.447,0.1353996843099594,-0.1207391694188118,-0.14810051023960114,-0.0008162645390257239,0.00047286716289818287,-0.0005451603210531175
2026-03-25 21:37:32.449,0.16171473264694214,-0.12447946518659592,-0.1375875324010849,-0.0002854866033885628,0.0009687314159236848,-0.000927276792936027
2026-03-25 21:37:32.453,0.1843680888414383,-0.10408100485801697,-0.11531048268079758,-0.0008239344460889697,0.0011970213381573558,-0.0007080408977344632
2026-03-25 21:37:32.457,0.1832948625087738,-0.08958157151937485,-0.12336666136980057,-0.0011290539987385273,0.0008930188487283885,-0.0006143702194094658
2026-03-25 21:37:32.459,0.1639750897884369,-0.09976546466350555,-0.14227817952632904,-0.0007836882141418755,0.0011017812648788095,-0.0008908953750506043
2026-03-25 21:37:32.463,0.12157486379146576,-0.10878673195838928,-0.1572401076555252,-0.0009624440572224557,0.0004095226468052715,-0.0006809841725043952
2026-03-25 21:37:32.467,0.15477396547794342,-0.11286728829145432,-0.1490294188261032,-0.0006216178881004453,0.0007834832649677992,-0.0009186057723127306
2026-03-25 21:37:32.469,0.1452384740114212,-0.10049834102392197,-0.14533749222755432,-0.0007194861536845565,0.0007265423191711307,-0.000946926767937839
2026-03-25 21:37:32.473,0.16529034078121185,-0.0852154940366745,-0.13305692374706268,-0.0007958890637382865,0.0010271568316966295,-0.000907746609300375
2026-03-25 21:37:32.477,0.17126548290252686,-0.0860382467508316,-0.1443096101284027,-0.0008000520756468177,0.0010610392782837152,-0.0013149153674021363
2026-03-25 21:37:32.479,0.1420683115720749,-0.08105114847421646,-0.1267494112253189,-0.0011550257913768291,0.0005071582272648811,-0.0007501373765990138
2026-03-25 21:37:32.481,0.15322957932949066,-0.08953944593667984,-0.14946261048316956,-0.001068504061549902,0.0008506586891599,-0.0008512952481396496
2026-03-25 21:37:32.485,0.13629865646362305,-0.09096094220876694,-0.1563144475221634,-0.0007362898322753608,0.0007643089047633111,-0.0009453737875446677
2026-03-25 21:37:32.489,0.14910076558589935,-0.08566008508205414,-0.15158411860466003,-0.0009050351800397038,0.0008287560776807368,-0.0012695284094661474
2026-03-25 21:37:32.491,0.14932003617286682,-0.06924089044332504,-0.13396653532981873,-0.0011541686253622174,0.0006019380525685847,-0.0009266692795790732
2026-03-25 21:37:32.493,0.1472967118024826,-0.07440689951181412,-0.14390048384666443,-0.0010544754331931472,0.0009230825817212462,-0.0009865593165159225
2026-03-25 21:37:32.495,0.15167510509490967,-0.08323349058628082,-0.15259796380996704,-0.0009986957302317023,0.0008177267736755311,-0.0008217607391998172
2026-03-25 21:37:32.497,0.14457441866397858,-0.09429943561553955,-0.13611210882663727,-0.0006478028954006732,0.0006182764773257077,-0.0009668364655226469
2026-03-25 21:37:32.501,0.1303659826517105,-0.07426385581493378,-0.11666756123304367,-0.0012237931368872523,0.0006948731024749577,-0.0008496901718899608
2026-03-25 21:37:32.503,0.1649821400642395,-0.07423804700374603,-0.14621365070343018,-0.001173775177448988,0.001003977027721703,-0.0005420558154582977
2026-03-25 21:37:32.505,0.14607445895671844,-0.07870513200759888,-0.13201525807380676,-0.0009043816826306283,0.0006295812781900167,-0.0007274624658748507
2026-03-25 21:37:32.507,0.15125632286071777,-0.08952213823795319,-0.1551733911037445,-0.0008708868408575654,0.0008235092973336577,-0.0007168908487074077
2026-03-25 21:37:32.509,0.1488255262374878,-0.09756716340780258,-0.1374123990535736,-0.0007814718992449343,0.0007432670681737363,-0.0009938000002875924
2026-03-25 21:37:32.511,0.1606138050556183,-0.0844954177737236,-0.152877539396286,-0.0007447391399182379,0.0008925709989853203,-0.0009793778881430626
2026-03-25 21:37:32.513,0.14470309019088745,-0.07741300016641617,-0.1321679800748825,-0.0012742853723466396,0.0005269409157335758,-0.0007110757287591696
2026-03-25 21:37:32.515,0.14334622025489807,-0.08652020245790482,-0.1403752565383911,-0.0012006449978798628,0.0008216489804908633,-0.000831730489153415
2026-03-25 21:37:32.517,0.1510009616613388,-0.09386525303125381,-0.13955412805080414,-0.000915400916710496,0.0008036505896598101,-0.0009236230980604887
2026-03-25 21:37:32.519,0.15039487183094025,-0.09814935177564621,-0.13678957521915436,-0.0007943033124320209,0.0007390062091872096,-0.0008779024356044829
2026-03-25 21:37:32.521,0.15286093950271606,-0.09797453135251999,-0.1389477699995041,-0.0006566527881659567,0.0007140280213207006,-0.0010166309075430036
2026-03-25 21:37:32.523,0.15058480203151703,-0.09056930989027023,-0.13352195918560028,-0.001139958156272769,0.000726221885997802,-0.000755147950258106
2026-03-25 21:37:32.525,0.16721883416175842,-0.08987123519182205,-0.13967716693878174,-0.0011365527752786875,0.0010963150998577476,-0.0006462311139330268
2026-03-25 21:37:32.527,0.16441035270690918,-0.09506247937679291,-0.12732653319835663,-0.0010055970633402467,0.0008375687175430357,-0.000603735854383558
2026-03-25 21:37:32.529,0.16061855852603912,-0.10484609752893448,-0.13497865200042725,-0.0011456049978733063,0.0010124066611751914,-0.0007537560886703432
2026-03-25 21:37:32.531,0.15032166242599487,-0.10089111328125,-0.12034683674573898,-0.0007560285739600658,0.000645248859655112,-0.0007896421011537313
2026-03-25 21:37:32.533,0.1648334115743637,-0.1018977239727974,-0.13313104212284088,-0.0007447382085956633,0.0010120586957782507,-0.0007508773705922067
2026-03-25 21:37:32.535,0.1680031269788742,-0.09971998631954193,-0.13521456718444824,-0.0011182453017681837,0.0009627228719182312,-0.0005988623597659171
2026-03-25 21:37:32.537,0.149865061044693,-0.08913697302341461,-0.12802574038505554,-0.0010221833363175392,0.0008596638799645007,-0.0006693911855109036
2026-03-25 21:37:32.539,0.1636769026517868,-0.1014818623661995,-0.1454998254776001,-0.0007992081809788942,0.000996641581878066,-0.0006952376570552588
2026-03-25 21:37:32.541,0.14759615063667297,-0.10373368859291077,-0.1301233321428299,-0.000820847402792424,0.0006066096830181777,-0.000909708789549768
2026-03-25 21:37:32.543,0.15101154148578644,-0.11082879453897476,-0.14591561257839203,-0.0006687145214527845,0.0009008594788610935,-0.0007301518926396966
2026-03-25 21:37:32.545,0.13788634538650513,-0.10667340457439423,-0.13068091869354248,-0.0006745272548869252,0.0007615918875671923,-0.000731519190594554
2026-03-25 21:37:32.546,0.17201989889144897,-0.11445129662752151,-0.1339253932237625,-0.0009304246050305665,0.0009149176185019314,-0.0007670012419112027
2026-03-25 21:37:32.548,0.15692450106143951,-0.1100068911910057,-0.11753849685192108,-0.0007233284413814545,0.0007305608596652746,-0.0009332640329375863
2026-03-25 21:37:32.550,0.15688037872314453,-0.1086801066994667,-0.12599024176597595,-0.000977093237452209,0.000842699664644897,-0.00056405586656183
2026-03-25 21:37:32.552,0.153544619679451,-0.10595481097698212,-0.12775038182735443,-0.0004811298567801714,0.0008844945696182549,-0.0006293540354818106
2026-03-25 21:37:32.554,0.16634823381900787,-0.10937712341547012,-0.12584108114242554,-0.0007610372267663479,0.000892163603566587,-0.0005591852241195738
2026-03-25 21:37:32.556,0.16564764082431793,-0.1104687973856926,-0.13163016736507416,-0.0005720900371670723,0.0011401512892916799,-0.0006449632346630096
2026-03-25 21:37:32.558,0.15488310158252716,-0.10713842511177063,-0.12449731677770615,-0.0009796501835808158,0.000888306472916156,-0.0006964884232729673
2026-03-25 21:37:32.560,0.15820759534835815,-0.11194318532943726,-0.13379162549972534,-0.0008038411033339798,0.0011065680300816894,-0.0007677951944060624
2026-03-25 21:37:32.562,0.14876706898212433,-0.1137673407793045,-0.13479702174663544,-0.00041023766971193254,0.0008611286757513881,-0.000843837158754468
2026-03-25 21:37:32.564,0.15464311838150024,-0.11628942936658859,-0.1390884965658188,-0.0005050497129559517,0.0006425913888961077,-0.0007833747658878565
2026-03-25 21:37:32.566,0.15282480418682098,-0.12707358598709106,-0.1358184814453125,-0.0005440701497718692,0.0006546481745317578,-0.0006886239279992878
2026-03-25 21:37:32.568,0.15564100444316864,-0.11688508838415146,-0.13716240227222443,-0.0004311331722419709,0.0005938442191109061,-0.0007154572522267699
2026-03-25 21:37:32.570,0.16052685678005219,-0.11427236348390579,-0.14007668197155,-0.0007441409397870302,0.0008778031333349645,-0.0006135887233540416
2026-03-25 21:37:32.572,0.16308043897151947,-0.10583382844924927,-0.13619017601013184,-0.0005590600776486099,0.001019591698423028,-0.0007055213791318238
2026-03-25 21:37:32.574,0.15279707312583923,-0.10504209250211716,-0.12549921870231628,-0.0005648775841109455,0.0009821673156693578,-0.0007363149197772145
2026-03-25 21:37:32.576,0.1542777121067047,-0.10210630297660828,-0.12943154573440552,-0.0005227632937021554,0.0008739649201743305,-0.0006869097705930471
2026-03-25 21:37:32.578,0.16214287281036377,-0.10740657150745392,-0.12803387641906738,-0.0005143783055245876,0.0010559408692643046,-0.0008232034160755575
2026-03-25 21:37:32.580,0.15788917243480682,-0.10593673586845398,-0.11447913199663162,-0.0006660149665549397,0.0010669879848137498,-0.0007959816139191389
2026-03-25 21:37:32.582,0.16247625648975372,-0.10296212881803513,-0.1326020509004593,-0.000698789837770164,0.001063103205524385,-0.0008120665443129838
2026-03-25 21:37:32.584,0.1632377803325653,-0.10648071765899658,-0.144708514213562,-0.0009002343867905438,0.000924130727071315,-0.0007047159597277641
2026-03-25 21:37:32.586,0.15217150747776031,-0.10611266642808914,-0.13097502291202545,-0.0006399454432539642,0.0011368250707164407,-0.0008497523958794773
2026-03-25 21:37:32.588,0.14564944803714752,-0.10870730131864548,-0.1433573067188263,-0.0008135882671922445,0.0006494040135294199,-0.0007461966015398502
2026-03-25 21:37:32.590,0.1476583182811737,-0.11091353744268417,-0.15185332298278809,-0.0006805401062592864,0.0008376671466976404,-0.0006488970830105245
2026-03-25 21:37:32.592,0.1426708698272705,-0.12282027304172516,-0.1412241905927658,-0.0008328091935254633,0.0006404511514119804,-0.0006637815968133509
2026-03-25 21:37:32.594,0.13827238976955414,-0.11719679087400436,-0.14273329079151154,-0.0006107689696364105,0.0009362765122205019,-0.0007268233457580209
2026-03-25 21:37:32.596,0.15583199262619019,-0.11268199235200882,-0.13430367410182953,-0.0006546995718963444,0.0006620655185543001,-0.000674306065775454
2026-03-25 21:37:32.598,0.16041964292526245,-0.1135256439447403,-0.13339076936244965,-0.0006803494761697948,0.0010038228938356042,-0.000734975328668952
2026-03-25 21:37:32.600,0.16932518780231476,-0.11160577088594437,-0.12350194901227951,-0.0006661267252638936,0.0008949940674938262,-0.0007360251038335264
2026-03-25 21:37:32.602,0.16473884880542755,-0.11117272078990936,-0.11647781729698181,-0.001030209008604288,0.001145270885899663,-0.0005664432537741959
2026-03-25 21:37:32.604,0.1689772605895996,-0.1100454106926918,-0.12928380072116852,-0.0006315491627901793,0.0013092986773699522,-0.0006752448389306664
2026-03-25 21:37:32.606,0.1522216796875,-0.1088915690779686,-0.11978520452976227,-0.0006186222890391946,0.0010079651838168502,-0.0006921809399500489
2026-03-25 21:37:32.608,0.1487734466791153,-0.10841866582632065,-0.1288723349571228,-0.0006881375447846949,0.0009627604740671813,-0.0005706867668777704
2026-03-25 21:37:32.611,0.15876702964305878,-0.11095496267080307,-0.13725833594799042,-0.0007536846678704023,0.0007665143348276615,-0.000561197695787996
2026-03-25 21:37:32.613,0.15322215855121613,-0.11060268431901932,-0.1378953754901886,-0.00044389459071680903,0.0007413369021378458,-0.000571087934076786
2026-03-25 21:37:32.615,0.1634078174829483,-0.1272926777601242,-0.14154118299484253,-0.000364056380931288,0.0006366880261339247,-0.0007999790832400322
2026-03-25 21:37:32.617,0.14644432067871094,-0.12379435449838638,-0.13438615202903748,-0.0006392443901859224,0.0008210634696297348,-0.0008348984993062913
2026-03-25 21:37:32.619,0.14641691744327545,-0.11490286141633987,-0.13995885848999023,-0.000871034397277981,0.0008806707919575274,-0.0005320711061358452
2026-03-25 21:37:32.621,0.16590295732021332,-0.11323974281549454,-0.14030814170837402,-0.0006050017545931041,0.0008796583861112595,-0.0007604474085383117
2026-03-25 21:37:32.623,0.14865396916866302,-0.111485555768013,-0.12847095727920532,-0.0008983451407402754,0.0009608568507246673,-0.0006629701238125563
2026-03-25 21:37:32.625,0.15534064173698425,-0.1079302504658699,-0.12507206201553345,-0.0006204830133356154,0.0010704793967306614,-0.0007373247644864023
2026-03-25 21:37:32.627,0.16305233538150787,-0.1149846762418747,-0.13261471688747406,-0.0007927662809379399,0.0008715602452866733,-0.0005965812015347183
2026-03-25 21:37:32.629,0.17467422783374786,-0.11644195765256882,-0.13440437614917755,-0.0006313268095254898,0.0012262598611414433,-0.0006537948502227664
2026-03-25 21:37:32.631,0.14724262058734894,-0.10734260082244873,-0.12213023006916046,-0.0007873758440837264,0.0010016394080594182,-0.000616474193520844
2026-03-25 21:37:32.633,0.16152526438236237,-0.1101672425866127,-0.12923598289489746,-0.0007391764083877206,0.0012290289159864187,-0.0008466614526696503
2026-03-25 21:37:32.635,0.1553342491388321,-0.1100030466914177,-0.12218295782804489,-0.0006946143112145364,0.0011990513885393739,-0.0006010837387293577
2026-03-25 21:37:32.637,0.14178091287612915,-0.1013653427362442,-0.13267920911312103,-0.0005936200614087284,0.0008132358198054135,-0.0006274078623391688
2026-03-25 21:37:32.639,0.15870364010334015,-0.11506640911102295,-0.13948313891887665,-0.0005254660500213504,0.0008282766793854535,-0.0007450687699019909
2026-03-25 21:37:32.641,0.14859189093112946,-0.1121167466044426,-0.1468866765499115,-0.0007544324034824967,0.0006945868954062462,-0.0006124389474280179
2026-03-25 21:37:32.643,0.1447347104549408,-0.10762853920459747,-0.14059951901435852,-0.000424123922130093,0.0007807539659552276,-0.0008371059666387737
2026-03-25 21:37:32.645,0.1529356986284256,-0.10884049534797668,-0.1435161530971527,-0.00062217639060691,0.0006472341483458877,-0.0008181877783499658
2026-03-25 21:37:32.647,0.1609191745519638,-0.10841930657625198,-0.14506113529205322,-0.0007733484962955117,0.0007622024277225137,-0.0006439743447117507
2026-03-25 21:37:32.649,0.15340422093868256,-0.11197616159915924,-0.12991875410079956,-0.0007746132905595005,0.0009397590765729547,-0.0007959773065522313
2026-03-25 21:37:32.651,0.1485670506954193,-0.10293804854154587,-0.13020743429660797,-0.0010854710126295686,0.0007414272404275835,-0.0007495909230783582
2026-03-25 21:37:32.653,0.1706286519765854,-0.10031390935182571,-0.1303972452878952,-0.0008997793192975223,0.0010218241950497031,-0.0005834482726640999
2026-03-25 21:37:32.655,0.14906544983386993,-0.09633199870586395,-0.12989860773086548,-0.000964308506809175,0.0009483327157795429,-0.0006569323595613241
2026-03-25 21:37:32.656,0.1465531289577484,-0.09881286323070526,-0.12427403032779694,-0.0008084402652457356,0.0009758875821717083,-0.0008438581717200577
2026-03-25 21:37:32.658,0.17443177103996277,-0.0976848378777504,-0.14673501253128052,-0.0009748238953761756,0.0009860964491963387,-0.0008845750708132982
2026-03-25 21:37:32.660,0.15237240493297577,-0.09459744393825531,-0.1281919777393341,-0.0007218539831228554,0.0005950119229964912,-0.0007853126735426486
2026-03-25 21:37:32.662,0.1461520493030548,-0.10058233141899109,-0.13416193425655365,-0.0009443388553336263,0.0008197871502488852,-0.0010075903264805675
2026-03-25 21:37:32.664,0.15471531450748444,-0.09854115545749664,-0.13312479853630066,-0.0008486374863423407,0.0009550769464112818,-0.0008747735409997404
2026-03-25 21:37:32.666,0.15600793063640594,-0.10129351913928986,-0.14211276173591614,-0.0010181362740695477,0.0008834283798933029,-0.0007477313047274947
2026-03-25 21:37:32.668,0.13636897504329681,-0.10184834897518158,-0.14171923696994781,-0.000771711056586355,0.0008892999030649662,-0.0009646661346778274
2026-03-25 21:37:32.670,0.14118674397468567,-0.09229205548763275,-0.14961208403110504,-0.0009333741618320346,0.0005251601105555892,-0.000767619872931391
2026-03-25 21:37:32.672,0.16457954049110413,-0.10103443264961243,-0.1399075984954834,-0.0007545565022155643,0.0009503261535428464,-0.0008428192231804132
2026-03-25 21:37:32.674,0.13748082518577576,-0.09589966386556625,-0.1267140656709671,-0.000816021638456732,0.0007459580083377659,-0.0010658663231879473
2026-03-25 21:37:32.676,0.15212902426719666,-0.09069596976041794,-0.1380668431520462,-0.0011735657462850213,0.000914928677957505,-0.0007691505597904325
2026-03-25 21:37:32.678,0.16176599264144897,-0.09481629729270935,-0.14313814043998718,-0.0010078854393213987,0.000843481975607574,-0.0009579321485944092
2026-03-25 21:37:32.680,0.1434187889099121,-0.08993863314390182,-0.12955805659294128,-0.0010120597435161471,0.0005382446106523275,-0.0011743508512154222
2026-03-25 21:37:32.682,0.1471787989139557,-0.08983679115772247,-0.13685931265354156,-0.00100081751588732,0.0007743386086076498,-0.0008200324373319745
2026-03-25 21:37:32.684,0.161829873919487,-0.09238579124212265,-0.1504412293434143,-0.0009611255372874439,0.0008536666864529252,-0.0010386938229203224
2026-03-25 21:37:32.686,0.14825905859470367,-0.08468320965766907,-0.13985152542591095,-0.001114077982492745,0.0006578217726200819,-0.0008383294916711748
2026-03-25 21:37:32.688,0.1357126235961914,-0.09274463355541229,-0.13531409204006195,-0.0009141275659203529,0.0006899958243593574,-0.0011808660347014666
2026-03-25 21:37:32.690,0.16427959501743317,-0.09112429618835449,-0.15908583998680115,-0.0007990518934093416,0.0010747277410700917,-0.0009990017861127853
2026-03-25 21:37:32.692,0.14936085045337677,-0.08998393267393112,-0.1378723531961441,-0.0010783150792121887,0.000663180195260793,-0.0007654562941752374
2026-03-25 21:37:32.694,0.1456453800201416,-0.09131094813346863,-0.14496812224388123,-0.0009754026541486382,0.0009137052111327648,-0.0007452356512658298
2026-03-25 21:37:32.696,0.13889090716838837,-0.09498129785060883,-0.14311803877353668,-0.0010900545166805387,0.0008413071627728641,-0.0009133463026955724
2026-03-25 21:37:32.698,0.15381628274917603,-0.09147446602582932,-0.14916016161441803,-0.0010488848201930523,0.0009410943021066487,-0.0008420203230343759
2026-03-25 21:37:32.700,0.14132337272167206,-0.09388178586959839,-0.13479796051979065,-0.000754977052565664,0.0006215122411958873,-0.0010302430018782616
2026-03-25 21:37:32.702,0.13922707736492157,-0.09559599310159683,-0.13071484863758087,-0.0009246565750800073,0.0007160500390455127,-0.0009691689629107714
2026-03-25 21:37:32.704,0.16342225670814514,-0.09699326753616333,-0.14948636293411255,-0.001029229024425149,0.0010469909757375717,-0.0008481793920509517
2026-03-25 21:37:32.706,0.16751547157764435,-0.0980628952383995,-0.14015480875968933,-0.0008422897080890834,0.0009254115866497159,-0.0008494791691191494
2026-03-25 21:37:32.708,0.147938072681427,-0.08916312456130981,-0.12336904555559158,-0.0009122816263698041,0.0010560033842921257,-0.0009858873672783375
2026-03-25 21:37:32.710,0.1534612774848938,-0.09066543728113174,-0.12915749847888947,-0.0010857105953618884,0.0007282377337105572,-0.000900360057130456
2026-03-25 21:37:32.712,0.1683472990989685,-0.09828339517116547,-0.13870078325271606,-0.0009007580811157823,0.000870066462084651,-0.0008781786309555173
2026-03-25 21:37:32.714,0.1386578530073166,-0.09222999215126038,-0.13048608601093292,-0.0009617852629162371,0.0005897101946175098,-0.0006558849127031863
2026-03-25 21:37:32.716,0.13309678435325623,-0.09664188325405121,-0.13233691453933716,-0.000952415750361979,0.0007498099002987146,-0.0007360110175795853
2026-03-25 21:37:32.718,0.1621408462524414,-0.1103399321436882,-0.15736545622348785,-0.0008612638339400291,0.0008039909298531711,-0.0006939535378478467
2026-03-25 21:37:32.720,0.15729722380638123,-0.10387764871120453,-0.14246425032615662,-0.0007446975796483457,0.0008519191178493202,-0.0008285765070468187
2026-03-25 21:37:32.722,0.1510602980852127,-0.10225185006856918,-0.1335998773574829,-0.0008118983241729438,0.0008296973537653685,-0.0008356000180356205
2026-03-25 21:37:32.724,0.1438221037387848,-0.10940666496753693,-0.13843941688537598,-0.0007247876492328942,0.001112738042138517,-0.000885832472704351
2026-03-25 21:37:32.726,0.1566447764635086,-0.10294569283723831,-0.13491231203079224,-0.0009437906555831432,0.0009980523027479649,-0.0007172445184551179
2026-03-25 21:37:32.728,0.16198554635047913,-0.10029055178165436,-0.13327635824680328,-0.0008800424402579665,0.000792353879660368,-0.0005879484815523028
2026-03-25 21:37:32.730,0.15219147503376007,-0.1101144477725029,-0.13420525193214417,-0.0006528808735311031,0.0010073574958369136,-0.0008208160870708525
2026-03-25 21:37:32.732,0.160103902220726,-0.10699616372585297,-0.12448825687170029,-0.0005990812787786126,0.0008729570545256138,-0.0007468736148439348
2026-03-25 21:37:32.735,0.16807278990745544,-0.11440544575452805,-0.13999049365520477,-0.0009015949326567352,0.0009973493870347738,-0.0005691171973012388
2026-03-25 21:37:32.737,0.15684108436107635,-0.12175454944372177,-0.12666459381580353,-0.0006193641456775367,0.0008686449145898223,-0.000937877397518605
2026-03-25 21:37:32.739,0.14401695132255554,-0.11768095195293427,-0.11473759263753891,-0.0006420506397262216,0.0008736775489524007,-0.0007942894008010626
2026-03-25 21:37:32.741,0.1534879207611084,-0.11457748711109161,-0.13002440333366394,-0.000942257116548717,0.0008481064578518271,-0.00047817753511480987
2026-03-25 21:37:32.743,0.16111862659454346,-0.1169135570526123,-0.14451171457767487,-0.0005942222196608782,0.0011077320668846369,-0.0006006147596053779
2026-03-25 21:37:32.745,0.14676940441131592,-0.11537972837686539,-0.13323648273944855,-0.00041495493496768177,0.0009324354468844831,-0.0007117076311260462
2026-03-25 21:37:32.747,0.14778278768062592,-0.11397600173950195,-0.1293519139289856,-0.000637937686406076,0.0007904351223260164,-0.0006664891261607409
2026-03-25 21:37:32.749,0.16790303587913513,-0.11976740509271622,-0.1328040063381195,-0.0006276563508436084,0.0008513270877301693,-0.0005613074172288179
2026-03-25 21:37:32.751,0.16321749985218048,-0.1232251524925232,-0.13475845754146576,-0.00036575150443241,0.000897400313988328,-0.0008323206566274166
2026-03-25 21:37:32.753,0.15254133939743042,-0.11198510229587555,-0.11313160508871078,-0.0005358303315006196,0.0008868877775967121,-0.0006206979160197079
2026-03-25 21:37:32.755,0.16315844655036926,-0.11366793513298035,-0.12692464888095856,-0.000757050234824419,0.001108359545469284,-0.000485943746753037
2026-03-25 21:37:32.757,0.17389126121997833,-0.1315847933292389,-0.1311260163784027,-0.0006276494241319597,0.0011648874497041106,-0.0006297673680819571
2026-03-25 21:37:32.759,0.15318617224693298,-0.1183394119143486,-0.11871805787086487,-0.0005402188398875296,0.0010350234806537628,-0.0005405151750892401
2026-03-25 21:37:32.761,0.15800966322422028,-0.11334298551082611,-0.12286317348480225,-0.0006985677173361182,0.0008813749300315976,-0.0005540287238545716
2026-03-25 21:37:32.763,0.16207948327064514,-0.12603941559791565,-0.13522860407829285,-0.000599337974563241,0.0009778717067092657,-0.0006375258089974523
2026-03-25 21:37:32.765,0.15976111590862274,-0.12650632858276367,-0.12865512073040009,-0.000406264589400962,0.0009281536331400275,-0.0007752363453619182
2026-03-25 21:37:32.767,0.1509535312652588,-0.11806099861860275,-0.12830732762813568,-0.000503944989759475,0.0007739106076769531,-0.000467499194201082
2026-03-25 21:37:32.769,0.15290327370166779,-0.12051315605640411,-0.1289561539888382,-0.0007192815537564456,0.0007394893909804523,-0.0006255804910324514
2026-03-25 21:37:32.771,0.15760287642478943,-0.13109859824180603,-0.13014008104801178,-0.0005872677429579198,0.0010090421419590712,-0.0006304984563030303
2026-03-25 21:37:32.773,0.16198590397834778,-0.12162137031555176,-0.14486464858055115,-0.0006454529939219356,0.0010373175609856844,-0.0005994917009957135
2026-03-25 21:37:32.775,0.15256035327911377,-0.11450960487127304,-0.13120970129966736,-0.0006850582431070507,0.000953743583522737,-0.0007059904746711254
2026-03-25 21:37:32.777,0.15419495105743408,-0.11197754740715027,-0.13115867972373962,-0.00044673917000181973,0.0009367746533825994,-0.0005652738036587834
2026-03-25 21:37:32.779,0.1672966629266739,-0.11783411353826523,-0.13119010627269745,-0.0005044518038630486,0.0009783342247828841,-0.0006093604024499655
2026-03-25 21:37:32.781,0.15390321612358093,-0.11393040418624878,-0.12480127066373825,-0.0005805011023767292,0.0008534301305189729,-0.0009229428833350539
2026-03-25 21:37:32.783,0.1491222232580185,-0.11431290209293365,-0.11627089977264404,-0.0007570328889414668,0.0008779257768765092,-0.0008258827147074044
2026-03-25 21:37:32.785,0.1711357831954956,-0.11441314220428467,-0.12876325845718384,-0.000710905937012285,0.0009698424837552011,-0.0008051268523558974
2026-03-25 21:37:32.787,0.16500508785247803,-0.11761613190174103,-0.13150256872177124,-0.0007504671812057495,0.0010568659054115415,-0.0007313562673516572
2026-03-25 21:37:32.789,0.1514972299337387,-0.10570012778043747,-0.13967789709568024,-0.0005458167288452387,0.0009291464230045676,-0.0007564255502074957
2026-03-25 21:37:32.791,0.14722107350826263,-0.10605870932340622,-0.1365453004837036,-0.000903626496437937,0.0008376415935344994,-0.0006319183739833534
2026-03-25 21:37:32.793,0.15532007813453674,-0.1092291846871376,-0.15689480304718018,-0.0006519693997688591,0.0007929481216706336,-0.0005383614916354418
2026-03-25 21:37:32.795,0.14236703515052795,-0.1143956184387207,-0.13842949271202087,-0.000742622185498476,0.0007372532272711396,-0.0008645717753097415
2026-03-25 21:37:32.797,0.13890713453292847,-0.10340479016304016,-0.14169517159461975,-0.0006589601980522275,0.0005466720322147012,-0.0008337153121829033
2026-03-25 21:37:32.799,0.15522263944149017,-0.11231344193220139,-0.1399371176958084,-0.0007591703906655312,0.0008739379700273275,-0.0007712630904279649
2026-03-25 21:37:32.801,0.16347849369049072,-0.11110872775316238,-0.14425669610500336,-0.0007742299931123853,0.00095714459894225,-0.0006350119365379214
2026-03-25 21:37:32.803,0.1498020887374878,-0.10184378176927567,-0.12953150272369385,-0.0006208629929460585,0.0009299250668846071,-0.0007420916226692498
2026-03-25 21:37:32.805,0.15931564569473267,-0.09554758667945862,-0.12682241201400757,-0.0009747319854795933,0.0009259662474505603,-0.0007335909176617861
2026-03-25 21:37:32.807,0.16074368357658386,-0.09526494145393372,-0.1388884037733078,-0.0011750090634450316,0.0008006729767657816,-0.0009199382038787007
2026-03-25 21:37:32.809,0.14887036383152008,-0.09806395322084427,-0.14207613468170166,-0.0011134175583720207,0.0008425508276559412,-0.0008054426871240139
2026-03-25 21:37:32.811,0.1507222056388855,-0.09670630097389221,-0.14417704939842224,-0.000795378175098449,0.0007252760115079582,-0.0008365095127373934
2026-03-25 21:37:32.813,0.1522061973810196,-0.0946880578994751,-0.14137467741966248,-0.0007614827482029796,0.00088386150309816,-0.0009238405618816614
2026-03-25 21:37:32.815,0.15671449899673462,-0.09236328303813934,-0.13997402787208557,-0.0006663199164904654,0.000843338028062135,-0.0010454794391989708
2026-03-25 21:37:32.817,0.15113094449043274,-0.09332343190908432,-0.1410025805234909,-0.0007546155829913914,0.0006645921966992319,-0.0009050340158864856
2026-03-25 21:37:32.819,0.1435418725013733,-0.09350419044494629,-0.13565348088741302,-0.0009172242716886103,0.0006640364299528301,-0.0008279242319986224
2026-03-25 21:37:32.821,0.1464398354291916,-0.09329309314489365,-0.14417815208435059,-0.0009729049634188414,0.0007579578668810427,-0.0008473620982840657
2026-03-25 21:37:32.823,0.14941702783107758,-0.09745428711175919,-0.14432257413864136,-0.0010692765936255455,0.0007646569283679128,-0.0009918130235746503
2026-03-25 21:37:32.825,0.14966101944446564,-0.09648774564266205,-0.13015373051166534,-0.0009993362473323941,0.000654951436445117,-0.0008412551833316684
2026-03-25 21:37:32.827,0.15399667620658875,-0.09635122120380402,-0.13987867534160614,-0.0011364843230694532,0.0007075940957292914,-0.0007251068018376827
2026-03-25 21:37:32.829,0.15857046842575073,-0.08864521980285645,-0.1339525431394577,-0.0008707785746082664,0.0006973879062570632,-0.0008071567281149328
2026-03-25 21:37:32.831,0.14774839580059052,-0.08532121777534485,-0.1374702751636505,-0.0008117566467262805,0.0007649562321603298,-0.000841029395814985
2026-03-25 21:37:32.833,0.1437733918428421,-0.08778691291809082,-0.12390610575675964,-0.0008550772909075022,0.0009538365411572158,-0.0008066947339102626
2026-03-25 21:37:32.835,0.15606528520584106,-0.0927940160036087,-0.14456695318222046,-0.0009555449360050261,0.0010055615566670895,-0.0008125369786284864
2026-03-25 21:37:32.837,0.14256365597248077,-0.08816561847925186,-0.14432315528392792,-0.0009396825917065144,0.0009330314351245761,-0.0009729652083478868
2026-03-25 21:37:32.839,0.14825387299060822,-0.08898130804300308,-0.14805079996585846,-0.0007997493958100677,0.0007399920141324401,-0.0010620065731927752
2026-03-25 21:37:32.841,0.14559967815876007,-0.08699656277894974,-0.14138072729110718,-0.0008751712157391012,0.0006730716559104621,-0.0008474710048176348
2026-03-25 21:37:32.843,0.15048237144947052,-0.09354090690612793,-0.1435171216726303,-0.0008677156874909997,0.0008020892855711281,-0.0009455480030737817
2026-03-25 21:37:32.845,0.14717653393745422,-0.09833209216594696,-0.1448168009519577,-0.0006991541013121605,0.0007694967789575458,-0.0011222691973671317
2026-03-25 21:37:32.847,0.14658264815807343,-0.09845790266990662,-0.14836391806602478,-0.0007633024360984564,0.0007481253705918789,-0.000992554472759366
2026-03-25 21:37:32.849,0.14614486694335938,-0.09753960371017456,-0.14089149236679077,-0.0007862817728891969,0.0008033643243834376,-0.0008867334690876305
2026-03-25 21:37:32.851,0.1518029421567917,-0.0955294594168663,-0.14605918526649475,-0.0009938532020896673,0.0007713694358244538,-0.000977313262410462
2026-03-25 21:37:32.853,0.14879581332206726,-0.09125686436891556,-0.12808619439601898,-0.0010958956554532051,0.0008102059364318848,-0.0008616647101007402
2026-03-25 21:37:32.855,0.1601848006248474,-0.09193635731935501,-0.12848764657974243,-0.0010583581170067191,0.0008732229471206665,-0.0008445560233667493
2026-03-25 21:37:32.857,0.1586456000804901,-0.09277860820293427,-0.12659381330013275,-0.0010070736752822995,0.0009554620482958853,-0.000986555707640946
2026-03-25 21:37:32.859,0.15834736824035645,-0.09159646928310394,-0.13589105010032654,-0.0009165022056549788,0.0009853049414232373,-0.0007710543577559292
2026-03-25 21:37:32.861,0.1523885428905487,-0.0918625071644783,-0.1400245875120163,-0.0008411129820160568,0.0009340642136521637,-0.0007117509958334267
2026-03-25 21:37:32.863,0.1479974389076233,-0.10541757941246033,-0.1424276977777481,-0.0009421466384083033,0.0007084092940203846,-0.0009070464875549078
2026-03-25 21:37:32.865,0.1514614075422287,-0.10671187937259674,-0.1458965539932251,-0.0008485091384500265,0.000635423930361867,-0.0008705920190550387
2026-03-25 21:37:32.867,0.1515645980834961,-0.10889876633882523,-0.13921698927879333,-0.0007223673746921122,0.00070189154939726,-0.0009645282407291234
2026-03-25 21:37:32.869,0.14678335189819336,-0.10150117427110672,-0.14651837944984436,-0.0005514550139196217,0.000715432339347899,-0.0008302287315018475
2026-03-25 21:37:32.871,0.15227806568145752,-0.10354507714509964,-0.14309224486351013,-0.0005571555811911821,0.0008263351628556848,-0.0007790570380166173
2026-03-25 21:37:32.873,0.1591891646385193,-0.10856489837169647,-0.1393311470746994,-0.0007314907270483673,0.0009003595332615077,-0.0006694893236272037
2026-03-25 21:37:32.875,0.1530373990535736,-0.1092616468667984,-0.13190898299217224,-0.0008450057939626276,0.0009021253790706396,-0.0007321339217014611
2026-03-25 21:37:32.877,0.1585310995578766,-0.11299455165863037,-0.1206546351313591,-0.0006593981524929404,0.0009565920918248594,-0.0007234910735860467
2026-03-25 21:37:32.879,0.15211893618106842,-0.11029022186994553,-0.1290881186723709,-0.0006606303504668176,0.0009483057074248791,-0.0007909169653430581
2026-03-25 21:37:32.881,0.14847643673419952,-0.10717485100030899,-0.1276451200246811,-0.0005192682147026062,0.0009762145928107202,-0.0007771523087285459
2026-03-25 21:37:32.883,0.15933990478515625,-0.10732854157686234,-0.12189170718193054,-0.0006407643668353558,0.0009972479892894626,-0.0008177609415724874
2026-03-25 21:37:32.885,0.16546161472797394,-0.11082467436790466,-0.12816235423088074,-0.0006112080300226808,0.0011761857895180583,-0.0005660780007019639
2026-03-25 21:37:32.887,0.15791399776935577,-0.11822088062763214,-0.13894745707511902,-0.0006876876577734947,0.00102109310682863,-0.0006070827366784215
2026-03-25 21:37:32.889,0.154015451669693,-0.11093602329492569,-0.1367509514093399,-0.0005198469152674079,0.0010097009362652898,-0.000785705226007849
2026-03-25 21:37:32.891,0.15378376841545105,-0.11273306608200073,-0.142767995595932,-0.0005693651037290692,0.0008391590090468526,-0.0006744279526174068
2026-03-25 21:37:32.893,0.1465638130903244,-0.11820435523986816,-0.13269175589084625,-0.0005924226134084165,0.0007960115326568484,-0.0006594389560632408
2026-03-25 21:37:32.895,0.1491907835006714,-0.12064994126558304,-0.13775697350502014,-0.0005721250781789422,0.0006600400665774941,-0.000784809235483408
2026-03-25 21:37:32.897,0.15458565950393677,-0.12455487996339798,-0.14174918830394745,-0.0005137140396982431,0.0006738583324477077,-0.0005858516087755561
2026-03-25 21:37:32.899,0.15338796377182007,-0.12047013640403748,-0.1382896602153778,-0.0005091237835586071,0.0009687886922620237,-0.0007128915749490261
2026-03-25 21:37:32.901,0.15688329935073853,-0.11582950502634048,-0.12073082476854324,-0.000662921229377389,0.0009071847889572382,-0.000868850911501795
2026-03-25 21:37:32.903,0.16590404510498047,-0.11675378680229187,-0.13083140552043915,-0.0006880348082631826,0.001068293466232717,-0.0005235157441347837
2026-03-25 21:37:32.905,0.162115216255188,-0.11217275261878967,-0.12208011746406555,-0.0007888688705861568,0.0011376106413081288,-0.0007216025842353702
2026-03-25 21:37:32.907,0.168361634016037,-0.11069822311401367,-0.1263219267129898,-0.0007625355501659214,0.001050255261361599,-0.0008329562842845917
2026-03-25 21:37:32.909,0.16373229026794434,-0.10924082249403,-0.12572865188121796,-0.0007865835214033723,0.001014663721434772,-0.0007290560752153397
2026-03-25 21:37:32.911,0.1609719693660736,-0.11431749165058136,-0.135826975107193,-0.0006568444659933448,0.0010158936493098736,-0.0005443306872621179
2026-03-25 21:37:32.913,0.16087622940540314,-0.11552886664867401,-0.13325408101081848,-0.0005792323499917984,0.000722185242921114,-0.0007946430705487728
2026-03-25 21:37:32.915,0.15024031698703766,-0.11230479180812836,-0.13178911805152893,-0.000463118776679039,0.0008195291738957167,-0.0007416770677082241
2026-03-25 21:37:32.917,0.14665104448795319,-0.12148238718509674,-0.13350170850753784,-0.0006702067912556231,0.000731879728846252,-0.0007616453221999109
2026-03-25 21:37:32.919,0.14594802260398865,-0.12272930890321732,-0.13483431935310364,-0.0007302425219677389,0.0007143371040001512,-0.0008045020513236523
2026-03-25 21:37:32.921,0.1510467231273651,-0.11333722621202469,-0.1363605409860611,-0.0003902061434928328,0.0008219394949264824,-0.0008431356400251389
2026-03-25 21:37:32.923,0.15382055938243866,-0.11845462024211884,-0.13357728719711304,-0.0007620889227837324,0.0009312661131843925,-0.0008812134037725627
2026-03-25 21:37:32.925,0.15836893022060394,-0.11190027743577957,-0.13444852828979492,-0.000627748086117208,0.0008710233378224075,-0.0006758504896424711
2026-03-25 21:37:32.927,0.15897339582443237,-0.10620363801717758,-0.1363411247730255,-0.0007180565153248608,0.0008362092194147408,-0.00078793172724545
2026-03-25 21:37:32.929,0.15474291145801544,-0.10754229873418808,-0.12744398415088654,-0.0008418948273174465,0.0009996232111006975,-0.0006546122604049742
2026-03-25 21:37:32.931,0.16302023828029633,-0.10443933308124542,-0.12950016558170319,-0.0008732581045478582,0.0008741392521187663,-0.0006558110471814871
2026-03-25 21:37:32.933,0.16019506752490997,-0.10220371186733246,-0.13545723259449005,-0.0007055520545691252,0.0008828536956571043,-0.0006661837687715888
2026-03-25 21:37:32.935,0.1494860202074051,-0.1013600081205368,-0.1349067986011505,-0.000688399828504771,0.000976771698333323,-0.0009502839529886842
2026-03-25 21:37:32.937,0.15347830951213837,-0.09997748583555222,-0.14336195588111877,-0.0006178836920298636,0.0009975249413400888,-0.0008684606873430312
2026-03-25 21:37:32.939,0.1630413681268692,-0.10962358862161636,-0.13932526111602783,-0.0008613177924416959,0.0008967203320935369,-0.0007936629699543118
2026-03-25 21:37:32.941,0.1529918760061264,-0.10851071774959564,-0.136991485953331,-0.000650217873044312,0.0007618222152814269,-0.0010062959045171738
2026-03-25 21:37:32.943,0.14443670213222504,-0.10401815921068192,-0.140891432762146,-0.0006928930524736643,0.000895707227755338,-0.0008748950785957277
2026-03-25 21:37:32.945,0.1500517576932907,-0.10986796766519547,-0.14034949243068695,-0.000795403029769659,0.0006684730178676546,-0.0007160748937167227
2026-03-25 21:37:32.947,0.14661231637001038,-0.1056794822216034,-0.13843853771686554,-0.0007145989220589399,0.0005884036072529852,-0.000898389145731926
2026-03-25 21:37:32.949,0.1539718061685562,-0.10749847441911697,-0.1370639055967331,-0.0008254413842223585,0.0008440373931080103,-0.0007689797203056514
2026-03-25 21:37:32.951,0.15307247638702393,-0.10074452310800552,-0.13427013158798218,-0.0006177671020850539,0.0008825463592074811,-0.0009329847525805235
2026-03-25 21:37:32.953,0.1542324423789978,-0.10083027929067612,-0.13510121405124664,-0.0009497833088971674,0.0011191790690645576,-0.0006149464170448482
2026-03-25 21:37:32.955,0.15644244849681854,-0.09275592863559723,-0.13396033644676208,-0.0007728057680651546,0.001062746741808951,-0.0008705040090717375
2026-03-25 21:37:32.957,0.16258090734481812,-0.09169742465019226,-0.13319212198257446,-0.0007121452363207936,0.0009599088807590306,-0.0008170260116457939
2026-03-25 21:37:32.959,0.1594090312719345,-0.09678217023611069,-0.1422753632068634,-0.0008733737631700933,0.0008836513152346015,-0.0007513308082707226
2026-03-25 21:37:32.961,0.16243137419223785,-0.10546594113111496,-0.12888386845588684,-0.0009526189533062279,0.000865727779455483,-0.0008238233858719468
2026-03-25 21:37:32.963,0.15044927597045898,-0.09793293476104736,-0.12802961468696594,-0.0007332078530453146,0.0009274316253140569,-0.0007917045149952173
2026-03-25 21:37:32.965,0.1553945690393448,-0.10579458624124527,-0.1332981437444687,-0.0008795048343017697,0.0008842211100272834,-0.0008308580727316439
2026-03-25 21:37:32.966,0.15128864347934723,-0.10285254567861557,-0.13763132691383362,-0.0008776047034189105,0.0008924028370529413,-0.0007761038141325116
2026-03-25 21:37:32.969,0.15678735077381134,-0.1020268052816391,-0.1386057734489441,-0.0007918617338873446,0.0009098509326577187,-0.0008599615539424121
2026-03-25 21:37:32.971,0.14339259266853333,-0.10020752251148224,-0.14687207341194153,-0.0007728351629339159,0.000933895236812532,-0.0008210711530409753
2026-03-25 21:37:32.973,0.1546580195426941,-0.10225418210029602,-0.14813795685768127,-0.0008736177114769816,0.0008114321972243488,-0.0005968750338070095
2026-03-25 21:37:32.975,0.14572873711585999,-0.10459339618682861,-0.14163422584533691,-0.0008207046194002032,0.0007257502875290811,-0.0008071088814176619
2026-03-25 21:37:32.977,0.1483612060546875,-0.09964144974946976,-0.13621509075164795,-0.0007412315462715924,0.0007276788237504661,-0.0009855133248493075
2026-03-25 21:37:32.979,0.15314269065856934,-0.10169697552919388,-0.13815559446811676,-0.001009106868878007,0.0007184397545643151,-0.000859704683534801
2026-03-25 21:37:32.981,0.14788927137851715,-0.09921732544898987,-0.14200164377689362,-0.0008654018165543675,0.0009463454480282962,-0.0007762066670693457
2026-03-25 21:37:32.984,0.15513479709625244,-0.0991060882806778,-0.13157768547534943,-0.0010066073155030608,0.00116053712554276,-0.0010682097636163235
2026-03-25 21:37:32.986,0.16416329145431519,-0.10453502088785172,-0.13658615946769714,-0.0008946782909333706,0.0009214940364472568,-0.0009104649652726948
2026-03-25 21:37:32.988,0.1559651494026184,-0.10033641755580902,-0.1280159056186676,-0.0008627227507531643,0.001074155094102025,-0.0008700737962499261
2026-03-25 21:37:32.990,0.1657382845878601,-0.09924258291721344,-0.14028678834438324,-0.001007528742775321,0.0008579017012380064,-0.0009517610887996852
2026-03-25 21:37:32.992,0.15212026238441467,-0.09957657754421234,-0.1367465704679489,-0.0009238736238330603,0.000774314918089658,-0.0007630640175193548
2026-03-25 21:37:32.994,0.14941011369228363,-0.10438849031925201,-0.148415207862854,-0.0008208517101593316,0.0008129102643579245,-0.0007947570411488414
2026-03-25 21:37:32.996,0.14595744013786316,-0.10657467693090439,-0.14136074483394623,-0.0008074918296188116,0.0007123493123799562,-0.0007890874985605478
2026-03-25 21:37:32.998,0.14629313349723816,-0.10714040696620941,-0.13168980181217194,-0.0007331999950110912,0.0007658021640963852,-0.0009918826399371028
2026-03-25 21:37:33.000,0.14650654792785645,-0.10614380985498428,-0.1377774327993393,-0.0006805626908317208,0.0007011195993982255,-0.0010519189527258277
2026-03-25 21:37:33.002,0.1466057449579239,-0.10516253113746643,-0.13648532330989838,-0.0008512779022566974,0.0006814877851866186,-0.0008067112066783011
2026-03-25 21:37:33.004,0.16018803417682648,-0.10134265571832657,-0.13446326553821564,-0.0009612893336452544,0.0009106979123316705,-0.0009011407382786274
2026-03-25 21:37:33.006,0.16059312224388123,-0.09764539450407028,-0.13040542602539062,-0.0008507136371918023,0.0009223975357599556,-0.0007662138086743653
2026-03-25 21:37:33.008,0.1701565384864807,-0.09775914251804352,-0.1332549750804901,-0.0009247316629625857,0.0008652721298858523,-0.0007878813776187599
2026-03-25 21:37:33.010,0.16362199187278748,-0.09523819386959076,-0.13016368448734283,-0.0009285594569519162,0.0008982608560472727,-0.0005866465508006513
2026-03-25 21:37:33.012,0.1573297679424286,-0.09512949734926224,-0.13067059218883514,-0.0009180817287415266,0.0009806740563362837,-0.0007827357039786875
2026-03-25 21:37:33.014,0.14914903044700623,-0.09486404806375504,-0.13812783360481262,-0.0009037526906467974,0.0009305539424531162,-0.0008303057984448969
2026-03-25 21:37:33.016,0.14746151864528656,-0.11058930307626724,-0.14858725666999817,-0.0009824151638895273,0.0008234122069552541,-0.0008139844867400825
2026-03-25 21:37:33.018,0.14839136600494385,-0.11100108921527863,-0.13726700842380524,-0.0009473218233324587,0.0008231817046180367,-0.0007790439412929118
2026-03-25 21:37:33.020,0.14592818915843964,-0.11482661962509155,-0.14571613073349,-0.0009921109303832054,0.0009064034675247967,-0.0008664255728945136
2026-03-25 21:37:33.022,0.14785045385360718,-0.10995018482208252,-0.1484648436307907,-0.0007753293612040579,0.0008689756505191326,-0.0007303575985133648
2026-03-25 21:37:33.024,0.15149904787540436,-0.10574367642402649,-0.13967260718345642,-0.0008315786253660917,0.0007091121515259147,-0.0008570732898078859
2026-03-25 21:37:33.026,0.15509967505931854,-0.10781346261501312,-0.1425611972808838,-0.0007897163741290569,0.0007649416802451015,-0.0007798321894370019
2026-03-25 21:37:33.028,0.14931663870811462,-0.1049027070403099,-0.1353701502084732,-0.0010065158130601048,0.0009378075483255088,-0.0008065990405157208
2026-03-25 21:37:33.030,0.15963003039360046,-0.10377953946590424,-0.1321520358324051,-0.0009051745873875916,0.0008906996226869524,-0.0009293801267631352
2026-03-25 21:37:33.032,0.16779837012290955,-0.09664712101221085,-0.12520112097263336,-0.0007050243439152837,0.0008837822824716568,-0.0009090988896787167
2026-03-25 21:37:33.033,0.16182304918766022,-0.09909667074680328,-0.12994351983070374,-0.0009319023811258376,0.0010017240419983864,-0.0008066088776104152
2026-03-25 21:37:33.035,0.15972764790058136,-0.09628264605998993,-0.12915541231632233,-0.0010069808922708035,0.0008980424609035254,-0.0006903291796334088
2026-03-25 21:37:33.037,0.1610688865184784,-0.10399927198886871,-0.14667879045009613,-0.0009332838235422969,0.0010367196518927813,-0.0006884098402224481
2026-03-25 21:37:33.039,0.14554262161254883,-0.1013801172375679,-0.1467846781015396,-0.0007319696596823633,0.001120943110436201,-0.00095986423548311
2026-03-25 21:37:33.041,0.14369210600852966,-0.11342933028936386,-0.13505741953849792,-0.0010144258849322796,0.0007037671748548746,-0.000811337842606008
2026-03-25 21:37:33.043,0.1424049586057663,-0.11197886615991592,-0.14706985652446747,-0.0005667541990987957,0.0008017444633878767,-0.0010499645723029971
2026-03-25 21:37:33.045,0.14449721574783325,-0.11548721790313721,-0.1389918178319931,-0.000753082160372287,0.0007201382541097701,-0.0007089302525855601
2026-03-25 21:37:33.047,0.15168428421020508,-0.10816136747598648,-0.13722096383571625,-0.0006168693071231246,0.000690752814989537,-0.0009102694457396865
2026-03-25 21:37:33.049,0.1536550372838974,-0.1078159287571907,-0.13087476789951324,-0.0007819432066753507,0.0008581968140788376,-0.0009121059556491673
2026-03-25 21:37:33.051,0.15850122272968292,-0.1050514504313469,-0.12411242723464966,-0.0009074826957657933,0.0009368254686705768,-0.0007025114027783275
2026-03-25 21:37:33.053,0.15852129459381104,-0.10200127214193344,-0.1308736503124237,-0.0009273780742660165,0.001179208280518651,-0.0007978269713930786
2026-03-25 21:37:33.055,0.16315065324306488,-0.10401210188865662,-0.1289440393447876,-0.0009914685506373644,0.0010605010902509093,-0.0007788073853589594
2026-03-25 21:37:33.057,0.15834197402000427,-0.10264420509338379,-0.13364136219024658,-0.000899758655577898,0.0009640407515689731,-0.0007618527743034065
2026-03-25 21:37:33.059,0.16155391931533813,-0.10128819942474365,-0.1364935338497162,-0.0009684218093752861,0.0007798176375217736,-0.0006386936292983592
2026-03-25 21:37:33.061,0.14909151196479797,-0.10604050010442734,-0.14472077786922455,-0.0006994791328907013,0.0009667901322245598,-0.000921107130125165
2026-03-25 21:37:33.063,0.1498473435640335,-0.1117156371474266,-0.13499659299850464,-0.000556702318135649,0.000759686401579529,-0.0009855665266513824
2026-03-25 21:37:33.065,0.14651735126972198,-0.11256866157054901,-0.13257718086242676,-0.0006409030174836516,0.0008690361864864826,-0.0007598057272844017
2026-03-25 21:37:33.067,0.14908380806446075,-0.11003474146127701,-0.13556399941444397,-0.0007093272288329899,0.0009500844171270728,-0.00081600685371086
2026-03-25 21:37:33.069,0.1543418914079666,-0.11598425358533859,-0.13826119899749756,-0.0007756011327728629,0.0010112031595781446,-0.0007365134079009295
2026-03-25 21:37:33.071,0.15441925823688507,-0.1145055964589119,-0.14024314284324646,-0.0007932520820759237,0.0010047925170511007,-0.0006535020656883717
2026-03-25 21:37:33.073,0.15606820583343506,-0.11216627806425095,-0.13819520175457,-0.00095693941693753,0.0010456746676936746,-0.0005189937655813992
2026-03-25 21:37:33.075,0.15840905904769897,-0.10540936142206192,-0.13171657919883728,-0.0008391511510126293,0.0007333852117881179,-0.0004594824567902833
2026-03-25 21:37:33.078,0.15341222286224365,-0.10490637272596359,-0.14115461707115173,-0.0007203479763120413,0.0008808933780528605,-0.0007742190500721335
2026-03-25 21:37:33.080,0.15919487178325653,-0.11008952558040619,-0.1328798085451126,-0.000749485450796783,0.000867352238856256,-0.0009329125750809908
2026-03-25 21:37:33.082,0.15716685354709625,-0.11563865840435028,-0.1230691596865654,-0.000844598573166877,0.0007270711357705295,-0.0007625153521075845
2026-03-25 21:37:33.084,0.1501595377922058,-0.1094498261809349,-0.12000537663698196,-0.0005046482547186315,0.0009788534371182323,-0.0008128485060296953
2026-03-25 21:37:33.086,0.16221044957637787,-0.11718717962503433,-0.13028614223003387,-0.0007742169545963407,0.0008032238110899925,-0.000720661599189043
2026-03-25 21:37:33.088,0.15978853404521942,-0.11897642910480499,-0.13285210728645325,-0.0007318272837437689,0.0009132105042226613,-0.00045342344674281776
2026-03-25 21:37:33.090,0.15567417442798615,-0.11385589092969894,-0.13667207956314087,-0.0008041998371481895,0.0010909936390817165,-0.0005859810626134276
2026-03-25 21:37:33.092,0.15847229957580566,-0.11762750148773193,-0.13612139225006104,-0.0009078180883079767,0.0010505446698516607,-0.0007605741848237813
2026-03-25 21:37:33.094,0.15346203744411469,-0.11339651793241501,-0.13625630736351013,-0.000967186177149415,0.000891862204298377,-0.0007412285194732249
2026-03-25 21:37:33.096,0.14932692050933838,-0.11580998450517654,-0.12759673595428467,-0.0008684234926477075,0.0008785522659309208,-0.0006573356222361326
2026-03-25 21:37:33.098,0.15392328798770905,-0.11282731592655182,-0.12656748294830322,-0.0006396296084858477,0.0006483840406872332,-0.0007817608420737088
2026-03-25 21:37:33.100,0.16185921430587769,-0.10622746497392654,-0.12905803322792053,-0.0006578289321623743,0.0008494643261656165,-0.0006606748211197555
2026-03-25 21:37:33.102,0.15657974779605865,-0.10764950513839722,-0.13313989341259003,-0.0006627368275076151,0.0010663594584912062,-0.000687462103087455
2026-03-25 21:37:33.104,0.157268226146698,-0.10928486287593842,-0.12386950105428696,-0.0005956570967100561,0.0010853549465537071,-0.0008542523719370365
2026-03-25 21:37:33.106,0.15895871818065643,-0.11089344322681427,-0.13639676570892334,-0.0008426234126091003,0.0009432157385163009,-0.0008334614685736597
2026-03-25 21:37:33.108,0.1575426161289215,-0.10746049135923386,-0.13155794143676758,-0.0007314845570363104,0.0010980293154716492,-0.0006466889753937721
2026-03-25 21:37:33.110,0.1521674394607544,-0.10608600825071335,-0.14106018841266632,-0.0006763036362826824,0.0008577760891057551,-0.0007646724698133767
2026-03-25 21:37:33.112,0.15358051657676697,-0.1104678139090538,-0.1299663633108139,-0.0006727708387188613,0.0007379406597465277,-0.0007834699936211109
2026-03-25 21:37:33.114,0.1518598049879074,-0.11519765853881836,-0.13190828263759613,-0.0006289438460953534,0.0008140837890096009,-0.0009291075402870774
2026-03-25 21:37:33.116,0.1520126312971115,-0.11325797438621521,-0.1375085711479187,-0.0007410926627926528,0.0007922009099274874,-0.0008521017152816057
2026-03-25 21:37:33.118,0.14709825813770294,-0.11213147640228271,-0.13971950113773346,-0.0007700311834923923,0.0007975582266226411,-0.0010215172078460455
2026-03-25 21:37:33.120,0.16232837736606598,-0.10795991122722626,-0.14109376072883606,-0.0007607020670548081,0.0008412188035435975,-0.0006369135226123035
2026-03-25 21:37:33.122,0.1586724817752838,-0.10594196617603302,-0.12881270051002502,-0.0009436383843421936,0.0008660184103064239,-0.000737377442419529
2026-03-25 21:37:33.124,0.15415194630622864,-0.1029956042766571,-0.13460086286067963,-0.0008042486733756959,0.001044006086885929,-0.0006973589188419282
2026-03-25 21:37:33.126,0.15410789847373962,-0.10615773499011993,-0.13787490129470825,-0.0006629811832681298,0.0011166734620928764,-0.0006847330369055271
2026-03-25 21:37:33.128,0.15265466272830963,-0.10726113617420197,-0.1307956427335739,-0.0007694617379456758,0.0010380715830251575,-0.0006878458079881966
2026-03-25 21:37:33.130,0.15701763331890106,-0.10892615467309952,-0.13215190172195435,-0.000668395368847996,0.0007369051454588771,-0.0008872677572071552
2026-03-25 21:37:33.132,0.15395334362983704,-0.11249157786369324,-0.12513664364814758,-0.000801910413429141,0.0009484081529080868,-0.0006613892619498074
2026-03-25 21:37:33.134,0.1528221219778061,-0.10883934795856476,-0.1250779628753662,-0.0007990312296897173,0.0009490711381658912,-0.000875030760653317
2026-03-25 21:37:33.136,0.15193410217761993,-0.10780098289251328,-0.1253938227891922,-0.0009240383515134454,0.0009212438599206507,-0.0008320413762703538
2026-03-25 21:37:33.138,0.15697868168354034,-0.10526896268129349,-0.14061570167541504,-0.0008342313230969012,0.0008656986174173653,-0.000874226912856102
2026-03-25 21:37:33.140,0.1541941910982132,-0.10021834820508957,-0.13774153590202332,-0.0006246340926736593,0.0010455826995894313,-0.0009308443404734135
2026-03-25 21:37:33.143,0.1425771415233612,-0.10120391845703125,-0.14091414213180542,-0.000867810333147645,0.0008098346879705787,-0.0008899629465304315
2026-03-25 21:37:33.144,0.14852775633335114,-0.10046922415494919,-0.1380990892648697,-0.0008574858657084405,0.0007859256584197283,-0.0007601436227560043
2026-03-25 21:37:33.146,0.14688363671302795,-0.10719773918390274,-0.155626118183136,-0.001032290980219841,0.0007373015396296978,-0.0008119915146380663
2026-03-25 21:37:33.148,0.15218333899974823,-0.10696444660425186,-0.12754613161087036,-0.0008666299399919808,0.0007773956167511642,-0.0008808273705653846
2026-03-25 21:37:33.150,0.14734387397766113,-0.10565333813428879,-0.12899407744407654,-0.0007974860491231084,0.0008339941268786788,-0.0008601852459833026
2026-03-25 21:37:33.152,0.16419175267219543,-0.10315851122140884,-0.13268890976905823,-0.0008649998344480991,0.000812438374850899,-0.0009121419861912727
2026-03-25 21:37:33.154,0.1691943258047104,-0.09817910939455032,-0.1329219490289688,-0.001007683458738029,0.0009915879927575588,-0.0007495119352824986
2026-03-25 21:37:33.156,0.16425278782844543,-0.09079860150814056,-0.13282540440559387,-0.0008992315852083266,0.0010937743354588747,-0.0008034551283344626
2026-03-25 21:37:33.158,0.15821611881256104,-0.09169266372919083,-0.1327695995569229,-0.0008526853634975851,0.0008591247606091201,-0.0007367399521172047
2026-03-25 21:37:33.160,0.14935897290706635,-0.09438993781805038,-0.13457822799682617,-0.0007638165261596441,0.0007579098455607891,-0.0009220148785971105
2026-03-25 21:37:33.162,0.14188700914382935,-0.10082273185253143,-0.13999243080615997,-0.000949516543187201,0.0007505464600399137,-0.0009085232159122825
2026-03-25 21:37:33.164,0.14774595201015472,-0.10294827818870544,-0.13418379426002502,-0.0008773108129389584,0.0005458099767565727,-0.0009174687438644469
2026-03-25 21:37:33.166,0.1431562900543213,-0.1022399514913559,-0.12883883714675903,-0.0007204434368759394,0.0007449258700944483,-0.0009032211382873356
2026-03-25 21:37:33.168,0.1477515995502472,-0.1000637635588646,-0.13567914068698883,-0.0007003996870480478,0.0006725907442159951,-0.0007601905963383615
2026-03-25 21:37:33.170,0.15884537994861603,-0.10375199466943741,-0.13851118087768555,-0.000891217845492065,0.0009563748608343303,-0.0008029346936382353
2026-03-25 21:37:33.172,0.15554195642471313,-0.09130285680294037,-0.1311381459236145,-0.0008497731178067625,0.0007922831573523581,-0.0007195767830125988
2026-03-25 21:37:33.174,0.16143810749053955,-0.09473996609449387,-0.13634571433067322,-0.0009108034428209066,0.0010591583559289575,-0.0008174792164936662
2026-03-25 21:37:33.176,0.1530081331729889,-0.09978988766670227,-0.13515762984752655,-0.001205567503347993,0.0006242160452529788,-0.0008780111675150692
2026-03-25 21:37:33.178,0.1465807855129242,-0.09750241786241531,-0.12319525331258774,-0.0009506794158369303,0.0008458071388304234,-0.0009236086625605822
2026-03-25 21:37:33.180,0.15176884829998016,-0.09935568273067474,-0.13073575496673584,-0.0007753477548249066,0.0008112928480841219,-0.0007089351420290768
2026-03-25 21:37:33.182,0.15257002413272858,-0.10056459903717041,-0.12389286607503891,-0.0010256466921418905,0.0009448142955079675,-0.0006844943854957819
2026-03-25 21:37:33.184,0.16062520444393158,-0.10079479217529297,-0.14114512503147125,-0.0009409616468474269,0.0009435186511836946,-0.0007561052334494889
2026-03-25 21:37:33.186,0.15385767817497253,-0.1008157730102539,-0.1325685977935791,-0.0010074848541989923,0.0008062867564149201,-0.0006429764325730503
2026-03-25 21:37:33.188,0.1536150872707367,-0.10106224566698074,-0.13976708054542542,-0.0009024264290928841,0.0008035193895921111,-0.0007946109399199486
2026-03-25 21:37:33.190,0.14777040481567383,-0.09594384580850601,-0.1384734958410263,-0.0008466158178634942,0.0009261653758585453,-0.0008552919025532901
2026-03-25 21:37:33.192,0.14535246789455414,-0.10160289704799652,-0.13340552151203156,-0.0007921156939119101,0.0007113970932550728,-0.0006964064086787403
2026-03-25 21:37:33.194,0.1465218961238861,-0.10774165391921997,-0.1400022953748703,-0.0005857102805748582,0.0008088480681180954,-0.0008213486871682107
2026-03-25 21:37:33.196,0.14537540078163147,-0.10706187784671783,-0.1318129152059555,-0.0008001248934306204,0.000782872608397156,-0.0007697889232076705
2026-03-25 21:37:33.198,0.15599796175956726,-0.10468589514493942,-0.1329851597547531,-0.000807419593911618,0.0007816413417458534,-0.0008618660503998399
2026-03-25 21:37:33.200,0.15148112177848816,-0.1051032692193985,-0.13471226394176483,-0.0009927968494594097,0.0008781561627984047,-0.0009961208561435342
2026-03-25 21:37:33.202,0.16032063961029053,-0.10370990633964539,-0.13584759831428528,-0.0008307113312184811,0.0008585571777075529,-0.0007021513301879168
2026-03-25 21:37:33.204,0.15561950206756592,-0.10425570607185364,-0.12422966212034225,-0.0009506298811174929,0.0008022533147595823,-0.000892088923137635
2026-03-25 21:37:33.206,0.1567693054676056,-0.0993473008275032,-0.12817321717739105,-0.0010525506222620606,0.0011334035079926252,-0.0006718324148096144
2026-03-25 21:37:33.208,0.15367279946804047,-0.10251776874065399,-0.12632031738758087,-0.000836959108710289,0.0008142241858877242,-0.0006374018848873675
2026-03-25 21:37:33.210,0.15753334760665894,-0.10885555297136307,-0.13717851042747498,-0.000845680944621563,0.0009390225168317556,-0.0008149335626512766
2026-03-25 21:37:33.212,0.15387727320194244,-0.11525075882673264,-0.13494087755680084,-0.0009367491584271193,0.0007521143998019397,-0.0008441501995548606
2026-03-25 21:37:33.214,0.15207403898239136,-0.11016731709241867,-0.14464901387691498,-0.0006337155355140567,0.0008667175425216556,-0.0007976565975695848
2026-03-25 21:37:33.216,0.14729391038417816,-0.11694855988025665,-0.14252716302871704,-0.0008233514963649213,0.0008993022493086755,-0.0009161378839053214
2026-03-25 21:37:33.218,0.14947812259197235,-0.1081637591123581,-0.13993145525455475,-0.0005811293376609683,0.000838932697661221,-0.0008342265500687063
2026-03-25 21:37:33.220,0.1434869021177292,-0.11784622073173523,-0.12425468862056732,-0.0008599974098615348,0.0009687391575425863,-0.0009411812061443925
2026-03-25 21:37:33.222,0.14640602469444275,-0.11289636790752411,-0.13758012652397156,-0.0008210851228795946,0.0009685424156486988,-0.000750692212022841
2026-03-25 21:37:33.224,0.1512911319732666,-0.11293569207191467,-0.12709130346775055,-0.0007763210451230407,0.0009696218185126781,-0.0006246929988265038
2026-03-25 21:37:33.226,0.16495217382907867,-0.11154016107320786,-0.12490230053663254,-0.0007497787592001259,0.0008970476919785142,-0.0007504909299314022
2026-03-25 21:37:33.228,0.1668618619441986,-0.10762270539999008,-0.1327875852584839,-0.0006594923324882984,0.0010532501619309187,-0.0006586125819012523
2026-03-25 21:37:33.230,0.1629272848367691,-0.11108282953500748,-0.12890151143074036,-0.0008358509512618184,0.0011186995543539524,-0.000691044784616679
2026-03-25 21:37:33.232,0.16100835800170898,-0.10885906964540482,-0.1368568241596222,-0.0007322741439566016,0.0009220067295245826,-0.0005633202963508666
2026-03-25 21:37:33.234,0.15521414577960968,-0.11002639681100845,-0.13211214542388916,-0.0008713100105524063,0.000907276407815516,-0.0007326113409362733
2026-03-25 21:37:33.236,0.15044951438903809,-0.11170827597379684,-0.12952807545661926,-0.0009288061410188675,0.0007180675165727735,-0.000875767320394516
2026-03-25 21:37:33.238,0.1526850312948227,-0.11286280304193497,-0.13569094240665436,-0.0005247573717497289,0.0008914524223655462,-0.0007170596509240568
2026-03-25 21:37:33.240,0.15365052223205566,-0.11791212856769562,-0.12804579734802246,-0.0005478305974975228,0.0008446414140053093,-0.00081655039684847
2026-03-25 21:37:33.242,0.15366318821907043,-0.11999442428350449,-0.13628600537776947,-0.0005535265663638711,0.0009503900073468685,-0.0007927671540528536
2026-03-25 21:37:33.244,0.15857061743736267,-0.11834929138422012,-0.1335856318473816,-0.0006269951118156314,0.0007562367827631533,-0.0007657877868041396
2026-03-25 21:37:33.246,0.15871794521808624,-0.11128327250480652,-0.13587041199207306,-0.0005849251756444573,0.0008551336941309273,-0.0006277724751271307
2026-03-25 21:37:33.248,0.15132775902748108,-0.11054524034261703,-0.13301436603069305,-0.000667985004838556,0.0008765305974520743,-0.0006710507441312075
2026-03-25 21:37:33.250,0.15147100389003754,-0.1105714663863182,-0.12970459461212158,-0.0009271691087633371,0.0009707917924970388,-0.0005627085920423269
2026-03-25 21:37:33.252,0.1505567580461502,-0.11006400734186172,-0.13044483959674835,-0.0009105115896090865,0.0007849149988032877,-0.0006372869247570634
2026-03-25 21:37:33.254,0.16926497220993042,-0.11181897670030594,-0.14725041389465332,-0.0006855104584246874,0.0010868649696931243,-0.0006187974940985441
2026-03-25 21:37:33.256,0.1571565866470337,-0.10322563350200653,-0.1381043791770935,-0.0009200375061482191,0.0009848159970715642,-0.0005335693131200969
2026-03-25 21:37:33.258,0.162489652633667,-0.10888514667749405,-0.1324804127216339,-0.0005836819182150066,0.000810014083981514,-0.0006339572137221694
2026-03-25 21:37:33.260,0.16306114196777344,-0.11200103908777237,-0.13258172571659088,-0.0008259390597231686,0.0010507593397051096,-0.0005901274271309376
2026-03-25 21:37:33.262,0.15053324401378632,-0.11105740070343018,-0.1378803700208664,-0.0007828181842342019,0.0009505987982265651,-0.0006850309437140822
2026-03-25 21:37:33.264,0.15237592160701752,-0.11005878448486328,-0.1320832371711731,-0.0008525247103534639,0.0009639335330575705,-0.0007099802023731172
2026-03-25 21:37:33.266,0.1395438313484192,-0.10002098232507706,-0.11998888850212097,-0.0009084752527996898,0.0007363948971033096,-0.0008224999182857573
2026-03-25 21:37:33.268,0.16580860316753387,-0.11479539424180984,-0.13978049159049988,-0.0008126461179926991,0.0008797083864919841,-0.0008744990336708724
2026-03-25 21:37:33.270,0.15087680518627167,-0.10769429802894592,-0.1323569118976593,-0.000771298713516444,0.0006531201652251184,-0.0006243920070119202
2026-03-25 21:37:33.272,0.15409217774868011,-0.10078950971364975,-0.13362592458724976,-0.0006657106569036841,0.0006735569331794977,-0.0008136361138895154
2026-03-25 21:37:33.274,0.16277873516082764,-0.10260941088199615,-0.14721514284610748,-0.0008285596850328147,0.0009910719236359,-0.0008196743438020349
2026-03-25 21:37:33.276,0.14950312674045563,-0.10057688504457474,-0.1237419992685318,-0.0009496183483861387,0.000764602271374315,-0.0007944742683321238
2026-03-25 21:37:33.278,0.15706123411655426,-0.11237827688455582,-0.12565705180168152,-0.000895288831088692,0.0008711908012628555,-0.0007674865191802382
2026-03-25 21:37:33.280,0.15508797764778137,-0.1044941321015358,-0.1351766288280487,-0.0007950486615300179,0.0007697809487581253,-0.0008953837095759809
2026-03-25 21:37:33.282,0.14933717250823975,-0.09946300089359283,-0.1320449560880661,-0.0009393198997713625,0.0006241395021788776,-0.0007452970021404326
2026-03-25 21:37:33.284,0.15756158530712128,-0.10394133627414703,-0.1389148086309433,-0.0008121072314679623,0.000963120604865253,-0.0007486598333343863
2026-03-25 21:37:33.286,0.15572170913219452,-0.10213746130466461,-0.13692477345466614,-0.000798392400611192,0.0010562442475929856,-0.0009990398539230227
2026-03-25 21:37:33.288,0.15226028859615326,-0.1051233634352684,-0.1281207650899887,-0.000996805727481842,0.0007582177058793604,-0.0007462811772711575
2026-03-25 21:37:33.290,0.15993739664554596,-0.10099992156028748,-0.1507672816514969,-0.0007168912561610341,0.0008956946549005806,-0.0007834056741558015
2026-03-25 21:37:33.292,0.1489371657371521,-0.09724796563386917,-0.1340027153491974,-0.0008081828709691763,0.0007893473957665265,-0.0007682779687456787
2026-03-25 21:37:33.294,0.14572341740131378,-0.09949591010808945,-0.14762921631336212,-0.0009070688975043595,0.0009043636382557452,-0.0006782652344554663
2026-03-25 21:37:33.297,0.1550115942955017,-0.09971104562282562,-0.14129510521888733,-0.0007914181333035231,0.0006695247720927,-0.0006525528151541948
2026-03-25 21:37:33.299,0.148326575756073,-0.10479994863271713,-0.13757187128067017,-0.0007832012488506734,0.0006745037389919162,-0.0007011780980974436
2026-03-25 21:37:33.301,0.1535341739654541,-0.10600163042545319,-0.12785764038562775,-0.000830827746540308,0.0009549767710268497,-0.0009603307698853314
2026-03-25 21:37:33.303,0.1546884924173355,-0.10091269016265869,-0.14056339859962463,-0.0008408007561229169,0.0008695697179064155,-0.0008336398750543594
2026-03-25 21:37:33.305,0.1612279862165451,-0.10123416036367416,-0.13599374890327454,-0.0010997160570695996,0.0009074803674593568,-0.0007866827072575688
2026-03-25 21:37:33.307,0.14347481727600098,-0.09416034072637558,-0.1398458033800125,-0.0008168357308022678,0.0009842592990025878,-0.0007955244509503245
2026-03-25 21:37:33.309,0.1523568481206894,-0.0897064357995987,-0.1463213711977005,-0.0011436536442488432,0.000857467413879931,-0.0007004013750702143
2026-03-25 21:37:33.311,0.15380631387233734,-0.09834624826908112,-0.13653263449668884,-0.0009798218961805105,0.0009063779725693166,-0.0006144816870801151
2026-03-25 21:37:33.312,0.1610855758190155,-0.10203799605369568,-0.15030419826507568,-0.0008234659908339381,0.001029278733767569,-0.0007836403674446046
2026-03-25 21:37:33.314,0.1452442854642868,-0.09891007095575333,-0.1284462809562683,-0.0008719706675037742,0.0007391221588477492,-0.0006930622039362788
2026-03-25 21:37:33.316,0.15114744007587433,-0.1042594462633133,-0.13780732452869415,-0.0007658184040337801,0.0007979618385434151,-0.0007713098893873394
2026-03-25 21:37:33.318,0.1431175023317337,-0.09858442097902298,-0.1431535929441452,-0.0006752261542715132,0.0008352362201549113,-0.0008013186743482947
2026-03-25 21:37:33.320,0.14490965008735657,-0.10163941234350204,-0.13236689567565918,-0.000857499660924077,0.0007081842049956322,-0.0006342536071315408
2026-03-25 21:37:33.322,0.15887269377708435,-0.09900394082069397,-0.13466358184814453,-0.0006555842119269073,0.0010390838142484426,-0.0008450885070487857
2026-03-25 21:37:33.324,0.15430068969726562,-0.09734387695789337,-0.12521538138389587,-0.0008654959383420646,0.0008509202161803842,-0.0007327466155402362
2026-03-25 21:37:33.326,0.16178655624389648,-0.09890254586935043,-0.13264289498329163,-0.0009052162058651447,0.0009621978970244527,-0.0007861185586079955
2026-03-25 21:37:33.328,0.15513256192207336,-0.09837620705366135,-0.12792280316352844,-0.0010112159652635455,0.0009040699806064367,-0.0008758878102526069
2026-03-25 21:37:33.330,0.1568596214056015,-0.10112583637237549,-0.13093705475330353,-0.0010096838232129812,0.0010860161855816841,-0.0006590296397916973
2026-03-25 21:37:33.332,0.15300779044628143,-0.09685393422842026,-0.12976400554180145,-0.0008507849997840822,0.0007015448645688593,-0.0008914427016861737
2026-03-25 21:37:33.334,0.15069909393787384,-0.1039685383439064,-0.14280717074871063,-0.0009118064190261066,0.0007497226470150054,-0.0009290978778153658
2026-03-25 21:37:33.336,0.146205335855484,-0.10515933483839035,-0.1350255012512207,-0.0009034816757775843,0.0006989403627812862,-0.0007738264393992722
2026-03-25 21:37:33.338,0.1551085114479065,-0.1063561886548996,-0.13855373859405518,-0.0007181786349974573,0.0008760591736063361,-0.0007411967380903661
2026-03-25 21:37:33.340,0.1452527791261673,-0.10946841537952423,-0.14805112779140472,-0.000822484667878598,0.0009543820633552969,-0.000834510603453964
2026-03-25 21:37:33.342,0.14834372699260712,-0.10464584827423096,-0.1270999312400818,-0.0008206752827391028,0.0009096777648665011,-0.0007791824173182249
2026-03-25 21:37:33.344,0.15375056862831116,-0.10593684017658234,-0.13361281156539917,-0.0009335344075225294,0.0006905939080752432,-0.0007555294432677329
2026-03-25 21:37:33.346,0.14723779261112213,-0.10600446164608002,-0.13842827081680298,-0.0008381792576983571,0.0008153041708283126,-0.0006673975149169564
2026-03-25 21:37:33.348,0.15303386747837067,-0.11174044758081436,-0.11636525392532349,-0.0008728827233426273,0.0009761576657183468,-0.0007429321412928402
2026-03-25 21:37:33.350,0.15487495064735413,-0.10158009827136993,-0.12841717898845673,-0.0006766616716049612,0.0007736575789749622,-0.0007908722618594766
2026-03-25 21:37:33.352,0.16347719728946686,-0.10582917183637619,-0.13020361959934235,-0.0006718991789966822,0.0009674294851720333,-0.0007120326044969261
2026-03-25 21:37:33.354,0.15683896839618683,-0.1053522601723671,-0.12869392335414886,-0.0009299169178120792,0.0008385421242564917,-0.0006890905206091702
2026-03-25 21:37:33.356,0.161201611161232,-0.09915245324373245,-0.12874799966812134,-0.0008722417405806482,0.001114304643124342,-0.0007069867569953203
2026-03-25 21:37:33.358,0.1601632833480835,-0.10029672086238861,-0.12245094031095505,-0.0007465685484930873,0.0008699805475771427,-0.000854223151691258
2026-03-25 21:37:33.360,0.15347173810005188,-0.105094313621521,-0.13487215340137482,-0.0006899099098518491,0.0006680756923742592,-0.0006380982231348753
2026-03-25 21:37:33.362,0.148638054728508,-0.11021552234888077,-0.1358758956193924,-0.0007548636640422046,0.0009736573556438088,-0.0006685972330160439
2026-03-25 21:37:33.364,0.1473836451768875,-0.11335655301809311,-0.13584275543689728,-0.0008438428631052375,0.0009407208999618888,-0.000715532514732331
2026-03-25 21:37:33.366,0.15572507679462433,-0.11783120036125183,-0.13402308523654938,-0.0007429543766193092,0.0009433850646018982,-0.0006442384328693151
2026-03-25 21:37:33.368,0.15322346985340118,-0.1121920645236969,-0.13981233537197113,-0.00059358129510656,0.0008441348327323794,-0.0007612723275087774
2026-03-25 21:37:33.370,0.1496940404176712,-0.11085399985313416,-0.132117360830307,-0.0007248707115650177,0.0008115062373690307,-0.0006195697351358831
2026-03-25 21:37:33.372,0.15600912272930145,-0.10668173432350159,-0.1305561512708664,-0.0006948414375074208,0.0010428732493892312,-0.0007458123145624995
2026-03-25 21:37:33.374,0.16130806505680084,-0.10660488903522491,-0.11903173476457596,-0.000925290456507355,0.0007873233407735825,-0.0006326763541437685
2026-03-25 21:37:33.376,0.1570683866739273,-0.10520437359809875,-0.12748286128044128,-0.0006245450349524617,0.001034281449392438,-0.0007456367602571845
2026-03-25 21:37:33.378,0.15961310267448425,-0.10563384741544724,-0.12037535756826401,-0.0007245033048093319,0.001028100261464715,-0.0007223238935694098
2026-03-25 21:37:33.380,0.16299821436405182,-0.11016084998846054,-0.12498467415571213,-0.0008526843157596886,0.0009627062827348709,-0.000849158619530499
2026-03-25 21:37:33.382,0.15972833335399628,-0.1049751490354538,-0.12686337530612946,-0.000796259380877018,0.0010861969785764813,-0.0007254175143316388
2026-03-25 21:37:33.384,0.14241351187229156,-0.10703792423009872,-0.12621843814849854,-0.0007336124544963241,0.0008506868616677821,-0.0007543749525211751
2026-03-25 21:37:33.386,0.15279269218444824,-0.11662551015615463,-0.13409067690372467,-0.0006708649452775717,0.0009301721584051847,-0.0007358667207881808
2026-03-25 21:37:33.388,0.1507379412651062,-0.11545657366514206,-0.1425803154706955,-0.0006655163015238941,0.0007892632274888456,-0.000766319571994245
2026-03-25 21:37:33.390,0.15763361752033234,-0.1151084378361702,-0.139995276927948,-0.0006462042219936848,0.0008275452419184148,-0.0008603204623796046
2026-03-25 21:37:33.392,0.1501425802707672,-0.11248701810836792,-0.13707217574119568,-0.0006116883596405387,0.0007697832188569009,-0.0008659057202748954
2026-03-25 21:37:33.394,0.15277685225009918,-0.10957201570272446,-0.14634402096271515,-0.0010220530675724149,0.0007719614077359438,-0.00047808641102164984
2026-03-25 21:37:33.396,0.15366137027740479,-0.1122831404209137,-0.13640956580638885,-0.0008043610723689198,0.0009653080487623811,-0.0006547250086441636
2026-03-25 21:37:33.398,0.14981883764266968,-0.10550384223461151,-0.12347352504730225,-0.0007097566849552095,0.0008431695168837905,-0.000795809319242835
2026-03-25 21:37:33.400,0.16082455217838287,-0.10827574133872986,-0.12969385087490082,-0.0007834878633730114,0.0011466840514913201,-0.0008248464437201619
2026-03-25 21:37:33.402,0.15746831893920898,-0.10240486264228821,-0.12480078637599945,-0.0009405710734426975,0.0009818230755627155,-0.0008373524178750813
2026-03-25 21:37:33.404,0.1681712567806244,-0.10465136170387268,-0.12976795434951782,-0.0007726058829575777,0.001312703243456781,-0.00046586969983763993
2026-03-25 21:37:33.407,0.16189219057559967,-0.10997801274061203,-0.12303967028856277,-0.0010189223103225231,0.0009180629276670516,-0.0007523245294578373
2026-03-25 21:37:33.409,0.15854690968990326,-0.10817919671535492,-0.13027791678905487,-0.000648033746983856,0.0009421599679626524,-0.000657961587421596
2026-03-25 21:37:33.411,0.14893147349357605,-0.10933180153369904,-0.12923526763916016,-0.0007070873398333788,0.0007855223957449198,-0.0007825007778592408
2026-03-25 21:37:33.413,0.1431947648525238,-0.11626673489809036,-0.14040546119213104,-0.0008162989979609847,0.0009724915726110339,-0.0006552803097292781
2026-03-25 21:37:33.415,0.14662668108940125,-0.11211183667182922,-0.13002917170524597,-0.0006286004208959639,0.000632168201263994,-0.0005648502265103161
2026-03-25 21:37:33.417,0.14883936941623688,-0.10751102864742279,-0.14031845331192017,-0.0008477417868562043,0.0007095360779203475,-0.0008305841474793851
2026-03-25 21:37:33.419,0.1546255648136139,-0.10814749449491501,-0.14763857424259186,-0.0007040967466309667,0.0010368818184360862,-0.0006399299018085003
2026-03-25 21:37:33.421,0.14682325720787048,-0.11055563390254974,-0.12677524983882904,-0.0007707255426794291,0.000987756298854947,-0.0007024353835731745
2026-03-25 21:37:33.423,0.15671274065971375,-0.10856764763593674,-0.12108797580003738,-0.0005672292318195105,0.0010111338924616575,-0.0009172039572149515
2026-03-25 21:37:33.425,0.1488008201122284,-0.10321036726236343,-0.1288241744041443,-0.0009104007040150464,0.000987146282568574,-0.0007573512266390026
2026-03-25 21:37:33.427,0.15976649522781372,-0.10132522881031036,-0.13361604511737823,-0.0009193546138703823,0.0009581646881997585,-0.0007785352063365281
2026-03-25 21:37:33.429,0.1597464680671692,-0.1040712222456932,-0.1261804699897766,-0.0010003598872572184,0.0008816869230940938,-0.000532866339199245
2026-03-25 21:37:33.431,0.16980279982089996,-0.10463825613260269,-0.13486351072788239,-0.0008121937280520797,0.0006365358713082969,-0.0007164283888414502
2026-03-25 21:37:33.433,0.1557997763156891,-0.11279676854610443,-0.12689116597175598,-0.0009727552533149719,0.0008323732763528824,-0.0006289866869337857
2026-03-25 21:37:33.435,0.15755608677864075,-0.11339704692363739,-0.12657274305820465,-0.0006714097107760608,0.0010007000528275967,-0.0008146693580783904
2026-03-25 21:37:33.437,0.14908568561077118,-0.10729536414146423,-0.1276925653219223,-0.0008732260321266949,0.0008041460532695055,-0.0007783970213495195
2026-03-25 21:37:33.439,0.14558756351470947,-0.10914469510316849,-0.13197587430477142,-0.0007382726180367172,0.0008022096590138972,-0.0007952293963171542
2026-03-25 21:37:33.441,0.15052483975887299,-0.10352681577205658,-0.15141171216964722,-0.0007340238662436604,0.0007256740354932845,-0.0006491326494142413
2026-03-25 21:37:33.443,0.1438954770565033,-0.11158676445484161,-0.14164312183856964,-0.00076212955173105,0.0007518709171563387,-0.0006774410139769316
2026-03-25 21:37:33.445,0.15267649292945862,-0.11460956931114197,-0.13821864128112793,-0.0007411300321109593,0.0007995019550435245,-0.0007167216972447932
2026-03-25 21:37:33.447,0.1400369107723236,-0.108401358127594,-0.12175225466489792,-0.0007491286960430443,0.0007910508429631591,-0.0007688842015340924
2026-03-25 21:37:33.449,0.15873681008815765,-0.10816407948732376,-0.1362358033657074,-0.0008618520805612206,0.0010837967274710536,-0.0009300867095589638
2026-03-25 21:37:33.451,0.1567820906639099,-0.10541049391031265,-0.13583362102508545,-0.0010210585314780474,0.0009454021928831935,-0.0006931554526090622
2026-03-25 21:37:33.453,0.16593968868255615,-0.1009896844625473,-0.131473109126091,-0.0007321196608245373,0.0008773178560659289,-0.0006844471790827811
2026-03-25 21:37:33.455,0.14988131821155548,-0.09610746055841446,-0.11823973059654236,-0.000790732039604336,0.0009211635333485901,-0.0009414235246367753
2026-03-25 21:37:33.457,0.16555827856063843,-0.09624305367469788,-0.14296872913837433,-0.0007664789445698261,0.0012202749494463205,-0.0007975753396749496
2026-03-25 21:37:33.459,0.16077184677124023,-0.09722564369440079,-0.13362812995910645,-0.0010375806596130133,0.0009197365143336356,-0.0006239866488613188
2026-03-25 21:37:33.461,0.15775378048419952,-0.10114060342311859,-0.13793930411338806,-0.0008974683587439358,0.0009212967124767601,-0.0006814041989855468
2026-03-25 21:37:33.463,0.1438179910182953,-0.10384944081306458,-0.1355522871017456,-0.0009157895110547543,0.0009073725086636841,-0.0008171905064955354
2026-03-25 21:37:33.465,0.14481043815612793,-0.1038023829460144,-0.13876868784427643,-0.0008880160166881979,0.0007768319919705391,-0.0006017123814672232
2026-03-25 21:37:33.467,0.14753428101539612,-0.11350815743207932,-0.1504497528076172,-0.0009936089627444744,0.0007107676356099546,-0.0006897802231833339
2026-03-25 21:37:33.469,0.1487942785024643,-0.11032167822122574,-0.13896964490413666,-0.0005499567487277091,0.0007413893472403288,-0.0007941012736409903
2026-03-25 21:37:33.471,0.15472036600112915,-0.10701002925634384,-0.1413109004497528,-0.0008483762503601611,0.0008685467182658613,-0.0006604762165807188
2026-03-25 21:37:33.473,0.14881597459316254,-0.09999263286590576,-0.13393723964691162,-0.0009426117176190019,0.0007461822824552655,-0.0007202776032499969
2026-03-25 21:37:33.475,0.16181732714176178,-0.09603282064199448,-0.14389698207378387,-0.0007990582962520421,0.0008788155973888934,-0.00085613684495911
2026-03-25 21:37:33.477,0.14041493833065033,-0.09248742461204529,-0.11829420179128647,-0.0011015861527994275,0.0004839467001147568,-0.0005998812848702073
2026-03-25 21:37:33.479,0.163823664188385,-0.10484456270933151,-0.13706426322460175,-0.0009514976991340518,0.0011255887802690268,-0.0007086661062203348
2026-03-25 21:37:33.481,0.1562071144580841,-0.09870477020740509,-0.11807319521903992,-0.0007989920559339225,0.0009639845229685307,-0.000799096014816314
2026-03-25 21:37:33.483,0.16200222074985504,-0.10094189643859863,-0.12184984236955643,-0.0008501412230543792,0.0010038475738838315,-0.0007736596744507551
2026-03-25 21:37:33.485,0.164075568318367,-0.10023536533117294,-0.1364673674106598,-0.0007374373381026089,0.0011849348666146398,-0.0009514439734630287
2026-03-25 21:37:33.487,0.16164368391036987,-0.0996350571513176,-0.13644152879714966,-0.0010645322035998106,0.0009947869693860412,-0.0007506274851039052
2026-03-25 21:37:33.489,0.15605425834655762,-0.10094447433948517,-0.14250725507736206,-0.0011580827413126826,0.0008294224389828742,-0.0005701667396351695
2026-03-25 21:37:33.491,0.13340896368026733,-0.10497942566871643,-0.1493849903345108,-0.0007126498967409134,0.0006909958319738507,-0.000940415367949754
2026-03-25 21:37:33.493,0.14236360788345337,-0.10791942477226257,-0.14529287815093994,-0.0006306991563178599,0.0008470176835544407,-0.0007798196165822446
2026-03-25 21:37:33.495,0.1285703331232071,-0.11056490987539291,-0.13741536438465118,-0.0007177892839536071,0.0005318712210282683,-0.0008603128953836858
2026-03-25 21:37:33.497,0.1531658172607422,-0.11018907278776169,-0.14451676607131958,-0.0007901463541202247,0.0009519121958874166,-0.0008180764270946383
2026-03-25 21:37:33.499,0.14817439019680023,-0.10185231268405914,-0.12310504168272018,-0.0010194550268352032,0.0008129133493639529,-0.0008709437097422779
2026-03-25 21:37:33.501,0.16635829210281372,-0.10304589569568634,-0.1309780478477478,-0.0009656053734943271,0.0010684129083529115,-0.0009333282359875739
2026-03-25 21:37:33.503,0.15290126204490662,-0.09967193752527237,-0.11688163876533508,-0.000784367963206023,0.0009414312080480158,-0.0009570271940901875
2026-03-25 21:37:33.505,0.1606140285730362,-0.09727228432893753,-0.117264024913311,-0.0010801920434460044,0.0010849523823708296,-0.0006898793508298695
2026-03-25 21:37:33.507,0.16184471547603607,-0.09412463754415512,-0.12199783325195312,-0.0009525067871436477,0.0009940810268744826,-0.0007495222962461412
2026-03-25 21:37:33.509,0.16495491564273834,-0.09708765894174576,-0.13371333479881287,-0.0008546097669750452,0.001184125430881977,-0.0008149233181029558
2026-03-25 21:37:33.511,0.15861999988555908,-0.10046663880348206,-0.13146574795246124,-0.0009649955318309367,0.0008634604746475816,-0.0007606016588397324
2026-03-25 21:37:33.513,0.14438030123710632,-0.10400928556919098,-0.14568284153938293,-0.0009198826155625284,0.0008645402849651873,-0.0005862840334884822
2026-03-25 21:37:33.515,0.151774063706398,-0.11135639250278473,-0.14772845804691315,-0.0006116665899753571,0.0006951377145014703,-0.0008966703317128122
2026-03-25 21:37:33.517,0.13427549600601196,-0.11035798490047455,-0.14374825358390808,-0.0006736576906405389,0.00045448492164723575,-0.0007038024486973882
2026-03-25 21:37:33.519,0.14693967998027802,-0.11599218845367432,-0.14200985431671143,-0.0005903491983190179,0.0007150269229896367,-0.0008406921406276524
2026-03-25 21:37:33.521,0.14411278069019318,-0.10604516416788101,-0.13481932878494263,-0.0006219785427674651,0.0006896548438817263,-0.0008484164136461914
2026-03-25 21:37:33.523,0.15613973140716553,-0.10568851232528687,-0.13709890842437744,-0.0009296674397774041,0.0008041014079935849,-0.0007634718785993755
2026-03-25 21:37:33.525,0.1604415774345398,-0.09879922866821289,-0.12213656306266785,-0.0007432958227582276,0.0009505549096502364,-0.0009069775696843863
2026-03-25 21:37:33.527,0.17285294830799103,-0.09818962216377258,-0.13454875349998474,-0.0008025157731026411,0.0008407714776694775,-0.0007635009824298322
2026-03-25 21:37:33.529,0.15764251351356506,-0.10169997066259384,-0.11955166608095169,-0.000748378224670887,0.000946435087826103,-0.0007521799416281283
2026-03-25 21:37:33.531,0.15805001556873322,-0.1025325357913971,-0.1260063499212265,-0.000767804216593504,0.0008536532986909151,-0.0006885122274979949
2026-03-25 21:37:33.533,0.15561692416667938,-0.10265994071960449,-0.12684156000614166,-0.0007534347241744399,0.000982570694759488,-0.0008193882531486452
2026-03-25 21:37:33.535,0.15492463111877441,-0.10694261640310287,-0.13815584778785706,-0.0006918604485690594,0.000875691941473633,-0.0008798310882411897
2026-03-25 21:37:33.537,0.14653635025024414,-0.10708112269639969,-0.13074377179145813,-0.000932056806050241,0.0009884322062134743,-0.0006666684057563543
2026-03-25 21:37:33.539,0.14784258604049683,-0.11417841166257858,-0.1509052813053131,-0.0007577168289572,0.0009431025828234851,-0.0009133404237218201
2026-03-25 21:37:33.541,0.15266913175582886,-0.1151590496301651,-0.1446956843137741,-0.0006667423294857144,0.0007073970627970994,-0.0008491029147990048
2026-03-25 21:37:33.543,0.14153963327407837,-0.10864266753196716,-0.14263737201690674,-0.0005591203225776553,0.0007936002220958471,-0.0007357021677307785
2026-03-25 21:37:33.545,0.14514970779418945,-0.10611516982316971,-0.13597041368484497,-0.0006273210165090859,0.0006852276856079698,-0.0007153896149247885
2026-03-25 21:37:33.547,0.15706393122673035,-0.10481669753789902,-0.1440361738204956,-0.0005596643313765526,0.000869888230226934,-0.000780816946644336
2026-03-25 21:37:33.549,0.1494707316160202,-0.1058741956949234,-0.13224804401397705,-0.0008121972787193954,0.0008120606653392315,-0.0007752402452751994
2026-03-25 21:37:33.551,0.1650913506746292,-0.10854469984769821,-0.14256800711154938,-0.0009368048631586134,0.0009572355775162578,-0.0005271198460832238
2026-03-25 21:37:33.553,0.17080847918987274,-0.11154042929410934,-0.123243048787117,-0.0005777928163297474,0.0009695170447230339,-0.0009171777055598795
2026-03-25 21:37:33.555,0.16244150698184967,-0.10656071454286575,-0.12326638400554657,-0.0008402169914916158,0.0009205909445881844,-0.0008375341421924531
2026-03-25 21:37:33.557,0.15836621820926666,-0.10182827711105347,-0.12401991337537766,-0.0008431324968114495,0.0009199033374898136,-0.0005489354371093214
2026-03-25 21:37:33.559,0.15684396028518677,-0.10323656350374222,-0.13763315975666046,-0.0008755275048315525,0.0008682956104166806,-0.0008355440804734826
2026-03-25 21:37:33.561,0.15386106073856354,-0.10676620155572891,-0.13162648677825928,-0.0009597914759069681,0.0006573216523975134,-0.0007958321366459131
2026-03-25 21:37:33.563,0.15129481256008148,-0.11125916987657547,-0.14052936434745789,-0.000735218171030283,0.0007715996471233666,-0.000559343839995563
2026-03-25 21:37:33.565,0.15992379188537598,-0.1210259199142456,-0.14950798451900482,-0.000659061421174556,0.0007995121995918453,-0.0008975605596788228
2026-03-25 21:37:33.567,0.14630845189094543,-0.11266286671161652,-0.13439710438251495,-0.0003813656512647867,0.0006954348646104336,-0.0009233782766386867
2026-03-25 21:37:33.569,0.14637821912765503,-0.11164196580648422,-0.13750465214252472,-0.0007610610336996615,0.0007118837093003094,-0.000569659227039665
2026-03-25 21:37:33.571,0.15037578344345093,-0.11371858417987823,-0.14355328679084778,-0.0006450659711845219,0.0007941526127979159,-0.0007621964323334396
2026-03-25 21:37:33.573,0.15572255849838257,-0.10600106418132782,-0.13942858576774597,-0.0008366412948817015,0.0006809694459661841,-0.0006367026944644749
2026-03-25 21:37:33.575,0.1606588512659073,-0.10221205651760101,-0.13115999102592468,-0.0007490349817089736,0.0008065490983426571,-0.0008342586224898696
2026-03-25 21:37:33.577,0.16690662503242493,-0.10927325487136841,-0.14511488378047943,-0.0006766862352378666,0.0011635979171842337,-0.001020724419504404
2026-03-25 21:37:33.579,0.15575967729091644,-0.10756413638591766,-0.1234213262796402,-0.0007919261115603149,0.001168974325992167,-0.0007522452506236732
2026-03-25 21:37:33.581,0.1522510051727295,-0.10600628703832626,-0.11917299777269363,-0.0009848993504419923,0.0008726444211788476,-0.0007732402300462127
2026-03-25 21:37:33.583,0.16104091703891754,-0.10514698177576065,-0.1318979561328888,-0.000786922057159245,0.0009399268892593682,-0.0009183447691611946
2026-03-25 21:37:33.585,0.15257884562015533,-0.10617165267467499,-0.1325044482946396,-0.0007564136758446693,0.0010005180956795812,-0.000723045552149415
2026-03-25 21:37:33.587,0.1534731239080429,-0.10531231760978699,-0.1281430870294571,-0.0006649151328019798,0.0008732124115340412,-0.0007649713079445064
2026-03-25 21:37:33.589,0.15929122269153595,-0.11344018578529358,-0.1475849449634552,-0.0005433910409919918,0.0009421436116099358,-0.0008410236914642155
2026-03-25 21:37:33.591,0.1419323980808258,-0.114414744079113,-0.15184225142002106,-0.0005438585649244487,0.000903125386685133,-0.0009677425259724259
2026-03-25 21:37:33.593,0.13198992609977722,-0.10910221189260483,-0.1426904946565628,-0.0007103270618245006,0.00064623705111444,-0.0007605806458741426
2026-03-25 21:37:33.595,0.14088615775108337,-0.1106935366988182,-0.1475714147090912,-0.0007005427614785731,0.0007631203625351191,-0.000736981921363622
2026-03-25 21:37:33.597,0.14483287930488586,-0.11188021302223206,-0.14063017070293427,-0.0007115075131878257,0.0007641198462806642,-0.0007566603599116206
2026-03-25 21:37:33.599,0.15491263568401337,-0.11054115742444992,-0.1247841939330101,-0.0006186784594319761,0.0008936628582887352,-0.0008599089342169464
2026-03-25 21:37:33.601,0.16233287751674652,-0.11268316954374313,-0.12727712094783783,-0.0007067473488859832,0.0008466387516818941,-0.0007247522007673979
2026-03-25 21:37:33.603,0.1620054990053177,-0.10683068633079529,-0.1260298639535904,-0.0007368546794168651,0.0011782437795773149,-0.0006799560505896807
2026-03-25 21:37:33.605,0.15780960023403168,-0.09442095458507538,-0.1207057386636734,-0.0009440188878215849,0.001030986662954092,-0.0006966996588744223
2026-03-25 21:37:33.607,0.16980652511119843,-0.10118880867958069,-0.13281404972076416,-0.0011892858892679214,0.0009337831870652735,-0.0007576245698146522
2026-03-25 21:37:33.609,0.1650523692369461,-0.09918861091136932,-0.12384537607431412,-0.0009342933772131801,0.0011871976312249899,-0.0006791040068492293
2026-03-25 21:37:33.611,0.15762294828891754,-0.10057511180639267,-0.13164283335208893,-0.0006972049595788121,0.000978728523477912,-0.0006200840580277145
2026-03-25 21:37:33.613,0.16333281993865967,-0.11100086569786072,-0.14456669986248016,-0.0005546447355300188,0.0007965847034938633,-0.0008234107517637312
2026-03-25 21:37:33.615,0.14209046959877014,-0.10700895637273788,-0.14989908039569855,-0.00048175541451200843,0.0004675692180171609,-0.0007871047710068524
2026-03-25 21:37:33.617,0.13404911756515503,-0.11311855912208557,-0.14100605249404907,-0.0007759094005450606,0.00073444057488814,-0.0007494566962122917
2026-03-25 21:37:33.619,0.13803821802139282,-0.11043433099985123,-0.15415695309638977,-0.0007324793259613216,0.0006429296336136758,-0.0008865601266734302
2026-03-25 21:37:33.621,0.1438853144645691,-0.10941006243228912,-0.15016256272792816,-0.0007422792259603739,0.0005582175799645483,-0.0008597452542744577
2026-03-25 21:37:33.623,0.15160323679447174,-0.10866452753543854,-0.1384289413690567,-0.0008084415458142757,0.0009228677372448146,-0.0007830482209101319
2026-03-25 21:37:33.625,0.16249705851078033,-0.10484938323497772,-0.13650768995285034,-0.0006258197827264667,0.001020493102259934,-0.0007353342371061444
2026-03-25 21:37:33.627,0.16289260983467102,-0.099708691239357,-0.12811963260173798,-0.0006371386116370559,0.0009924540063366294,-0.0008886729483492672
2026-03-25 21:37:33.629,0.15319660305976868,-0.09243596345186234,-0.11655192822217941,-0.0009958666050806642,0.0010218472452834249,-0.0008119684061966836
2026-03-25 21:37:33.631,0.1659012883901596,-0.0957527607679367,-0.12482313811779022,-0.0010111116571351886,0.0008930566837079823,-0.0006724567501805723
2026-03-25 21:37:33.633,0.1653314083814621,-0.0981290265917778,-0.12470206618309021,-0.0010148466099053621,0.0007461486384272575,-0.0008011177415028214
2026-03-25 21:37:33.635,0.15777373313903809,-0.10411985218524933,-0.13120101392269135,-0.0010179491946473718,0.0008657819125801325,-0.0008724879007786512
2026-03-25 21:37:33.637,0.1527235358953476,-0.10482123494148254,-0.13413405418395996,-0.0007897123578004539,0.0009582767961546779,-0.0009765747236087918
2026-03-25 21:37:33.639,0.14319628477096558,-0.10813785344362259,-0.13264347612857819,-0.0008554030791856349,0.0007381755858659744,-0.0008071413030847907
2026-03-25 21:37:33.641,0.15054185688495636,-0.10842451453208923,-0.1479625701904297,-0.0007923974189907312,0.0007063873345032334,-0.0008521503186784685
2026-03-25 21:37:33.643,0.14501097798347473,-0.10830748081207275,-0.15897215902805328,-0.0008551899227313697,0.0006902876775711775,-0.0009061507880687714
2026-03-25 21:37:33.645,0.14841969311237335,-0.10882851481437683,-0.14444425702095032,-0.0007372837280854583,0.0007210603798739612,-0.0008405378321185708
2026-03-25 21:37:33.647,0.13976141810417175,-0.1061793714761734,-0.13609367609024048,-0.0006582841160707176,0.0009690363076515496,-0.0008199019357562065
2026-03-25 21:37:33.649,0.144205704331398,-0.10228491574525833,-0.1296747773885727,-0.0009214537567459047,0.0006784348515793681,-0.0007019309559836984
2026-03-25 21:37:33.651,0.15532086789608002,-0.09891192615032196,-0.129616841673851,-0.0007907809922471642,0.0009710477897897363,-0.0007640764815732837
2026-03-25 21:37:33.653,0.15826697647571564,-0.09849987179040909,-0.12869417667388916,-0.0009131703991442919,0.0008682834450155497,-0.0007618521340191364
2026-03-25 21:37:33.656,0.16945703327655792,-0.09046828746795654,-0.12613418698310852,-0.0008913808851502836,0.0011607111664488912,-0.000819203385617584
2026-03-25 21:37:33.658,0.15775516629219055,-0.09388726204633713,-0.12981712818145752,-0.0008926860755309463,0.001131594879552722,-0.0007928786217235029
2026-03-25 21:37:33.660,0.1593061238527298,-0.09724557399749756,-0.13343940675258636,-0.0009777049999684095,0.0009594321018084884,-0.0008740780758671463
2026-03-25 21:37:33.662,0.14573925733566284,-0.10327085107564926,-0.1453874111175537,-0.0008117266115732491,0.0008788933046162128,-0.0009519648738205433
2026-03-25 21:37:33.664,0.13402719795703888,-0.10529696941375732,-0.14189274609088898,-0.0006997287855483592,0.0005996701074764132,-0.0007447698735632002
2026-03-25 21:37:33.666,0.14244750142097473,-0.10970929265022278,-0.14118199050426483,-0.0006133459974080324,0.000752618012484163,-0.0007344473269768059
2026-03-25 21:37:33.668,0.1510797142982483,-0.11675987392663956,-0.1462114006280899,-0.0005757880862802267,0.0007585054845549166,-0.0010640535037964582
2026-03-25 21:37:33.670,0.14782337844371796,-0.10983401536941528,-0.14026309549808502,-0.0006950526149012148,0.0008163279271684587,-0.0009223868837580085
2026-03-25 21:37:33.672,0.14542576670646667,-0.100822314620018,-0.1382886916399002,-0.0006646453985013068,0.0009747213334776461,-0.00074801902519539
2026-03-25 21:37:33.674,0.14949683845043182,-0.09622736275196075,-0.13943266868591309,-0.0007839039317332208,0.0008783788071013987,-0.0007784158224239945
2026-03-25 21:37:33.676,0.14908812940120697,-0.09445661306381226,-0.12963399291038513,-0.0008972063078545034,0.0010561828967183828,-0.0008186916820704937
2026-03-25 21:37:33.678,0.1645985096693039,-0.09975583851337433,-0.13457956910133362,-0.0006929538212716579,0.0009419538546353579,-0.0009482658933848143
2026-03-25 21:37:33.680,0.16557706892490387,-0.10299070179462433,-0.12001747637987137,-0.0008382256492041051,0.0010790706146508455,-0.0008092488860711455
2026-03-25 21:37:33.682,0.1639990657567978,-0.10540706664323807,-0.12189984321594238,-0.0009195804013870656,0.0009629054693505168,-0.0008764308877289295
2026-03-25 21:37:33.684,0.15653686225414276,-0.10500013083219528,-0.12651723623275757,-0.0007839985773898661,0.0007962515810504556,-0.0008453241316601634
2026-03-25 21:37:33.686,0.1558656096458435,-0.10110092908143997,-0.12819819152355194,-0.0008399094804190099,0.0007895906455814838,-0.0006097459699958563
2026-03-25 21:37:33.688,0.14435066282749176,-0.11194870620965958,-0.13639357686042786,-0.0009785129223018885,0.0008365024114027619,-0.0003988739917986095
2026-03-25 21:37:33.690,0.16778042912483215,-0.12773048877716064,-0.14905957877635956,-0.00016537854389753193,0.0011504233116284013,-0.000985167920589447
2026-03-25 21:37:33.692,0.14896225929260254,-0.1153336837887764,-0.12981276214122772,-0.0006378000252880156,0.0003321437689010054,-0.0006286761490628123
2026-03-25 21:37:33.694,0.14904440939426422,-0.11498481035232544,-0.15045888721942902,-0.0007204132270999253,0.0010196679504588246,-0.0008053194032981992
2026-03-25 21:37:33.696,0.15377682447433472,-0.11828333884477615,-0.1345975399017334,-0.00036167449434287846,0.001068373559974134,-0.0008383328677155077
2026-03-25 21:37:33.698,0.1360352635383606,-0.10206643491983414,-0.12442422658205032,-0.0008146229083649814,0.0006601817440241575,-0.0005270337569527328
2026-03-25 21:37:33.700,0.16212381422519684,-0.11905878782272339,-0.13297659158706665,-0.0007309563225135207,0.0009398631518706679,-0.0009312689653597772
2026-03-25 21:37:33.702,0.14910060167312622,-0.11333230137825012,-0.11777327209711075,-0.0008108641486614943,0.0009363503777422011,-0.000811259844340384
2026-03-25 21:37:33.704,0.15152563154697418,-0.10412954539060593,-0.12658850848674774,-0.0007873863796703517,0.0008486473234370351,-0.0006535043939948082
2026-03-25 21:37:33.706,0.15983450412750244,-0.12005414813756943,-0.12791138887405396,-0.0005355278262868524,0.001011829823255539,-0.0009233176242560148
2026-03-25 21:37:33.708,0.16010189056396484,-0.10894083976745605,-0.13733722269535065,-0.0007090331637300551,0.0008672936819493771,-0.0005890448810532689
2026-03-25 21:37:33.710,0.15676714479923248,-0.11397065222263336,-0.14647148549556732,-0.0004958671634085476,0.0008985704625956714,-0.0007326605264097452
2026-03-25 21:37:33.712,0.15173400938510895,-0.11173468083143234,-0.1222759410738945,-0.0006146178930066526,0.0006140891346149147,-0.0006774954381398857
2026-03-25 21:37:33.714,0.16114619374275208,-0.10601659119129181,-0.1441642791032791,-0.000797630229499191,0.0010270593920722604,-0.000597657635807991
2026-03-25 21:37:33.716,0.1365169882774353,-0.10635139793157578,-0.1276099532842636,-0.0008585434989072382,0.0006679203943349421,-0.0008610790828242898
2026-03-25 21:37:33.719,0.14629800617694855,-0.10804001986980438,-0.1400025635957718,-0.00109449727460742,0.0008733291761018336,-0.0004892752040177584
2026-03-25 21:37:33.721,0.13220934569835663,-0.11121997237205505,-0.14864838123321533,-0.0010122803505510092,0.0005692359991371632,-0.00012555753346532583
2026-03-25 21:37:33.723,0.08335582166910172,-0.15691104531288147,-0.15809713304042816,-0.00039314734749495983,-0.0004169727908447385,-0.00018419811385683715
2026-03-25 21:37:33.725,0.026683451607823372,-0.1892378181219101,-0.24207019805908203,0.00036653937422670424,-0.0009720223024487495,-0.00013935640163253993
2026-03-25 21:37:33.727,-0.052808184176683426,-0.17667093873023987,-0.23220530152320862,-0.00016077821783255786,-0.0018372548511251807,0.00014432534226216376
2026-03-25 21:37:33.729,-0.019585318863391876,-0.16249039769172668,-0.23444513976573944,-0.0005276005831547081,-0.0015043321764096618,0.0007590022869408131
2026-03-25 21:37:33.731,0.0021317447535693645,-0.17772188782691956,-0.21870730817317963,-2.994127498823218e-05,-0.0017664636252447963,0.0006089942762628198
2026-03-25 21:37:33.733,-0.018504563719034195,-0.19944332540035248,-0.22852450609207153,0.0004611864569596946,-0.0015654624439775944,0.00019060701015405357
2026-03-25 21:37:33.735,-0.055160537362098694,-0.1844950020313263,-0.2443884313106537,0.00026723742485046387,-0.0021324048284441233,0.00022482195345219225
2026-03-25 21:37:33.737,-0.013778277672827244,-0.15843026340007782,-0.2515506148338318,-6.154954462544993e-05,-0.001769942813552916,-0.00020101065456401557
2026-03-25 21:37:33.739,0.05123245716094971,-0.13681435585021973,-0.20328044891357422,-0.0006494217086583376,-0.0004709839995484799,-0.00041107667493633926
2026-03-25 21:37:33.741,0.10238619893789291,-0.10504698008298874,-0.15665853023529053,-0.000763865071348846,0.00017425516853109002,-0.0007480140193365514
2026-03-25 21:37:33.743,0.13101156055927277,-0.09004726260900497,-0.14107084274291992,-0.0008414002950303257,0.000495891843456775,-0.0010598126100376248
2026-03-25 21:37:33.745,0.1271163374185562,-0.07390041649341583,-0.14995960891246796,-0.0010104510001838207,4.9635651521384716e-05,-0.0010578454239293933
2026-03-25 21:37:33.747,0.13648253679275513,-0.06795605272054672,-0.15306054055690765,-0.0011125989258289337,0.0005591352819465101,-0.0015118313021957874
2026-03-25 21:37:33.749,0.15893103182315826,-0.049518682062625885,-0.1111544668674469,-0.0013654085341840982,0.0011306756641715765,-0.0015559253515675664
2026-03-25 21:37:33.750,0.20969335734844208,-0.031115517020225525,-0.09418439865112305,-0.0013878459576517344,0.0014485071878880262,-0.0015669285785406828
2026-03-25 21:37:33.752,0.21985875070095062,-0.02952289581298828,-0.09442862123250961,-0.0016772771487012506,0.0017500120447948575,-0.0014341154601424932
2026-03-25 21:37:33.754,0.1803152859210968,-0.033831022679805756,-0.10870415717363358,-0.001261346973478794,0.0011407856363803148,-0.001651913276873529
2026-03-25 21:37:33.756,0.14785543084144592,-0.04562986269593239,-0.13387207686901093,-0.0010280943242833018,0.0010010625701397657,-0.0018121864413842559
2026-03-25 21:37:33.758,0.16207751631736755,-0.040617894381284714,-0.12554684281349182,-0.0013324085157364607,0.001001126947812736,-0.0015908780042082071
2026-03-25 21:37:33.760,0.20288565754890442,-0.022420847788453102,-0.12259261310100555,-0.0016890765400603414,0.0018590434920042753,-0.0013668176252394915
2026-03-25 21:37:33.762,0.21498382091522217,-0.03225200995802879,-0.09649360924959183,-0.0016930090496316552,0.0016749260248616338,-0.0016624584095552564
2026-03-25 21:37:33.764,0.20812183618545532,-0.046014659106731415,-0.1094881221652031,-0.0011166265467181802,0.001277323579415679,-0.0016426919028162956
2026-03-25 21:37:33.766,0.17561179399490356,-0.04799230396747589,-0.11162704974412918,-0.0011887768050655723,0.001000677701085806,-0.0017326920060440898
2026-03-25 21:37:33.768,0.17377765476703644,-0.03751947730779648,-0.11799637973308563,-0.0016205613501369953,0.001292406115680933,-0.0014341094065457582
2026-03-25 21:37:33.770,0.1880350559949875,-0.035626549273729324,-0.1090579405426979,-0.0017868175636976957,0.001647540950216353,-0.0014705813955515623
2026-03-25 21:37:33.772,0.21124844253063202,-0.03816859424114227,-0.09864231199026108,-0.0011770084965974092,0.0015150094404816628,-0.0016017467714846134
2026-03-25 21:37:33.774,0.19101278483867645,-0.038908228278160095,-0.09934902936220169,-0.0012879716232419014,0.0013585148844867945,-0.0013847827212885022
2026-03-25 21:37:33.776,0.17711780965328217,-0.03802766278386116,-0.10044527798891068,-0.0014753644354641438,0.0013302284060046077,-0.0012984360801056027
2026-03-25 21:37:33.778,0.16674485802650452,-0.03748998045921326,-0.08871376514434814,-0.0014155054232105613,0.0011265582870692015,-0.0013713084626942873
2026-03-25 21:37:33.780,0.1910303235054016,-0.03989701345562935,-0.10790703445672989,-0.0016468943795189261,0.001397749874740839,-0.0013438955647870898
2026-03-25 21:37:33.782,0.19579097628593445,-0.035504188388586044,-0.08802315592765808,-0.0015664550010114908,0.001558509306050837,-0.0011802546214312315
2026-03-25 21:37:33.784,0.2007027566432953,-0.04510194808244705,-0.08997590839862823,-0.0013572878669947386,0.0014023289550095797,-0.0012956478167325258
2026-03-25 21:37:33.786,0.19469599425792694,-0.06025979667901993,-0.10386406630277634,-0.0012260780204087496,0.0013809152878820896,-0.0011505706934258342
2026-03-25 21:37:33.788,0.16916771233081818,-0.06279732286930084,-0.12262924760580063,-0.0013333162060007453,0.0011306552914902568,-0.0010244966251775622
2026-03-25 21:37:33.789,0.1484231799840927,-0.06622527539730072,-0.12735946476459503,-0.0014809794956818223,0.0008536649984307587,-0.0009183715446852148
2026-03-25 21:37:33.791,0.16451695561408997,-0.0856630727648735,-0.1250946968793869,-0.0013452459825202823,0.0009884629398584366,-0.0007544602267444134
2026-03-25 21:37:33.793,0.15698257088661194,-0.0994219183921814,-0.12871865928173065,-0.0011361216893419623,0.0008239597082138062,-0.0006909889634698629
2026-03-25 21:37:33.795,0.12125293910503387,-0.10336746275424957,-0.11591601371765137,-0.0008865341078490019,0.0005472147022373974,-0.0005321557982824743
2026-03-25 21:37:33.797,0.11484507471323013,-0.10797068476676941,-0.1267806887626648,-0.0007715591927990317,0.00040425622137263417,-0.000515695777721703
2026-03-25 21:37:33.799,0.1236889660358429,-0.11631254851818085,-0.13494262099266052,-0.0008269241661764681,0.0004951840965077281,-0.00029510195599868894
2026-03-25 21:37:33.801,0.10645084083080292,-0.12205573171377182,-0.12024262547492981,-0.0007781086605973542,7.07439030520618e-05,-9.857090481091291e-05
2026-03-25 21:37:33.803,0.09901612997055054,-0.1336943656206131,-0.12826262414455414,-0.0004533212922979146,0.0002022873522946611,-0.00012269291619304568
2026-03-25 21:37:33.805,0.10061266273260117,-0.1417502462863922,-0.13443851470947266,-0.0003155910817440599,8.842746319714934e-05,-0.0003906017227564007
2026-03-25 21:37:33.807,0.11446426808834076,-0.12325676530599594,-0.1298886239528656,-0.0007014343282207847,0.00024974599364213645,-0.00024051338550634682
2026-03-25 21:37:33.809,0.1356697678565979,-0.12190859019756317,-0.11368031054735184,-0.0007118032081052661,0.0005196219426579773,-0.00017185899196192622
2026-03-25 21:37:33.811,0.1581433266401291,-0.13284903764724731,-0.10130614042282104,-0.0004520152579061687,0.0008218921720981598,-0.0005114812520332634
2026-03-25 21:37:33.813,0.17217865586280823,-0.12422336637973785,-0.10216476768255234,-0.0004856238083448261,0.0012329567689448595,-0.0007329561631195247
2026-03-25 21:37:33.815,0.18195733428001404,-0.11207227408885956,-0.08139200508594513,-0.0007649490144103765,0.0013868670212104917,-0.0006840551504865289
2026-03-25 21:37:33.817,0.1964377909898758,-0.10360369086265564,-0.08107848465442657,-0.000841165310703218,0.0015972601249814034,-0.0006379003752954304
2026-03-25 21:37:33.819,0.18174560368061066,-0.11197634041309357,-0.083111971616745,-0.000688159663695842,0.0014138399856165051,-0.0008348191622644663
2026-03-25 21:37:33.821,0.1763843148946762,-0.11823256313800812,-0.08420964330434799,-0.000593268487136811,0.0013691246276721358,-0.0008821123628877103
2026-03-25 21:37:33.823,0.18510976433753967,-0.11101529747247696,-0.0679338276386261,-0.0007339593139477074,0.0013006122317165136,-0.0005763897206634283
2026-03-25 21:37:33.825,0.19487856328487396,-0.09956768155097961,-0.07337940484285355,-0.0006518198060803115,0.0014311297563835979,-0.0004169151943642646
2026-03-25 21:37:33.827,0.18591688573360443,-0.10633973777294159,-0.07754926383495331,-0.0006399821722880006,0.0014573739608749747,-0.0007415323634631932
2026-03-25 21:37:33.829,0.1744641661643982,-0.10785499960184097,-0.07498316466808319,-0.0008512251079082489,0.001261854195035994,-0.0007488619303330779
2026-03-25 21:37:33.831,0.18452949821949005,-0.10700511187314987,-0.0831662267446518,-0.0009069258812814951,0.0012187996180728078,-0.0006112503469921649
2026-03-25 21:37:33.833,0.18603649735450745,-0.10807027667760849,-0.08226435631513596,-0.0010146923596039414,0.0010383464395999908,-0.0008171008084900677
2026-03-25 21:37:33.835,0.19069209694862366,-0.1077706441283226,-0.08176252990961075,-0.0007480657077394426,0.0014721931656822562,-0.0005799462087452412
2026-03-25 21:37:33.837,0.19794096052646637,-0.11842543631792068,-0.07587961852550507,-0.0006463301251642406,0.0013748497003689408,-0.0009579279576428235
2026-03-25 21:37:33.839,0.1924576759338379,-0.1138351783156395,-0.07915042340755463,-0.0006221834337338805,0.0012860676506534219,-0.0009426631731912494
2026-03-25 21:37:33.841,0.18867509067058563,-0.10767049342393875,-0.08666481822729111,-0.0008191238157451153,0.0015460107242688537,-0.0006015892140567303
2026-03-25 21:37:33.844,0.18561133742332458,-0.10314147919416428,-0.0773327574133873,-0.0007247995235957205,0.0015498732682317495,-0.0005939757102169096
2026-03-25 21:37:33.846,0.19821715354919434,-0.11144538968801498,-0.07232379913330078,-0.0005518030957318842,0.001357502769678831,-0.0009215057361871004
2026-03-25 21:37:33.848,0.1904568076133728,-0.10926138609647751,-0.068512462079525,-0.0008286598604172468,0.0011959630064666271,-0.0007613524794578552
2026-03-25 21:37:33.850,0.1861046403646469,-0.10047480463981628,-0.06923098862171173,-0.0007593340124003589,0.0014038525987416506,-0.0005830953014083207
2026-03-25 21:37:33.852,0.1853887438774109,-0.10244351625442505,-0.06423595547676086,-0.0008326179813593626,0.001240801066160202,-0.0004951910814270377
2026-03-25 21:37:33.854,0.17294619977474213,-0.10715241730213165,-0.06533171981573105,-0.0007777709979563951,0.001190711511299014,-0.0005216223653405905
2026-03-25 21:37:33.856,0.1804882138967514,-0.11237017065286636,-0.07434666901826859,-0.0006972191040404141,0.001354486565105617,-0.0008439952507615089
2026-03-25 21:37:33.858,0.19180969893932343,-0.1118602305650711,-0.07207007706165314,-0.0006759638781659305,0.00139978202059865,-0.0006473349640145898
2026-03-25 21:37:33.860,0.19943282008171082,-0.10757800936698914,-0.06187283992767334,-0.0008375956094823778,0.0015883388696238399,-0.0006044713081791997
2026-03-25 21:37:33.862,0.17791812121868134,-0.10765761137008667,-0.07065509259700775,-0.0006670946604572237,0.0015256138285622,-0.0006593120051547885
2026-03-25 21:37:33.864,0.17734050750732422,-0.11641956120729446,-0.07414394617080688,-0.0008930830517783761,0.001333441468887031,-0.0007471214630641043
2026-03-25 21:37:33.866,0.18402308225631714,-0.11174220591783524,-0.07836468517780304,-0.000744116201531142,0.0013661023695021868,-0.0006017926498316228
2026-03-25 21:37:33.868,0.1933920979499817,-0.1127411276102066,-0.06706994771957397,-0.00085206120274961,0.0014438178623095155,-0.0006176677998155355
2026-03-25 21:37:33.870,0.1942805051803589,-0.11739090085029602,-0.05899418890476227,-0.0007645865553058684,0.001519097713753581,-0.0007062110234983265
2026-03-25 21:37:33.872,0.1864970475435257,-0.10851867496967316,-0.06748970597982407,-0.0006531972903758287,0.001489950460381806,-0.0006803252035751939
2026-03-25 21:37:33.874,0.16925305128097534,-0.10856030881404877,-0.07430659234523773,-0.0006679650396108627,0.0013139137299731374,-0.0004296725383028388
2026-03-25 21:37:33.876,0.1730436384677887,-0.11269234865903854,-0.07589353621006012,-0.000779912224970758,0.0013143016258254647,-0.0006807069876231253
2026-03-25 21:37:33.878,0.18515391647815704,-0.11462842673063278,-0.06788739562034607,-0.0007702747243456542,0.0014949697069823742,-0.0006916201091371477
2026-03-25 21:37:33.880,0.19032029807567596,-0.11145304143428802,-0.05124396085739136,-0.0006984592764638364,0.001491305883973837,-0.0007256048847921193
2026-03-25 21:37:33.882,0.18128231167793274,-0.11703090369701385,-0.05805443972349167,-0.0007240839768201113,0.0013437486486509442,-0.0006177703617140651
2026-03-25 21:37:33.884,0.1763850599527359,-0.1203090101480484,-0.07376179099082947,-0.0007541123777627945,0.0012515588896349072,-0.0007331604138016701
2026-03-25 21:37:33.886,0.18192660808563232,-0.11911579221487045,-0.07474519312381744,-0.0007121365051716566,0.0014062997652217746,-0.0006320622633211315
2026-03-25 21:37:33.888,0.19955681264400482,-0.11860653012990952,-0.06878504902124405,-0.0007632788619957864,0.0014616253320127726,-0.00047712400555610657
2026-03-25 21:37:33.890,0.20408038794994354,-0.11882180720567703,-0.0543426014482975,-0.0006492299144156277,0.0013093894813209772,-0.0007722500013187528
2026-03-25 21:37:33.892,0.18359911441802979,-0.12926116585731506,-0.0732048898935318,-0.00058091024402529,0.001249208115041256,-0.0007623863057233393
2026-03-25 21:37:33.894,0.16870850324630737,-0.12226264178752899,-0.07635010778903961,-0.000584316672757268,0.0011922770645469427,-0.0006644159439019859
2026-03-25 21:37:33.896,0.1721360981464386,-0.12195494025945663,-0.07548221945762634,-0.0008064573630690575,0.0014983456349000335,-0.0006092548719607294
2026-03-25 21:37:33.898,0.1890910118818283,-0.11891890317201614,-0.057588428258895874,-0.0007479592459276319,0.0014118325198069215,-0.0006342928390949965
2026-03-25 21:37:33.900,0.19865162670612335,-0.12524722516536713,-0.0557205006480217,-0.000652075803373009,0.00136021978687495,-0.000686264771502465
2026-03-25 21:37:33.902,0.18175825476646423,-0.12424607574939728,-0.05076909065246582,-0.0003108709352090955,0.0014341729693114758,-0.0008232490508817136
2026-03-25 21:37:33.904,0.1676536500453949,-0.1261092573404312,-0.05884699150919914,-0.0003915162233170122,0.0011110876221209764,-0.000788520323112607
2026-03-25 21:37:33.906,0.171570286154747,-0.11490737646818161,-0.07520385831594467,-0.0004077857593074441,0.001137945451773703,-0.0007214168435893953
2026-03-25 21:37:33.908,0.18342898786067963,-0.11350397765636444,-0.06310933083295822,-0.00042847462464123964,0.0011495169019326568,-0.0007335119880735874
2026-03-25 21:37:33.910,0.18784326314926147,-0.11914235353469849,-0.06504906713962555,-0.0004332870594225824,0.0014017379144206643,-0.0007653951179236174
2026-03-25 21:37:33.912,0.18423914909362793,-0.11968908458948135,-0.06846148520708084,-0.0003765745786949992,0.0014025273267179728,-0.0007241618004627526
2026-03-25 21:37:33.914,0.178652822971344,-0.12080082297325134,-0.07880957424640656,-0.0003993389254901558,0.0012181513011455536,-0.0007938813650980592
2026-03-25 21:37:33.916,0.1770700365304947,-0.1207229420542717,-0.07294125109910965,-0.0006008236669003963,0.0012430130736902356,-0.0008452602778561413
2026-03-25 21:37:33.918,0.18500229716300964,-0.12258618324995041,-0.07063823193311691,-0.0005584033206105232,0.0013912258436903358,-0.0008359802886843681
2026-03-25 21:37:33.920,0.1927371621131897,-0.11741592735052109,-0.06163409352302551,-0.0005044813733547926,0.0014359456254169345,-0.000835695827845484
2026-03-25 21:37:33.922,0.1871793270111084,-0.11821647733449936,-0.055705565959215164,-0.0002949389163404703,0.0012315812055021524,-0.0008880982641130686
2026-03-25 21:37:33.924,0.17643789947032928,-0.11498009413480759,-0.06745326519012451,-0.0003653481835499406,0.0013718302361667156,-0.0006801944691687822
2026-03-25 21:37:33.926,0.17288166284561157,-0.11290773004293442,-0.07899360358715057,-0.0007049688720144331,0.0011834325268864632,-0.0006995105650275946
2026-03-25 21:37:33.928,0.186507448554039,-0.10280321538448334,-0.0695139467716217,-0.0007394905551336706,0.0012206390965729952,-0.0005867510917596519
2026-03-25 21:37:33.930,0.1947709172964096,-0.10829271376132965,-0.06099945306777954,-0.0007296895491890609,0.0012893619714304805,-0.0008149655186571181
2026-03-25 21:37:33.932,0.19017285108566284,-0.11014778912067413,-0.0646909773349762,-0.0006416788673959672,0.0013203102862462401,-0.0008094296208582819
2026-03-25 21:37:33.934,0.17744719982147217,-0.11104429513216019,-0.07230798155069351,-0.000691158464178443,0.0011640428565442562,-0.0007992098107933998
2026-03-25 21:37:33.936,0.17688003182411194,-0.10421938449144363,-0.07266761362552643,-0.0006571406265720725,0.0011772728757932782,-0.0008930464973673224
2026-03-25 21:37:33.938,0.1781884878873825,-0.10137221217155457,-0.0622987225651741,-0.0008335270686075091,0.0013792513636872172,-0.0007956200279295444
2026-03-25 21:37:33.940,0.18790000677108765,-0.09975112974643707,-0.06606348603963852,-0.0009875198593363166,0.0015585508663207293,-0.0007871163543313742
2026-03-25 21:37:33.942,0.18612611293792725,-0.10141643136739731,-0.08579500019550323,-0.0009613177389837801,0.0012990646064281464,-0.0006753530469723046
2026-03-25 21:37:33.944,0.17709986865520477,-0.10116463154554367,-0.07983008027076721,-0.0009564554202370346,0.0011634964030236006,-0.0009798826649785042
2026-03-25 21:37:33.946,0.1761714369058609,-0.09429384022951126,-0.07978224009275436,-0.0008119660196825862,0.0011975903762504458,-0.0007221265695989132
2026-03-25 21:37:33.948,0.1845773607492447,-0.09427980333566666,-0.07046185433864594,-0.001100987079553306,0.0013409429229795933,-0.0007454077713191509
2026-03-25 21:37:33.950,0.18332234025001526,-0.08548086136579514,-0.0706092119216919,-0.0010774993570521474,0.0013619286473840475,-0.0008235009736381471
2026-03-25 21:37:33.952,0.1794162094593048,-0.08503551781177521,-0.0723605677485466,-0.000918124511372298,0.0011978286784142256,-0.0008195469854399562
2026-03-25 21:37:33.954,0.17262183129787445,-0.0955069437623024,-0.07157541066408157,-0.000960635079536587,0.0012960376916453242,-0.0008170722867362201
2026-03-25 21:37:33.956,0.16435880959033966,-0.0876995176076889,-0.07977651059627533,-0.0011083949357271194,0.0013737754197791219,-0.0010247075697407126
2026-03-25 21:37:33.959,0.16964350640773773,-0.0857398584485054,-0.06948120892047882,-0.0010267056059092283,0.0012103152694180608,-0.0008487404556944966
2026-03-25 21:37:33.960,0.18440982699394226,-0.08357731252908707,-0.06870949268341064,-0.0011503857094794512,0.001313919317908585,-0.0008161251316778362
2026-03-25 21:37:33.963,0.18301112949848175,-0.08675944060087204,-0.07425050437450409,-0.0012187400134280324,0.001392702804878354,-0.0007695105159655213
2026-03-25 21:37:33.965,0.17411720752716064,-0.08438382297754288,-0.06928747147321701,-0.0010039187036454678,0.0010190020548179746,-0.0008084020228125155
2026-03-25 21:37:33.967,0.16738243401050568,-0.088008351624012,-0.08302921801805496,-0.0010232253698632121,0.0009496211423538625,-0.0007346027414314449
2026-03-25 21:37:33.968,0.15546490252017975,-0.09312435984611511,-0.106101393699646,-0.0011264540953561664,0.0005038011004216969,-0.0007496516918763518
2026-03-25 21:37:33.970,0.11145182698965073,-0.10406649857759476,-0.1187850758433342,-0.0010941297514364123,0.00028914446011185646,-0.0003547685919329524
2026-03-25 21:37:33.972,0.0794091746211052,-0.11979273706674576,-0.13691815733909607,-0.0006730166496708989,-0.0004231765051372349,-0.00026078952942043543
2026-03-25 21:37:33.974,0.05770581215620041,-0.13518421351909637,-0.14366304874420166,-0.00024115813721437007,-0.0008058074163272977,-0.00044746045023202896
2026-03-25 21:37:33.976,0.04667935520410538,-0.1444658786058426,-0.15090757608413696,-0.00038391482667066157,-0.0009300870005972683,-0.00041226542089134455
2026-03-25 21:37:33.978,0.05654538795351982,-0.1301729381084442,-0.14845770597457886,-0.0004625582951121032,-0.0005378391942940652,-0.00027310685254633427
2026-03-25 21:37:33.980,0.06370339542627335,-0.1222136989235878,-0.1384608894586563,-0.0007099129143171012,-0.0005882077966816723,-0.00041769674862734973
2026-03-25 21:37:33.982,0.0771888867020607,-0.11932826787233353,-0.14596250653266907,-0.0007224276778288186,-0.00061077403370291,-0.0004743361787404865
2026-03-25 21:37:33.984,0.09459874778985977,-0.10520074516534805,-0.13360460102558136,-0.0007110768347047269,-0.00035553850466385484,-0.0007281607831828296
2026-03-25 21:37:33.986,0.1168748214840889,-0.09255282580852509,-0.11631079018115997,-0.0009144684299826622,-5.7978522818302736e-05,-0.0008454943890683353
2026-03-25 21:37:33.988,0.14591459929943085,-0.08404361456632614,-0.10839054733514786,-0.0011411512969061732,0.000305260211462155,-0.0009440653375349939
2026-03-25 21:37:33.990,0.15601296722888947,-0.06737836450338364,-0.10253451019525528,-0.0009808276081457734,0.0007581770769320428,-0.0012596638407558203
2026-03-25 21:37:33.992,0.16069823503494263,-0.05464911088347435,-0.08908390253782272,-0.001293425913900137,0.001051277038641274,-0.0012920703738927841
2026-03-25 21:37:33.994,0.17727568745613098,-0.04969741404056549,-0.07158046960830688,-0.001485068816691637,0.0012714434415102005,-0.0013337582349777222
2026-03-25 21:37:33.996,0.1982700526714325,-0.04486806318163872,-0.07104930281639099,-0.0013761242153123021,0.0013277293182909489,-0.001478800317272544
2026-03-25 21:37:33.998,0.19814079999923706,-0.04250091314315796,-0.06565036624670029,-0.0016167188296094537,0.0011979624396190047,-0.0013550715520977974
2026-03-25 21:37:34.000,0.19335533678531647,-0.04081415757536888,-0.07554668933153152,-0.0014756090240553021,0.0015293186297640204,-0.0013203403213992715
2026-03-25 21:37:34.002,0.19131946563720703,-0.05158548057079315,-0.06808492541313171,-0.0012938713189214468,0.0013129310682415962,-0.0013849508250132203
2026-03-25 21:37:34.004,0.192391037940979,-0.0510748066008091,-0.0725177749991417,-0.0011965057346969843,0.0014573390362784266,-0.001348197809420526
2026-03-25 21:37:34.006,0.1777038276195526,-0.046776603907346725,-0.0539403110742569,-0.0013733665691688657,0.0011121806455776095,-0.001323106000199914
2026-03-25 21:37:34.008,0.20238511264324188,-0.050512123852968216,-0.06470158696174622,-0.001398059306666255,0.0013582397950813174,-0.0010887018870562315
2026-03-25 21:37:34.010,0.2021828144788742,-0.05933520570397377,-0.07817686349153519,-0.001034627784974873,0.0013272740179672837,-0.0013749131467193365
2026-03-25 21:37:34.012,0.19267798960208893,-0.05737088993191719,-0.06849824637174606,-0.0013471285346895456,0.001352393883280456,-0.001252643414773047
2026-03-25 21:37:34.014,0.19585685431957245,-0.06166471913456917,-0.07312874495983124,-0.0014289739774540067,0.0011942749843001366,-0.0010493187000975013
2026-03-25 21:37:34.016,0.18911249935626984,-0.0653749480843544,-0.07536682486534119,-0.0013788259821012616,0.0012997653102502227,-0.0012152785202488303
2026-03-25 21:37:34.018,0.1781342625617981,-0.07415859401226044,-0.0777316465973854,-0.001243807259015739,0.0011647914070636034,-0.0010114681208506227
2026-03-25 21:37:34.020,0.17180609703063965,-0.07391241937875748,-0.0716869980096817,-0.0012547312071546912,0.0011089397594332695,-0.0009460559813305736
2026-03-25 21:37:34.022,0.17742276191711426,-0.07555770874023438,-0.0766424685716629,-0.0011015787022188306,0.0010599404340609908,-0.0008539741393178701
2026-03-25 21:37:34.024,0.169865220785141,-0.07592436671257019,-0.08298269659280777,-0.001236646668985486,0.001147482660599053,-0.000713418994564563
2026-03-25 21:37:34.026,0.16325743496418,-0.08072811365127563,-0.08102823793888092,-0.0012285843258723617,0.0009935421403497458,-0.0006068293587304652
2026-03-25 21:37:34.028,0.17207083106040955,-0.08081891387701035,-0.08168848603963852,-0.0011108973994851112,0.0011299103498458862,-0.0006308295414783061
2026-03-25 21:37:34.030,0.17388606071472168,-0.08549870550632477,-0.06869804859161377,-0.0011528393952175975,0.0010944391833618283,-0.0008263291674666107
2026-03-25 21:37:34.032,0.17180891335010529,-0.08872829377651215,-0.07052524387836456,-0.001076255924999714,0.0009124971111305058,-0.0007544290274381638
2026-03-25 21:37:34.034,0.171747624874115,-0.0945507287979126,-0.07782154530286789,-0.0011176193365827203,0.0011627845233306289,-0.000730603642296046
2026-03-25 21:37:34.036,0.17105057835578918,-0.09495984017848969,-0.08115440607070923,-0.0011063858401030302,0.0011462535476312041,-0.0007500897627323866
2026-03-25 21:37:34.038,0.18083292245864868,-0.09521839022636414,-0.07373896986246109,-0.0009826264576986432,0.001244619837962091,-0.0005757158505730331
2026-03-25 21:37:34.040,0.19020217657089233,-0.10209018737077713,-0.07253231108188629,-0.0011267975205555558,0.0012222841614857316,-0.0006437130505219102
2026-03-25 21:37:34.042,0.1783960610628128,-0.10846874862909317,-0.06953452527523041,-0.0011216172715649009,0.0013654071372002363,-0.000576414167881012
2026-03-25 21:37:34.044,0.17786996066570282,-0.1130794808268547,-0.07110188156366348,-0.0008307034149765968,0.0012681514490395784,-0.000583994435146451
2026-03-25 21:37:34.046,0.17835065722465515,-0.11287882179021835,-0.06756393611431122,-0.0007752066012471914,0.0011537576792761683,-0.0003996491723228246
2026-03-25 21:37:34.048,0.1792600452899933,-0.11186225712299347,-0.07546130567789078,-0.0008818296482786536,0.0012149423127993941,-0.00039648052188567817
2026-03-25 21:37:34.050,0.16889089345932007,-0.1195751503109932,-0.06914841383695602,-0.0006463846075348556,0.0012451852671802044,-0.000358438614057377
2026-03-25 21:37:34.052,0.1707547903060913,-0.12777400016784668,-0.06611963361501694,-0.0007743990863673389,0.0010742503218352795,-0.0003950766986235976
2026-03-25 21:37:34.054,0.1636391282081604,-0.12804579734802246,-0.06297256052494049,-0.0006546458462253213,0.0013526102993637323,-0.0003797057725023478
2026-03-25 21:37:34.056,0.17216357588768005,-0.1287449300289154,-0.07089980691671371,-0.0005498427781276405,0.0011748692486435175,-0.00017155383829958737
2026-03-25 21:37:34.058,0.17118994891643524,-0.1339898258447647,-0.06989467144012451,-0.0006377818644978106,0.0011541004059836268,-0.0003593824803829193
2026-03-25 21:37:34.060,0.1679612398147583,-0.1392822414636612,-0.07002368569374084,-0.0004308685311116278,0.0013410858809947968,-0.0003699494118336588
2026-03-25 21:37:34.063,0.17333537340164185,-0.14479497075080872,-0.07339374721050262,-0.00037005331250838935,0.001086084172129631,-0.0002810714941006154
2026-03-25 21:37:34.065,0.1753779798746109,-0.15168888866901398,-0.06264238059520721,-0.0005625628400593996,0.0011442593531683087,-0.0004423835489433259
2026-03-25 21:37:34.067,0.1773945838212967,-0.14396299421787262,-0.06362628936767578,-0.00044457035255618393,0.0010928901610895991,-0.000650006637442857
2026-03-25 21:37:34.069,0.17001910507678986,-0.1375473588705063,-0.07256371527910233,-0.0004297160776332021,0.0011498327367007732,-0.00048623449401929975
2026-03-25 21:37:34.071,0.16610658168792725,-0.14046593010425568,-0.07651977241039276,-0.0004740235744975507,0.0010947000700980425,-0.0005788502749055624
2026-03-25 21:37:34.073,0.16509954631328583,-0.14001426100730896,-0.07893092930316925,-0.000508912606164813,0.0011012948816642165,-0.00048441754188388586
2026-03-25 21:37:34.075,0.15750807523727417,-0.13878515362739563,-0.06917461007833481,-0.00017523669521324337,0.0010898576583713293,-0.0006565263029187918
2026-03-25 21:37:34.077,0.1571747213602066,-0.1342840939760208,-0.061713315546512604,-0.00032731916871853173,0.0011133297812193632,-0.0004849449032917619
2026-03-25 21:37:34.079,0.1641804277896881,-0.13126212358474731,-0.06799145042896271,-0.0002912824566010386,0.0009617071482352912,-0.0006217429763637483
2026-03-25 21:37:34.081,0.16064415872097015,-0.12591497600078583,-0.06709421426057816,-0.00039529672358185053,0.0008602543966844678,-0.0007575490162707865
2026-03-25 21:37:34.083,0.1585053950548172,-0.12137637287378311,-0.07046311348676682,-0.000438815652159974,0.0009481548913754523,-0.0005799924256280065
2026-03-25 21:37:34.085,0.17162731289863586,-0.13689418137073517,-0.07600659877061844,-0.00045988778583705425,0.0009525931673124433,-0.0006568978424184024
2026-03-25 21:37:34.087,0.1727391481399536,-0.1301252692937851,-0.07926423847675323,-0.0003725877031683922,0.0010947823757305741,-0.0005367493722587824
2026-03-25 21:37:34.089,0.16875116527080536,-0.1295223981142044,-0.07169405370950699,-0.0003893640823662281,0.0010248717153444886,-0.0007254761294461787
2026-03-25 21:37:34.091,0.16374483704566956,-0.12894386053085327,-0.0694504976272583,-0.0005717873573303223,0.0011962564894929528,-0.0005646750214509666
2026-03-25 21:37:34.093,0.16272972524166107,-0.12136261910200119,-0.08963649719953537,-0.000214538216823712,0.0011114227818325162,-0.0009072800166904926
2026-03-25 21:37:34.095,0.16529123485088348,-0.12466764450073242,-0.08069543540477753,-0.00038029756979085505,0.0008819399517960846,-0.0007138625369407237
2026-03-25 21:37:34.097,0.16873697936534882,-0.1215173751115799,-0.07464199513196945,-0.0003446300106588751,0.0010992151219397783,-0.0004771221720147878
2026-03-25 21:37:34.099,0.17726923525333405,-0.12987937033176422,-0.07556744664907455,-0.0004776173736900091,0.0010727497283369303,-0.0007930421852506697
2026-03-25 21:37:34.101,0.16513244807720184,-0.12514832615852356,-0.07616575062274933,-0.0005906622973270714,0.0008257810259237885,-0.0006440572906285524
2026-03-25 21:37:34.103,0.1551477611064911,-0.1115683987736702,-0.07563862949609756,-0.0005575428949669003,0.0009682494564913213,-0.0004780669405590743
2026-03-25 21:37:34.105,0.15722981095314026,-0.11477102339267731,-0.07507631927728653,-0.0003587546816561371,0.000972651643678546,-0.0008449849556200206
2026-03-25 21:37:34.107,0.16609084606170654,-0.11777306348085403,-0.08341111987829208,-0.0005692682461813092,0.0008674233104102314,-0.0006728859734721482
2026-03-25 21:37:34.109,0.1680729240179062,-0.12142740935087204,-0.07528748363256454,-0.0005644033080898225,0.0013278897386044264,-0.0005858010845258832
2026-03-25 21:37:34.111,0.17407071590423584,-0.12256278097629547,-0.07371574640274048,-0.00042862934060394764,0.0011643256293609738,-0.0008552778162993491
2026-03-25 21:37:34.113,0.1702323853969574,-0.11588667333126068,-0.09625715017318726,-0.000591981050092727,0.0012511051027104259,-0.0007979483343660831
2026-03-25 21:37:34.115,0.16425149142742157,-0.10901809483766556,-0.1016964241862297,-0.0005943648284301162,0.001058934605680406,-0.0007039582706056535
2026-03-25 21:37:34.117,0.16819709539413452,-0.10915547609329224,-0.08345189690589905,-0.0008158537675626576,0.001021073549054563,-0.0008808335987851024
2026-03-25 21:37:34.119,0.16140031814575195,-0.09961425513029099,-0.07821238040924072,-0.0006033344543538988,0.001048170612193644,-0.0009182264911942184
2026-03-25 21:37:34.121,0.16291016340255737,-0.10421163588762283,-0.08037351071834564,-0.0006088205263949931,0.0008992874063551426,-0.0009696015622466803
2026-03-25 21:37:34.123,0.1568240523338318,-0.10278864949941635,-0.08492632955312729,-0.000912929535843432,0.0010652831988409162,-0.0009546935325488448
2026-03-25 21:37:34.125,0.15732112526893616,-0.09340840578079224,-0.08248580992221832,-0.0006739698001183569,0.001020835479721427,-0.0009016625117510557
2026-03-25 21:37:34.127,0.17175962030887604,-0.09849289059638977,-0.08194421231746674,-0.0007707087206654251,0.0011016587959602475,-0.0007761059678159654
2026-03-25 21:37:34.129,0.16262055933475494,-0.09641376882791519,-0.08384228497743607,-0.0008197706192731857,0.0011456013889983296,-0.0006082311738282442
2026-03-25 21:37:34.131,0.16180859506130219,-0.10086581856012344,-0.0823104977607727,-0.0006676902994513512,0.0010015342850238085,-0.0008919523097574711
2026-03-25 21:37:34.133,0.15760372579097748,-0.10161380469799042,-0.09020233899354935,-0.0007277322583831847,0.0009157316526398063,-0.0008045386639423668
2026-03-25 21:37:34.135,0.15168267488479614,-0.10085120797157288,-0.08466021716594696,-0.0007167950971052051,0.0008184815524145961,-0.0009476888808421791
2026-03-25 21:37:34.137,0.16637982428073883,-0.09946498274803162,-0.09172165393829346,-0.000581626663915813,0.0010955610778182745,-0.0009121380862779915
2026-03-25 21:37:34.139,0.17243607342243195,-0.10378117114305496,-0.07485026121139526,-0.0005852070171386003,0.0006780341500416398,-0.00080343201989308
2026-03-25 21:37:34.141,0.17808638513088226,-0.10866282135248184,-0.0969918742775917,-0.0005713365972042084,0.0008869843441061676,-0.0010886169038712978
2026-03-25 21:37:34.143,0.1645868569612503,-0.11013063788414001,-0.09311365336179733,-0.000909434340428561,0.0009142066701315343,-0.0008530137711204588
2026-03-25 21:37:34.145,0.1672997921705246,-0.1019439846277237,-0.08423217386007309,-0.0004976692143827677,0.0013716344255954027,-0.0010680877603590488
2026-03-25 21:37:34.147,0.19273674488067627,-0.09628010541200638,-0.07916515320539474,-0.0006878663552924991,0.001417893567122519,-0.001131031196564436
2026-03-25 21:37:34.149,0.20841602981090546,-0.08492794632911682,-0.05267589911818504,-0.0006198817281983793,0.0016179234953597188,-0.0011826445115730166
2026-03-25 21:37:34.151,0.21711163222789764,-0.09358703345060349,-0.04978400096297264,-0.0008967067115008831,0.0017063412815332413,-0.0009571050177328289
2026-03-25 21:37:34.153,0.1980592906475067,-0.10261540114879608,-0.055786412209272385,-0.0004023774527013302,0.0013412663247436285,-0.001022474141791463
2026-03-25 21:37:34.155,0.18048569560050964,-0.10981638729572296,-0.0819518193602562,-0.0002661833423189819,0.0013446115190163255,-0.0010925348615273833
2026-03-25 21:37:34.157,0.1765546351671219,-0.11019600182771683,-0.06641975045204163,-0.0003836909600067884,0.001159828738309443,-0.0009721528622321784
2026-03-25 21:37:34.159,0.20128998160362244,-0.10597646981477737,-0.0607898086309433,-0.0006303839618340135,0.0015260315267369151,-0.0009070971282199025
2026-03-25 21:37:34.161,0.2037097066640854,-0.1035432517528534,-0.051827799528837204,-0.0006363411084748805,0.0016116226324811578,-0.0009929458610713482
2026-03-25 21:37:34.163,0.18092000484466553,-0.10873139649629593,-0.07993103563785553,-0.00045934549416415393,0.0011463125701993704,-0.0008307763491757214
2026-03-25 21:37:34.165,0.1758527308702469,-0.1268605887889862,-0.08501334488391876,0.00025159624055959284,0.001160473097115755,-0.0012638908810913563
2026-03-25 21:37:34.167,0.17200016975402832,-0.10290756076574326,-0.0938560739159584,-0.000917907920666039,0.0012999986065551639,-0.0007039264892227948
2026-03-25 21:37:34.169,0.1847095638513565,-0.10077913105487823,-0.07554100453853607,-0.0014275579014793038,0.0012971637770533562,-0.0006104599451646209
2026-03-25 21:37:34.171,0.20508451759815216,-0.12508945167064667,-0.07218031585216522,-0.00039097387343645096,0.0014044733252376318,-0.0009474861435592175
2026-03-25 21:37:34.173,0.17713497579097748,-0.1274150162935257,-0.0717117041349411,-0.00036485903547145426,0.0014206767082214355,-0.0009419156704097986
2026-03-25 21:37:34.175,0.15646842122077942,-0.11446215957403183,-0.0772232636809349,-0.0005688238888978958,0.0009352604974992573,-0.0004985880223102868
2026-03-25 21:37:34.177,0.17300374805927277,-0.11008168756961823,-0.09013683348894119,-0.0007177853840403259,0.0010216640075668693,-0.0006116647273302078
2026-03-25 21:37:34.179,0.1818189173936844,-0.10658793151378632,-0.09358447045087814,-0.000880658975802362,0.0013479535700753331,-0.0005339423078112304
2026-03-25 21:37:34.181,0.17633767426013947,-0.10519976913928986,-0.08178940415382385,-0.0009201528737321496,0.001475124736316502,-0.0005454187048599124
2026-03-25 21:37:34.183,0.17451390624046326,-0.11633586883544922,-0.08229819685220718,-0.0006755561335012317,0.0010966338450089097,-0.0005808949936181307
2026-03-25 21:37:34.185,0.17117716372013092,-0.1272091418504715,-0.0874212384223938,-0.0004563281254377216,0.0011023739352822304,-0.0008541470160707831
2026-03-25 21:37:34.187,0.16650308668613434,-0.11868345737457275,-0.07278592884540558,-0.0008010962046682835,0.0008630516240373254,-0.0006371004856191576
2026-03-25 21:37:34.189,0.17870013415813446,-0.11201154440641403,-0.08359524607658386,-0.0007248613983392715,0.0011282984632998705,-0.00046915278653614223
2026-03-25 21:37:34.191,0.179114431142807,-0.1108756884932518,-0.0893385261297226,-0.0006728207226842642,0.0013420747127383947,-0.0006539078895002604
2026-03-25 21:37:34.193,0.17389433085918427,-0.11788640171289444,-0.09319689869880676,-0.0007188961608335376,0.001512544578872621,-0.0005660753813572228
2026-03-25 21:37:34.195,0.17500945925712585,-0.11538359522819519,-0.09504207968711853,-0.000602899061050266,0.0013333647511899471,-0.0005222503677941859
2026-03-25 21:37:34.197,0.1657875031232834,-0.11392515152692795,-0.09674675017595291,-0.0006363900611177087,0.001242373837158084,-0.0005340715288184583
2026-03-25 21:37:34.199,0.17230439186096191,-0.1135450005531311,-0.09046579152345657,-0.0007446966483257711,0.0011398177593946457,-0.00036913398071192205
2026-03-25 21:37:34.201,0.1745249629020691,-0.10599575936794281,-0.08051946759223938,-0.0007944470853544772,0.001076890854164958,-0.00047862468636594713
2026-03-25 21:37:34.203,0.16681621968746185,-0.11297417432069778,-0.08134271204471588,-0.0008854521438479424,0.0010675747180357575,-0.0002585714391898364
2026-03-25 21:37:34.205,0.16269290447235107,-0.11921001225709915,-0.07962476462125778,-0.0006555324653163552,0.0008723704377189279,-0.00046080141328275204
2026-03-25 21:37:34.207,0.16291750967502594,-0.1112743690609932,-0.09455856680870056,-0.0005513388314284384,0.0009798281826078892,-0.0007322804885916412
2026-03-25 21:37:34.209,0.1718669980764389,-0.09817095845937729,-0.08483494818210602,-0.0008745415252633393,0.001298448070883751,-0.0003397763939574361
2026-03-25 21:37:34.211,0.18212556838989258,-0.09762527048587799,-0.0894334614276886,-0.0008274907013401389,0.0011712453560903668,-0.0004466313112061471
2026-03-25 21:37:34.213,0.18314407765865326,-0.10096696019172668,-0.091849684715271,-0.0006987643428146839,0.0013117148773744702,-0.0008255744469352067
2026-03-25 21:37:34.215,0.1709906905889511,-0.10776196420192719,-0.09750359505414963,-0.0006768547464162111,0.0011399153154343367,-0.0009210415882989764
2026-03-25 21:37:34.217,0.16983619332313538,-0.10749300569295883,-0.09921222180128098,-0.0009120514732785523,0.0012284995755180717,-0.0008309569675475359
2026-03-25 21:37:34.219,0.17890948057174683,-0.09862061589956284,-0.1033707782626152,-0.0007774983532726765,0.0010690103517845273,-0.0008483821875415742
2026-03-25 21:37:34.221,0.17643938958644867,-0.10067486763000488,-0.09386353194713593,-0.0010967006674036384,0.0011587225599214435,-0.0008478735690005124
2026-03-25 21:37:34.223,0.17024736106395721,-0.09476864337921143,-0.10500793904066086,-0.0011319363256916404,0.0008984545129351318,-0.0008162059239111841
2026-03-25 21:37:34.225,0.1561964750289917,-0.09957367181777954,-0.10544618964195251,-0.0008199096191674471,0.0009284045663662255,-0.0009267001296393573
2026-03-25 21:37:34.227,0.15884064137935638,-0.09935343265533447,-0.11213183403015137,-0.0009081442840397358,0.0009049481013789773,-0.0009827343747019768
2026-03-25 21:37:34.229,0.15949444472789764,-0.08683900535106659,-0.09767109900712967,-0.000922740320675075,0.0011432486353442073,-0.0007183413836173713
2026-03-25 21:37:34.231,0.16579017043113708,-0.09413308650255203,-0.1034669578075409,-0.00115087756421417,0.0009674218017607927,-0.0008766433456912637
2026-03-25 21:37:34.233,0.1606302559375763,-0.09632524102926254,-0.10628115385770798,-0.0008985865861177444,0.0010645281290635467,-0.000762767216656357
2026-03-25 21:37:34.235,0.1477779895067215,-0.0922638401389122,-0.1039336770772934,-0.0008703479543328285,0.000864276837091893,-0.0007266377215273678
2026-03-25 21:37:34.237,0.1501939594745636,-0.0963268131017685,-0.11577127873897552,-0.0007325675105676055,0.0008361545042134821,-0.0011068435851484537
2026-03-25 21:37:34.239,0.15459281206130981,-0.0995534211397171,-0.11759365350008011,-0.0008048525778576732,0.000982035300694406,-0.0010618685046210885
2026-03-25 21:37:34.241,0.15920336544513702,-0.09688885509967804,-0.11828336119651794,-0.0009847828187048435,0.0009280030499212444,-0.0008460478275083005
2026-03-25 21:37:34.243,0.16217052936553955,-0.09899879992008209,-0.12589654326438904,-0.0007709094206802547,0.0010383306071162224,-0.0010250653140246868
2026-03-25 21:37:34.245,0.1510065644979477,-0.09539034217596054,-0.12143664062023163,-0.000855135906022042,0.0006264109397307038,-0.0009878912242129445
2026-03-25 21:37:34.247,0.1434374451637268,-0.09290751069784164,-0.11017695814371109,-0.0008316393359564245,0.0007183187990449369,-0.0008088736794888973
2026-03-25 21:37:34.249,0.15623633563518524,-0.09868276119232178,-0.11919908225536346,-0.0008020697860047221,0.0010743519524112344,-0.0007136691128835082
2026-03-25 21:37:34.251,0.1582842469215393,-0.09552636742591858,-0.11060392111539841,-0.0008836979977786541,0.0007916582399047911,-0.0006720060482621193
2026-03-25 21:37:34.253,0.15582513809204102,-0.09763772040605545,-0.10435189306735992,-0.0006475760601460934,0.0006943368935026228,-0.0009256310877390206
2026-03-25 21:37:34.255,0.1463911384344101,-0.10148653388023376,-0.12964826822280884,-0.0008029125747270882,0.0006645916728302836,-0.0009150567930191755
2026-03-25 21:37:34.257,0.14429818093776703,-0.10349614918231964,-0.12599636614322662,-0.0008137966506183147,0.0009904870530590415,-0.0007320880540646613
2026-03-25 21:37:34.259,0.1376163214445114,-0.10271748900413513,-0.1270492821931839,-0.0009185266681015491,0.0008175483671948314,-0.0006726661813445389
2026-03-25 21:37:34.261,0.155637726187706,-0.10707443952560425,-0.12427659332752228,-0.0008068486931733787,0.0009192893048748374,-0.0007853037677705288
2026-03-25 21:37:34.263,0.16388525068759918,-0.1040840744972229,-0.12336382269859314,-0.0008508195751346648,0.0010913402074947953,-0.0007044795784167945
2026-03-25 21:37:34.265,0.14336438477039337,-0.10779476165771484,-0.11739881336688995,-0.0009482536697760224,0.0007489328854717314,-0.0008598579443059862
2026-03-25 21:37:34.267,0.15205635130405426,-0.11193732917308807,-0.1301800012588501,-0.0008544784504920244,0.0004970543668605387,-0.0007174775819294155
2026-03-25 21:37:34.269,0.16027143597602844,-0.10973934084177017,-0.13242191076278687,-0.0006651001167483628,0.0009279215009883046,-0.000959504337515682
2026-03-25 21:37:34.271,0.15601973235607147,-0.10180260241031647,-0.12156317383050919,-0.0007642426062375307,0.0009493972174823284,-0.0007182065746746957
2026-03-25 21:37:34.273,0.15858183801174164,-0.09813310205936432,-0.11598064750432968,-0.0008528160979039967,0.0009377394453622401,-0.0008490447653457522
2026-03-25 21:37:34.275,0.1592283397912979,-0.11557445675134659,-0.13395671546459198,-0.0007486480171792209,0.000999429845251143,-0.0007495920872315764
2026-03-25 21:37:34.277,0.14552657306194305,-0.11272027343511581,-0.1251603215932846,-0.0005842247628606856,0.0009200595668517053,-0.0007962562958709896
2026-03-25 21:37:34.279,0.1343289613723755,-0.10203768312931061,-0.11163032799959183,-0.0006451387307606637,0.0008224236080422997,-0.0007630583713762462
2026-03-25 21:37:34.281,0.1613098829984665,-0.1092877984046936,-0.12892289459705353,-0.0007224452565424144,0.0008131686481647193,-0.0006881580338813365
2026-03-25 21:37:34.283,0.15041770040988922,-0.10979248583316803,-0.12700170278549194,-0.0007008651155047119,0.0007409048266708851,-0.0008450935129076242
2026-03-25 21:37:34.285,0.13489463925361633,-0.1264241486787796,-0.11680731922388077,-0.0005920814001001418,0.0006720749079249799,-0.0007701224531047046
2026-03-25 21:37:34.287,0.1626926064491272,-0.11986026167869568,-0.14253363013267517,-0.0005984855233691633,0.000901138293556869,-0.0007209812756627798
2026-03-25 21:37:34.289,0.17301611602306366,-0.11538060754537582,-0.12927699089050293,-0.0007658860413357615,0.001003583543933928,-0.0006990463589318097
2026-03-25 21:37:34.291,0.1572694629430771,-0.11083512753248215,-0.11095640063285828,-0.0005882364930585027,0.001081169699318707,-0.0006322663393802941
2026-03-25 21:37:34.293,0.16049577295780182,-0.12431853264570236,-0.1342749446630478,-0.0004621261323336512,0.0008055458893068135,-0.0008226717473007739
2026-03-25 21:37:34.296,0.14345785975456238,-0.11229917407035828,-0.12894314527511597,-0.000644998624920845,0.0009682668605819345,-0.0006696332711726427
2026-03-25 21:37:34.298,0.16752313077449799,-0.11978989839553833,-0.12573637068271637,-0.0005468872259370983,0.001003331271931529,-0.0006437904085032642
2026-03-25 21:37:34.300,0.07166394591331482,-0.10584652423858643,-0.17251938581466675,-0.0026278456207364798,-0.0006208628183230758,0.0031954075675457716
2026-03-25 21:37:34.302,-0.42211657762527466,-0.21256804466247559,-0.24332410097122192,0.001764983986504376,-0.009786459617316723,0.001205583568662405
2026-03-25 21:37:34.304,-0.36048510670661926,-0.14399415254592896,-0.358024001121521,-0.0011485456489026546,-0.005827459041029215,0.0017977189272642136
2026-03-25 21:37:34.306,0.06026662886142731,-0.18740439414978027,-0.3303264379501343,-0.0002799099893309176,-0.00028843109612353146,-0.0026453351601958275
2026-03-25 21:37:34.308,0.35306084156036377,-0.18295776844024658,-0.2935481071472168,0.0008334849262610078,0.0034733545035123825,-0.0028789180796593428
2026-03-25 21:37:34.310,0.22111737728118896,-0.07181405276060104,-0.07202892750501633,-0.001277507864870131,0.001885973266325891,-0.0010871983831748366
2026-03-25 21:37:34.312,0.05608459189534187,-0.009721913374960423,-0.015069076791405678,-0.002360000740736723,-0.0006024979520589113,-0.00025611979071982205
2026-03-25 21:37:34.314,0.3350535035133362,-0.1279359608888626,-0.26802268624305725,0.00019035830337088555,0.0034742674324661493,-0.002069942420348525
2026-03-25 21:37:34.316,0.08596226572990417,-0.09840627759695053,-0.06583240628242493,-0.0005114868399687111,-0.0002188068610848859,-0.0018915401306003332
2026-03-25 21:37:34.318,0.16914896667003632,-0.08106913417577744,-0.12047720700502396,-0.0006559892790392041,0.0014760494232177734,-0.001268015243113041
2026-03-25 21:37:34.320,0.19597600400447845,-0.0781954675912857,-0.09638615697622299,-0.0009462134330533445,0.0012864747550338507,-0.0014908501179888844
2026-03-25 21:37:34.322,0.24948349595069885,-0.06855441629886627,-0.11317390203475952,-0.0008683291962370276,0.0022714135702699423,-0.0015683427918702364
2026-03-25 21:37:34.324,0.19509164988994598,-0.04869818687438965,-0.12044558674097061,-0.0014712909469380975,0.001366685493849218,-0.0008965472807176411
2026-03-25 21:37:34.326,0.11878567188978195,-0.0697399452328682,-0.09782663732767105,-0.0010241538984701037,0.0006916691781952977,-0.0009877565316855907
2026-03-25 21:37:34.328,0.11323124170303345,-0.11231180280447006,-0.19945071637630463,-0.0006156092858873308,-0.00043410228681750596,-0.0007130076410248876
2026-03-25 21:37:34.330,0.003628749866038561,-0.10103297978639603,-0.22837530076503754,-0.0009488581563346088,-0.0011099620023742318,-0.00047859596088528633
2026-03-25 21:37:34.332,0.050492722541093826,-0.08173614740371704,-0.23832665383815765,-0.0014226066414266825,-0.001008140854537487,-0.00022029878164175898
2026-03-25 21:37:34.334,0.01919039897620678,-0.05130238085985184,-0.16352029144763947,-0.0017043491825461388,-0.0006792976055294275,-0.0007543726242147386
2026-03-25 21:37:34.336,0.17686930298805237,-0.0645243227481842,-0.16855262219905853,-0.0016124186804518104,0.0010106450645253062,-0.0010532063897699118
2026-03-25 21:37:34.338,0.238283172249794,-0.0860728919506073,-0.13251562416553497,-0.0005449068266898394,0.001951821381226182,-0.001634866581298411
2026-03-25 21:37:34.340,0.19812047481536865,-0.07366626709699631,-0.08264850825071335,-0.0003565350198186934,0.0012699284125119448,-0.002093929098919034
2026-03-25 21:37:34.342,0.1661216765642166,-0.05674707889556885,-0.12125790119171143,-0.001158786122687161,0.0011516069062054157,-0.0014990991912782192
2026-03-25 21:37:34.344,0.20861512422561646,-0.059701304882764816,-0.1586533486843109,-0.0011897773947566748,0.0016303516458719969,-0.0015753977932035923
2026-03-25 21:37:34.346,0.17166496813297272,-0.03909596428275108,-0.12530511617660522,-0.0014530757907778025,0.0013842805055901408,-0.0008826930425129831
2026-03-25 21:37:34.348,0.06691037863492966,-0.05665832757949829,-0.12179004400968552,-0.0017514909850433469,-0.000519401568453759,-0.0005285681691020727
2026-03-25 21:37:34.350,0.13947391510009766,-0.10911659896373749,-0.23063448071479797,-0.00030884548323228955,0.00044048501877114177,-0.001625708886422217
2026-03-25 21:37:34.352,0.062165506184101105,-0.07189523428678513,-0.17674879729747772,-0.001310850027948618,-0.0005395725020207465,-0.0006124092033132911
2026-03-25 21:37:34.354,0.07216812670230865,-0.03358427807688713,-0.17046643793582916,-0.0020448521245270967,2.189089536841493e-05,-0.00016800891899038106
2026-03-25 21:37:34.356,0.15914060175418854,-0.05675092339515686,-0.16739995777606964,-0.001301695010624826,0.0008322816574946046,-0.0010313349775969982
2026-03-25 21:37:34.358,0.18900738656520844,-0.06389457732439041,-0.12873490154743195,-0.0011153242085129023,0.0013086579274386168,-0.0014520855620503426
2026-03-25 21:37:34.360,0.21151278913021088,-0.06694075465202332,-0.1206594705581665,-0.0012042850721627474,0.0014404425164684653,-0.0013351064408198
2026-03-25 21:37:34.362,0.1800493597984314,-0.0688227117061615,-0.10972189158201218,-0.0009682500385679305,0.0012348181335255504,-0.0015302480896934867
2026-03-25 21:37:34.364,0.18513014912605286,-0.06637156009674072,-0.1429200917482376,-0.0011160429567098618,0.0016765118343755603,-0.0013749597128480673
2026-03-25 21:37:34.366,0.12475080043077469,-0.06665986776351929,-0.12478776276111603,-0.0016564740799367428,0.0001322804018855095,-0.0004719583666883409
2026-03-25 21:37:34.368,0.1302444338798523,-0.09500645101070404,-0.18936242163181305,-0.0008251023828051984,0.000583130051381886,-0.0009832384530454874
2026-03-25 21:37:34.370,0.09304928034543991,-0.08416708558797836,-0.1786578893661499,-0.0014066678704693913,-0.00020230998052284122,-0.0006236541667021811
2026-03-25 21:37:34.372,0.10301436483860016,-0.0724484845995903,-0.17753727734088898,-0.0015671303262934089,0.00010491060675121844,-0.00012404164590407163
2026-03-25 21:37:34.374,0.14421559870243073,-0.08300663530826569,-0.1510275900363922,-0.001210889546200633,0.00055363227147609,-0.0006046019843779504
2026-03-25 21:37:34.376,0.1486828327178955,-0.08989448100328445,-0.12183460593223572,-0.0009456188417971134,0.0008995264070108533,-0.0008036168874241412
2026-03-25 21:37:34.378,0.18262425065040588,-0.09426155686378479,-0.09006233513355255,-0.0007182919071055949,0.0013129335129633546,-0.0011334589216858149
2026-03-25 21:37:34.380,0.20745660364627838,-0.0940365344285965,-0.08788680285215378,-0.0006074287812225521,0.0017011285526677966,-0.0011821712832897902
2026-03-25 21:37:34.382,0.21347978711128235,-0.10176213830709457,-0.11965642869472504,-0.0006497250869870186,0.0019307071343064308,-0.0009770060423761606
2026-03-25 21:37:34.384,0.16411961615085602,-0.10091155767440796,-0.11154620349407196,-0.0008629327057860792,0.0012050914810970426,-0.0007472705910913646
2026-03-25 21:37:34.386,0.18112121522426605,-0.1155584529042244,-0.14326347410678864,-0.0005182328168302774,0.0012165589723736048,-0.0007544384570792317
2026-03-25 21:37:34.388,0.16777680814266205,-0.12793448567390442,-0.14291508495807648,-0.0006490323576144874,0.0008358319173566997,-0.00048787915147840977
2026-03-25 21:37:34.391,0.09879068285226822,-0.13389934599399567,-0.14254657924175262,-0.0002847332216333598,0.00036492341314442456,-0.000598745362367481
2026-03-25 21:37:34.393,0.09986770898103714,-0.126480832695961,-0.16609953343868256,-0.00048433555639348924,0.00010232390195596963,-0.00052548514213413
2026-03-25 21:37:34.395,0.10777352005243301,-0.11174599081277847,-0.15542162954807281,-0.0010333613026887178,0.0002247477532364428,3.861356162815355e-05
2026-03-25 21:37:34.397,0.1653117686510086,-0.12367796152830124,-0.1557888686656952,-0.000893451098818332,0.00093518674839288,-0.00038195442175492644
2026-03-25 21:37:34.399,0.1684085577726364,-0.12149693071842194,-0.12091514468193054,-0.0005379823269322515,0.001357023254968226,-0.0006963410996831954
2026-03-25 21:37:34.401,0.16725875437259674,-0.11533115059137344,-0.08652162551879883,-0.0008138492703437805,0.0011440254747867584,-0.0004347888461779803
2026-03-25 21:37:34.403,0.1914437860250473,-0.13116274774074554,-0.11990989744663239,-0.0004768167273141444,0.001636991510167718,-0.0007015980663709342
2026-03-25 21:37:34.405,0.1658613532781601,-0.12306187301874161,-0.10286514461040497,-0.000522613525390625,0.0010570470476523042,-0.0006761550903320312
2026-03-25 21:37:34.406,0.17075641453266144,-0.11736630648374557,-0.11587260663509369,-0.0006944074993953109,0.0014028481673449278,-0.0006369471666403115
2026-03-25 21:37:34.408,0.1840028315782547,-0.11978453397750854,-0.11780159175395966,-0.000676441821269691,0.0013178298249840736,-0.0005710448604077101
2026-03-25 21:37:34.410,0.2076939195394516,-0.1359809935092926,-0.12931674718856812,-0.0002770194550976157,0.0015930542722344398,-0.0005805640248581767
2026-03-25 21:37:34.412,0.15042991936206818,-0.13312457501888275,-0.1080465018749237,-0.00044599888497032225,0.0008511474588885903,-0.0005964412121102214
2026-03-25 21:37:34.414,0.1635730266571045,-0.13782645761966705,-0.12380730360746384,-0.0004891909193247557,0.0010504635283723474,-0.00047971904859878123
2026-03-25 21:37:34.416,0.18110787868499756,-0.13256099820137024,-0.14223356544971466,-0.0006165910745039582,0.0015010322676971555,-0.0006523006595671177
2026-03-25 21:37:34.418,0.17912238836288452,-0.11490314453840256,-0.11794755607843399,-0.0007439651526510715,0.0013888318790122867,-9.933972614817321e-05
2026-03-25 21:37:34.420,0.14509883522987366,-0.1354338526725769,-0.12366211414337158,-0.0010182986734434962,0.0005736231105402112,-2.0257730284356512e-05
2026-03-25 21:37:34.422,0.12925341725349426,-0.15727598965168,-0.15318717062473297,-9.342238627141342e-05,0.0004558382788673043,-0.0005422208923846483
2026-03-25 21:37:34.424,0.12243592739105225,-0.15243840217590332,-0.14853113889694214,-0.0002911288174800575,0.000611563038546592,9.660526848165318e-05
2026-03-25 21:37:34.426,0.12348274886608124,-0.14281713962554932,-0.1305854618549347,-0.0004650748160202056,0.0003902606840711087,-1.9714448171725962e-06
2026-03-25 21:37:34.428,0.18625514209270477,-0.15226656198501587,-0.13915657997131348,-1.978595719265286e-06,0.0013444918440654874,-0.0005364125245250762
2026-03-25 21:37:34.430,0.1624242216348648,-0.11964243650436401,-0.08738293498754501,-0.0007060693460516632,0.0010011190315708518,-0.000327305548125878
2026-03-25 21:37:34.432,0.19138285517692566,-0.11717218905687332,-0.0976702943444252,-0.0006364770815707743,0.001759065198712051,-0.00043354497756808996
2026-03-25 21:37:34.434,0.19797088205814362,-0.13134469091892242,-0.12593397498130798,-0.0004173828929197043,0.0015309081645682454,-0.000950138783082366
2026-03-25 21:37:34.436,0.16224095225334167,-0.12492883205413818,-0.11747525632381439,-0.00045554543612524867,0.001061594346538186,-0.0007592376787215471
2026-03-25 21:37:34.438,0.18401865661144257,-0.12636502087116241,-0.13852068781852722,-0.0003467312781140208,0.0013180315727367997,-0.0008972203359007835
2026-03-25 21:37:34.440,0.16626130044460297,-0.11521285027265549,-0.11947209388017654,-0.0007631385233253241,0.0010698223486542702,-0.0007915262249298394
2026-03-25 21:37:34.442,0.156836599111557,-0.1169300302863121,-0.15081004798412323,-0.0008657726575620472,0.0008160758297890425,-0.0004103701503481716
2026-03-25 21:37:34.444,0.12164609879255295,-0.12427052855491638,-0.14811022579669952,-0.000639746489468962,0.0003441692388150841,-0.0006307303556241095
2026-03-25 21:37:34.446,0.12558960914611816,-0.12476833909749985,-0.1603427678346634,-0.0004076958284713328,0.0004627480811905116,-0.000542966416105628
2026-03-25 21:37:34.448,0.11383624374866486,-0.12323322147130966,-0.1342190057039261,-0.0005299734766595066,0.0002852298493962735,-0.000558933534193784
2026-03-25 21:37:34.450,0.15594090521335602,-0.11512316018342972,-0.15487073361873627,-0.0004276373947504908,0.0006795443478040397,-0.0007924627861939371
2026-03-25 21:37:34.452,0.16600894927978516,-0.10772552341222763,-0.12276012450456619,-0.0008679790189489722,0.001014562090858817,-0.000641117338091135
2026-03-25 21:37:34.454,0.1670403629541397,-0.0959293320775032,-0.10405032336711884,-0.0011602179147303104,0.0011518008541315794,-0.0005521116545423865
2026-03-25 21:37:34.456,0.20104381442070007,-0.09936065226793289,-0.12922850251197815,-0.0009448320488445461,0.0013588137226179242,-0.0010854210704565048
2026-03-25 21:37:34.458,0.169528529047966,-0.09526151418685913,-0.11663275212049484,-0.0007295364630408585,0.0010728029301390052,-0.0010260489070788026
2026-03-25 21:37:34.460,0.13854362070560455,-0.08907973021268845,-0.12097395211458206,-0.0006672122981399298,0.0009334422647953033,-0.0009228117996826768
2026-03-25 21:37:34.462,0.14261461794376373,-0.10244157165288925,-0.14153681695461273,-0.000883337517734617,0.0009732122998684645,-0.0007808562950231135
2026-03-25 21:37:34.464,0.1482410877943039,-0.10312378406524658,-0.16147586703300476,-0.0008623930043540895,0.000673211645334959,-0.0007212990894913673
2026-03-25 21:37:34.466,0.1334298700094223,-0.10472199320793152,-0.1542278379201889,-0.0008367820992134511,0.0006332671619020402,-0.0008435299969278276
2026-03-25 21:37:34.468,0.10957460850477219,-0.10184422135353088,-0.15058739483356476,-0.0007962804520502687,0.00037792441435158253,-0.0008765878155827522
2026-03-25 21:37:34.470,0.13318918645381927,-0.10106439143419266,-0.15773621201515198,-0.00044506031554192305,0.0006254760082811117,-0.0009835431119427085
2026-03-25 21:37:34.472,0.14088255167007446,-0.09886833280324936,-0.14463132619857788,-0.0006629566778428853,0.0006226540426723659,-0.0009611905552446842
2026-03-25 21:37:34.474,0.16508793830871582,-0.08818422257900238,-0.13605302572250366,-0.0007580137462355196,0.0012112109689041972,-0.0009268271387554705
2026-03-25 21:37:34.476,0.16400735080242157,-0.0723700299859047,-0.11829492449760437,-0.0011854850454255939,0.0009180387714877725,-0.0009542318875901401
2026-03-25 21:37:34.478,0.17522193491458893,-0.07987262308597565,-0.14267046749591827,-0.0010959221981465816,0.0013730606297031045,-0.0009350567706860602
2026-03-25 21:37:34.480,0.15983083844184875,-0.08621575683355331,-0.1326332986354828,-0.0009836985263973475,0.0009263659594580531,-0.0007920952630229294
2026-03-25 21:37:34.482,0.12678754329681396,-0.09487956017255783,-0.13439394533634186,-0.000874974939506501,0.0005649383529089391,-0.0008840773953124881
2026-03-25 21:37:34.484,0.13563817739486694,-0.1012578010559082,-0.14768241345882416,-0.0007802568725310266,0.00024191262491513044,-0.0010886420495808125
2026-03-25 21:37:34.486,0.13311778008937836,-0.0965544655919075,-0.14962616562843323,-0.0007596287177875638,0.00045162782771512866,-0.001083941082470119
2026-03-25 21:37:34.488,0.13618077337741852,-0.08368540555238724,-0.15388306975364685,-0.001312864013016224,0.0006072959513403475,-0.0008104260778054595
2026-03-25 21:37:34.490,0.1321418285369873,-0.07351773977279663,-0.13943339884281158,-0.0012511492241173983,0.0005942920106463134,-0.0007213748176582158
2026-03-25 21:37:34.492,0.16724976897239685,-0.08295239508152008,-0.14795172214508057,-0.001238716416992247,0.0009022086160257459,-0.0008884475100785494
2026-03-25 21:37:34.494,0.15452244877815247,-0.09560755640268326,-0.13970361649990082,-0.0008923279820010066,0.0008295621373690665,-0.0011508783791214228
2026-03-25 21:37:34.496,0.15684036910533905,-0.09467389434576035,-0.14297789335250854,-0.0005772187723778188,0.0008258045418187976,-0.0012041027657687664
2026-03-25 21:37:34.498,0.1383659541606903,-0.08245883882045746,-0.13221663236618042,-0.0010979771614074707,0.0005858710501343012,-0.001010762993246317
2026-03-25 21:37:34.501,0.15402604639530182,-0.07672181725502014,-0.13322235643863678,-0.0012829879997298121,0.0008247997029684484,-0.0008580312132835388
2026-03-25 21:37:34.503,0.15508687496185303,-0.07547952234745026,-0.13562293350696564,-0.0013710437342524529,0.000835940707474947,-0.0009154201252385974
2026-03-25 21:37:34.505,0.12840241193771362,-0.0791344940662384,-0.1323414295911789,-0.0008953424403443933,0.0005094236694276333,-0.0009083786280825734
2026-03-25 21:37:34.507,0.14496496319770813,-0.10205022245645523,-0.1440097689628601,-0.0006520224851556122,0.0008080665720626712,-0.0010182599071413279
2026-03-25 21:37:34.509,0.15388216078281403,-0.09051041305065155,-0.15048055350780487,-0.0006899944855831563,0.0009116862784139812,-0.0010708102490752935
2026-03-25 21:37:34.511,0.16093386709690094,-0.07644768804311752,-0.14598707854747772,-0.0013445991789922118,0.0008543398580513895,-0.0007048421539366245
2026-03-25 21:37:34.513,0.1469888687133789,-0.07575137913227081,-0.14350132644176483,-0.0011348341358825564,0.0007373127737082541,-0.0008860047673806548
2026-03-25 21:37:34.515,0.16544927656650543,-0.09022597968578339,-0.14619562029838562,-0.0009811986237764359,0.0008935816003941,-0.0005947629106231034
2026-03-25 21:37:34.517,0.1436987817287445,-0.09578460454940796,-0.13661152124404907,-0.0008772774017415941,0.0006478539435192943,-0.0007211810443550348
2026-03-25 21:37:34.519,0.15179018676280975,-0.11096078157424927,-0.15151447057724,-0.0005596624687314034,0.0007132455357350409,-0.0009807549649849534
2026-03-25 21:37:34.521,0.1350582093000412,-0.1002524122595787,-0.13781927525997162,-0.0006813445943407714,0.0006619951454922557,-0.000849128351546824
2026-03-25 21:37:34.523,0.1350487470626831,-0.08324803411960602,-0.14227677881717682,-0.0011622380698099732,0.0008137472905218601,-0.0005776082980446517
2026-03-25 21:37:34.525,0.16748276352882385,-0.0894421860575676,-0.1414245367050171,-0.0010063357185572386,0.0009614814189262688,-0.0006276734638959169
2026-03-25 21:37:34.527,0.15560464560985565,-0.09172380715608597,-0.12778408825397491,-0.0009647749830037355,0.0008171434164978564,-0.0008395904442295432
2026-03-25 21:37:34.529,0.15130606293678284,-0.09938759356737137,-0.12889108061790466,-0.0007699475972913206,0.0010016533778980374,-0.0008639822481200099
2026-03-25 21:37:34.531,0.15454740822315216,-0.10230298340320587,-0.1309063732624054,-0.0009014379465952516,0.0009001282160170376,-0.0007685552118346095
2026-03-25 21:37:34.533,0.16852784156799316,-0.10130734741687775,-0.13285492360591888,-0.0008881429675966501,0.0011508228490129113,-0.0008139840792864561
2026-03-25 21:37:34.535,0.13758762180805206,-0.08930658549070358,-0.1235407367348671,-0.001229885732755065,0.0006449144566431642,-0.0006106331711634994
2026-03-25 21:37:34.537,0.16181813180446625,-0.09841269254684448,-0.15478362143039703,-0.0007856958545744419,0.0008684595813974738,-0.0007251350907608867
2026-03-25 21:37:34.539,0.1562930792570114,-0.10235223919153214,-0.13998788595199585,-0.000753344560507685,0.0005529908812604845,-0.0008853720501065254
2026-03-25 21:37:34.541,0.15081606805324554,-0.1089872494339943,-0.13739503920078278,-0.0007312156958505511,0.0009275310439988971,-0.0007608755840919912
2026-03-25 21:37:34.543,0.14403221011161804,-0.1105446144938469,-0.13583484292030334,-0.0005696630687452853,0.0009563580970279872,-0.0008146129548549652
2026-03-25 21:37:34.545,0.14713725447654724,-0.10711011290550232,-0.13373598456382751,-0.0008294631843455136,0.000842029694467783,-0.0008826104458421469
2026-03-25 21:37:34.547,0.15864671766757965,-0.11038663983345032,-0.14283503592014313,-0.0006521402974613011,0.0009057472925633192,-0.0008704464416950941
2026-03-25 21:37:34.549,0.14332826435565948,-0.10845565050840378,-0.13326019048690796,-0.000741793483030051,0.000638699799310416,-0.0008207104401662946
2026-03-25 21:37:34.551,0.14599205553531647,-0.1008605882525444,-0.14269106090068817,-0.0006587140960618854,0.0011145122116431594,-0.0007459782063961029
2026-03-25 21:37:34.553,0.1412898749113083,-0.10821811854839325,-0.1316523253917694,-0.0007136999629437923,0.0008442903053946793,-0.0006532243569381535
2026-03-25 21:37:34.555,0.17057928442955017,-0.11801322549581528,-0.13628974556922913,-0.0007965386030264199,0.0011496504303067923,-0.0007318888092413545
2026-03-25 21:37:34.557,0.1525321900844574,-0.10287006199359894,-0.12023593485355377,-0.0004283553862478584,0.001319272443652153,-0.0008933032513596117
2026-03-25 21:37:34.559,0.1525055170059204,-0.1004859060049057,-0.12707997858524323,-0.0007109683938324451,0.0010588883887976408,-0.000660246005281806
2026-03-25 21:37:34.561,0.16739752888679504,-0.1117730513215065,-0.14372143149375916,-0.0006254988838918507,0.0012262050295248628,-0.0006619298364967108
2026-03-25 21:37:34.563,0.14436721801757812,-0.11807660013437271,-0.131845161318779,-0.0005911747575737536,0.0008310755365528166,-0.0007833676063455641
2026-03-25 21:37:34.565,0.1472630500793457,-0.12173185497522354,-0.15420517325401306,-0.0006923901964910328,0.0009522521868348122,-0.0006623102817684412
2026-03-25 21:37:34.567,0.14888596534729004,-0.12114254385232925,-0.16123445332050323,-0.00046832559746690094,0.0007185877184383571,-0.0007592876208946109
2026-03-25 21:37:34.569,0.14230184257030487,-0.1147896945476532,-0.1458187997341156,-0.00052960857283324,0.0008641509339213371,-0.0007240217528305948
2026-03-25 21:37:34.571,0.14709626138210297,-0.10918768495321274,-0.13767540454864502,-0.0005685110227204859,0.0007971897139213979,-0.0007722082082182169
2026-03-25 21:37:34.572,0.14519454538822174,-0.11191657930612564,-0.13195960223674774,-0.0006506663048639894,0.00101706653367728,-0.0008684206986799836
2026-03-25 21:37:34.574,0.1500851809978485,-0.10774372518062592,-0.13104818761348724,-0.0005161893786862493,0.0009055001428350806,-0.0007242702995426953
2026-03-25 21:37:34.576,0.16575084626674652,-0.10809052735567093,-0.13214939832687378,-0.0005922316340729594,0.0011486872099339962,-0.00086264219135046
2026-03-25 21:37:34.578,0.16702614724636078,-0.11073549836874008,-0.14177243411540985,-0.0008930457988753915,0.0011041046818718314,-0.0008721993071958423
2026-03-25 21:37:34.580,0.16798824071884155,-0.10261572897434235,-0.12979735434055328,-0.0006198705523274839,0.0009484627516940236,-0.0007002027123235166
2026-03-25 21:37:34.582,0.15353000164031982,-0.10173717886209488,-0.1288197934627533,-0.0008616860723122954,0.0008006423595361412,-0.0007578341173939407
2026-03-25 21:37:34.584,0.15024277567863464,-0.10636111348867416,-0.13959304988384247,-0.0005385567783378065,0.0009687408455647528,-0.0007546180859208107
2026-03-25 21:37:34.586,0.14326949417591095,-0.11189481616020203,-0.1406516432762146,-0.0007386098732240498,0.0006461541634052992,-0.0006927365902811289
2026-03-25 21:37:34.588,0.14865803718566895,-0.11716069281101227,-0.1545373797416687,-0.0006467761122621596,0.0010290618520230055,-0.0008128593326546252
2026-03-25 21:37:34.590,0.15070365369319916,-0.12489922344684601,-0.1463247835636139,-0.0005769344279542565,0.0007067907718010247,-0.0008524569566361606
2026-03-25 21:37:34.592,0.14601705968379974,-0.11711758375167847,-0.13948172330856323,-0.0006495706620626152,0.0006554099963977933,-0.0007984481053426862
2026-03-25 21:37:34.594,0.14573602378368378,-0.10906986892223358,-0.14502593874931335,-0.0006676490302197635,0.0010099614737555385,-0.000721735181286931
2026-03-25 21:37:34.596,0.15462614595890045,-0.10830249637365341,-0.13556718826293945,-0.000502479902934283,0.0010659510735422373,-0.0007299483986571431
2026-03-25 21:37:34.598,0.1526445597410202,-0.11454392224550247,-0.12733957171440125,-0.0005373658495955169,0.0010411395924165845,-0.0007601440884172916
2026-03-25 21:37:34.600,0.15463025867938995,-0.11133722960948944,-0.12177545577287674,-0.0006343230488710105,0.0009926939383149147,-0.0007517313933931291
2026-03-25 21:37:34.602,0.15963959693908691,-0.11062336713075638,-0.12250316888093948,-0.0007659760303795338,0.0009757294901646674,-0.0006971269613131881
2026-03-25 21:37:34.604,0.16579800844192505,-0.11134020239114761,-0.13689304888248444,-0.0005232510739006102,0.0010165798012167215,-0.00064882542937994
2026-03-25 21:37:34.606,0.15191131830215454,-0.1075233593583107,-0.12337317317724228,-0.0006070582894608378,0.000909940805286169,-0.0005710814730264246
2026-03-25 21:37:34.608,0.16818565130233765,-0.11467810720205307,-0.13582450151443481,-0.0006756142829544842,0.0009629824780859053,-0.0007442726055160165
2026-03-25 21:37:34.611,0.1605847030878067,-0.11532009392976761,-0.12968242168426514,-0.0007325625047087669,0.0008314417791552842,-0.0006586525123566389
2026-03-25 21:37:34.613,0.16256265342235565,-0.12370078265666962,-0.1393342912197113,-0.0006686248816549778,0.0008778841001912951,-0.000652937451377511
2026-03-25 21:37:34.615,0.14730988442897797,-0.12013207376003265,-0.14480076730251312,-0.0005366053082980216,0.0009027019259519875,-0.000828221847768873
2026-03-25 21:37:34.616,0.13718284666538239,-0.11369121074676514,-0.14130157232284546,-0.0007798390579409897,0.0005893146735616028,-0.0005407457356341183
2026-03-25 21:37:34.618,0.15654045343399048,-0.11616251617670059,-0.14642858505249023,-0.0006464992766268551,0.0009477906860411167,-0.0007242880528792739
2026-03-25 21:37:34.620,0.14943864941596985,-0.11447213590145111,-0.1323009878396988,-0.0007267976179718971,0.0007132014143280685,-0.0006118341698311269
2026-03-25 21:37:34.622,0.15655559301376343,-0.11622194200754166,-0.12060187011957169,-0.00070409313775599,0.0012189659755676985,-0.0006846791948191822
2026-03-25 21:37:34.625,0.15423105657100677,-0.11023157835006714,-0.12605157494544983,-0.0005697330925613642,0.0010269482154399157,-0.0005905242287553847
2026-03-25 21:37:34.627,0.16194894909858704,-0.11362340301275253,-0.13307832181453705,-0.0008317984757013619,0.001110158977098763,-0.0005530539201572537
2026-03-25 21:37:34.629,0.16094040870666504,-0.10819850862026215,-0.1221010833978653,-0.0008154454408213496,0.0011718772584572434,-0.0006093120900914073
2026-03-25 21:37:34.631,0.1515117883682251,-0.10537023097276688,-0.12476634979248047,-0.0007390826940536499,0.0008168403874151409,-0.0006424205494113266
2026-03-25 21:37:34.633,0.17529669404029846,-0.11024055629968643,-0.1390327513217926,-0.0005571205401793122,0.0010462612845003605,-0.0006860059220343828
2026-03-25 21:37:34.635,0.14854735136032104,-0.10834155231714249,-0.13264858722686768,-0.0007272943621501327,0.0008552371873520315,-0.0005955485394224524
2026-03-25 21:37:34.637,0.15716679394245148,-0.11196982115507126,-0.13696232438087463,-0.0005391045124270022,0.0008814516477286816,-0.0007297823904082179
2026-03-25 21:37:34.639,0.15160928666591644,-0.11401277780532837,-0.13566021621227264,-0.0006944636697880924,0.0007162783294916153,-0.0005461919936351478
2026-03-25 21:37:34.641,0.14060775935649872,-0.11891672760248184,-0.13396219909191132,-0.0005750191630795598,0.0005922996788285673,-0.0007656904053874314
2026-03-25 21:37:34.643,0.14192013442516327,-0.11461783945560455,-0.13833479583263397,-0.0004868880205322057,0.0009419514099135995,-0.0009201989741995931
2026-03-25 21:37:34.645,0.1484987884759903,-0.10717226564884186,-0.12925203144550323,-0.00065051787532866,0.0007301056175492704,-0.0007473062141798437
2026-03-25 21:37:34.647,0.16861510276794434,-0.10880084335803986,-0.13727061450481415,-0.0006914595142006874,0.0008651437237858772,-0.0007321232696995139
2026-03-25 21:37:34.649,0.1519331932067871,-0.09993967413902283,-0.11718252301216125,-0.0008562742150388658,0.0007929206476546824,-0.0006500639137811959
2026-03-25 21:37:34.651,0.1664489060640335,-0.10319668054580688,-0.1381487250328064,-0.0008573540253564715,0.0010967401321977377,-0.0009065066697075963
2026-03-25 21:37:34.653,0.16156890988349915,-0.10347232967615128,-0.12794922292232513,-0.0009186265524476767,0.001040651579387486,-0.0006400410202331841
2026-03-25 21:37:34.655,0.13833460211753845,-0.10203111916780472,-0.12429193407297134,-0.001007392187602818,0.0007169346208684146,-0.0007766544003970921
2026-03-25 21:37:34.656,0.16208094358444214,-0.09618699550628662,-0.12941694259643555,-0.0007263240986503661,0.001050956198014319,-0.0006664048414677382
2026-03-25 21:37:34.658,0.15455050766468048,-0.09478403627872467,-0.1344393491744995,-0.0009417306864634156,0.0007332221139222383,-0.0006156806484796107
2026-03-25 21:37:34.660,0.1508515626192093,-0.10406513512134552,-0.13281454145908356,-0.0007848076056689024,0.0007699629641138017,-0.0009915493428707123
2026-03-25 21:37:34.662,0.15425489842891693,-0.1004718616604805,-0.13601841032505035,-0.0008063926361501217,0.0008905595168471336,-0.0009604992810636759
2026-03-25 21:37:34.664,0.15228614211082458,-0.09999045729637146,-0.1409083604812622,-0.0008480155374854803,0.0008055461221374571,-0.0008118596160784364
2026-03-25 21:37:34.666,0.1398283988237381,-0.10236059129238129,-0.13894163072109222,-0.0007467720424756408,0.0008158180862665176,-0.0010586559073999524
2026-03-25 21:37:34.668,0.13775648176670074,-0.091814324259758,-0.14600877463817596,-0.0010122644016519189,0.0006312457844614983,-0.0010022144997492433
2026-03-25 21:37:34.670,0.16960613429546356,-0.10041532665491104,-0.16359099745750427,-0.0011522081913426518,0.0008886143332347274,-0.0007485708920285106
2026-03-25 21:37:34.672,0.15013976395130157,-0.09770435839891434,-0.13138610124588013,-0.0005919376853853464,0.0006967322551645339,-0.0010013693245127797
2026-03-25 21:37:34.674,0.13248789310455322,-0.08675354719161987,-0.13131968677043915,-0.0009106435463763773,0.000582451990339905,-0.0010663113789632916
2026-03-25 21:37:34.676,0.15893609821796417,-0.0859130322933197,-0.14503397047519684,-0.0011598508572205901,0.0009014547104015946,-0.0008288449025712907
2026-03-25 21:37:34.678,0.1538907140493393,-0.08713934570550919,-0.13437043130397797,-0.0009800043189898133,0.0009974517161026597,-0.0009441191796213388
2026-03-25 21:37:34.680,0.13876639306545258,-0.0814969390630722,-0.1247752234339714,-0.000914892996661365,0.0009307169239036739,-0.0009312227484770119
2026-03-25 21:37:34.682,0.16011406481266022,-0.08744952827692032,-0.14355383813381195,-0.001105724717490375,0.0009522368782199919,-0.001057529472745955
2026-03-25 21:37:34.684,0.16759023070335388,-0.08032432943582535,-0.1369772106409073,-0.001204353873617947,0.000943628023378551,-0.0008276408188976347
2026-03-25 21:37:34.686,0.14093197882175446,-0.09291084110736847,-0.11512640118598938,-0.0009592198766767979,0.0006920354207977653,-0.0010205996222794056
2026-03-25 21:37:34.688,0.15409614145755768,-0.09452402591705322,-0.15357522666454315,-0.0009872415103018284,0.0008085373556241393,-0.0008634210098534822
2026-03-25 21:37:34.690,0.150152325630188,-0.08366129547357559,-0.1535067856311798,-0.0010898157488554716,0.00041726563358679414,-0.000722867960575968
2026-03-25 21:37:34.692,0.1469816118478775,-0.09436623007059097,-0.14794333279132843,-0.00083741988055408,0.0007347690989263356,-0.0006346287555061281
2026-03-25 21:37:34.694,0.12473024427890778,-0.09102905541658401,-0.13003945350646973,-0.0006661368533968925,0.000696131435688585,-0.0007637111702933908
2026-03-25 21:37:34.696,0.14794476330280304,-0.08811461180448532,-0.14877863228321075,-0.0009199007763527334,0.0008355578174814582,-0.0007783720502629876
2026-03-25 21:37:34.698,0.15174366533756256,-0.09288574755191803,-0.1476220041513443,-0.0008188510546460748,0.0007823562482371926,-0.0009046052000485361
2026-03-25 21:37:34.700,0.1413985788822174,-0.08920642733573914,-0.12016096711158752,-0.0009131003171205521,0.000802207738161087,-0.0009740220848470926
2026-03-25 21:37:34.702,0.14822901785373688,-0.0850478783249855,-0.12711279094219208,-0.001074773957952857,0.0009912092937156558,-0.0008560286369174719
2026-03-25 21:37:34.704,0.17245668172836304,-0.09169787913560867,-0.14224305748939514,-0.0010587599826976657,0.0009490067604929209,-0.0008020339882932603
2026-03-25 21:37:34.705,0.1600492298603058,-0.08664217591285706,-0.12991547584533691,-0.0007599517120979726,0.000984391663223505,-0.0009324999991804361
2026-03-25 21:37:34.707,0.15440401434898376,-0.09023670852184296,-0.12260480225086212,-0.00109521031845361,0.000804035400506109,-0.0008294144063256681
2026-03-25 21:37:34.709,0.16205137968063354,-0.0946851596236229,-0.1453777700662613,-0.000966671563219279,0.0010645909933373332,-0.0008385710534639657
2026-03-25 21:37:34.711,0.155291348695755,-0.09243831783533096,-0.15095385909080505,-0.0006964959902688861,0.0008541048737242818,-0.0006801458075642586
2026-03-25 21:37:34.713,0.13024698197841644,-0.09633500874042511,-0.1434541791677475,-0.0008951067575253546,0.0005674738786183298,-0.0007310923538170755
2026-03-25 21:37:34.715,0.14066508412361145,-0.10170865058898926,-0.15586301684379578,-0.0007227204041555524,0.0007503333035856485,-0.0008291703998111188
2026-03-25 21:37:34.717,0.1385185420513153,-0.10280066728591919,-0.15973304212093353,-0.0008162728627212346,0.0008683584746904671,-0.0008794985478743911
2026-03-25 21:37:34.721,0.14298668503761292,-0.11055885255336761,-0.15542414784431458,-0.0007738994318060577,0.0010011759586632252,-0.0008147172629833221
2026-03-25 21:37:34.723,0.1370210200548172,-0.10688777267932892,-0.12889377772808075,-0.0005690449033863842,0.0007224091095849872,-0.0009197788313031197
2026-03-25 21:37:34.725,0.15603560209274292,-0.10231058299541473,-0.13127213716506958,-0.0007061094511300325,0.0008828261634334922,-0.0007927445112727582
2026-03-25 21:37:34.727,0.16861575841903687,-0.10141348093748093,-0.12309882044792175,-0.0008831262239255011,0.0008874368504621089,-0.00067624740768224
2026-03-25 21:37:34.729,0.1697351485490799,-0.10325230658054352,-0.11750209331512451,-0.0006841098656877875,0.0010194617789238691,-0.0009227651171386242
2026-03-25 21:37:34.731,0.15231609344482422,-0.09717033803462982,-0.1142510175704956,-0.0007558337529189885,0.0009240128565579653,-0.0008649199153296649
2026-03-25 21:37:34.733,0.17411784827709198,-0.10044460743665695,-0.1386491060256958,-0.000824081595055759,0.0010552533203735948,-0.0005783158121630549
2026-03-25 21:37:34.735,0.1654917150735855,-0.10588153451681137,-0.13666920363903046,-0.0005930632469244301,0.0010641226544976234,-0.0006622587097808719
2026-03-25 21:37:34.737,0.14702656865119934,-0.11983135342597961,-0.13173151016235352,-0.0006654173485003412,0.0009317273506894708,-0.0006863969611003995
2026-03-25 21:37:34.739,0.13784697651863098,-0.11510069668292999,-0.12425169348716736,-0.0007028397521935403,0.0007316868286579847,-0.0006932979449629784
2026-03-25 21:37:34.741,0.14842720329761505,-0.12647892534732819,-0.14276112616062164,-0.0006379755795933306,0.0009147347300313413,-0.0007946860860101879
2026-03-25 21:37:34.743,0.14587247371673584,-0.12655025720596313,-0.1453702598810196,-0.0003816512180492282,0.0008627739734947681,-0.0009763796697370708
2026-03-25 21:37:34.745,0.14128316938877106,-0.12413059175014496,-0.12100372463464737,-0.0006734788184985518,0.0009704576223157346,-0.0007128756260499358
2026-03-25 21:37:34.747,0.15789315104484558,-0.1212775930762291,-0.13961561024188995,-0.0006831178907305002,0.0009987418306991458,-0.0004970015725120902
2026-03-25 21:37:34.749,0.1677614003419876,-0.12404089421033859,-0.12406664341688156,-0.0006379332626238465,0.0011913466732949018,-0.0006687361164949834
2026-03-25 21:37:34.751,0.1587519645690918,-0.10989998281002045,-0.11024824529886246,-0.0007466310053132474,0.0009230184368789196,-0.0005525584565475583
2026-03-25 21:37:34.753,0.1606266349554062,-0.10921748727560043,-0.13481251895427704,-0.0007938290946185589,0.0009281539241783321,-0.00037079231697134674
2026-03-25 21:37:34.755,0.16714709997177124,-0.11977586150169373,-0.13626234233379364,-0.0004394780262373388,0.0010337928542867303,-0.0005599505384452641
2026-03-25 21:37:34.757,0.15723936259746552,-0.12037395685911179,-0.11983590573072433,-0.0006136026349849999,0.0009580426849424839,-0.0007352043176069856
2026-03-25 21:37:34.759,0.15482476353645325,-0.1128544732928276,-0.1237214133143425,-0.0006553431157954037,0.0008314453298225999,-0.0006112413830123842
2026-03-25 21:37:34.761,0.15819236636161804,-0.12776869535446167,-0.12916865944862366,-0.000798356777522713,0.0009750215685926378,-0.0006634299061261117
2026-03-25 21:37:34.762,0.159378781914711,-0.12458441406488419,-0.12980152666568756,-0.0004458216717466712,0.001022636890411377,-0.0006963427877053618
2026-03-25 21:37:34.764,0.16150839626789093,-0.12008322775363922,-0.13126510381698608,-0.0005783344386145473,0.0011339773191139102,-0.0005610726657323539
2026-03-25 21:37:34.767,0.15016254782676697,-0.11708109080791473,-0.13916410505771637,-0.0004996777279302478,0.0010282654548063874,-0.0006572551210410893
2026-03-25 21:37:34.769,0.1451425403356552,-0.12446417659521103,-0.13046707212924957,-0.000604483182542026,0.0009499317384324968,-0.0005907237064093351
2026-03-25 21:37:34.771,0.1532859206199646,-0.11601583659648895,-0.1386675089597702,-0.0004597387451212853,0.0008370254654437304,-0.0004002436762675643
2026-03-25 21:37:34.772,0.15943314135074615,-0.11862422525882721,-0.13420826196670532,-0.0005369409336708486,0.0008738429751247168,-0.0006805607117712498
2026-03-25 21:37:34.774,0.15087920427322388,-0.11694890260696411,-0.11987228691577911,-0.0005896817310713232,0.0009331570472568274,-0.0005816729390062392
2026-03-25 21:37:34.776,0.16077393293380737,-0.11775952577590942,-0.12776821851730347,-0.0005605584010481834,0.0010318583808839321,-0.0007523242966271937
2026-03-25 21:37:34.778,0.16648787260055542,-0.11488403379917145,-0.12850943207740784,-0.0005955627420917153,0.0010410422692075372,-0.0006669817958027124
2026-03-25 21:37:34.780,0.155432790517807,-0.10887181758880615,-0.11360348016023636,-0.0008778540068306029,0.0008616120321676135,-0.0008003853727132082
2026-03-25 21:37:34.782,0.1574447751045227,-0.11009233444929123,-0.13125118613243103,-0.000814002298284322,0.0009990850230678916,-0.000730134779587388
2026-03-25 21:37:34.784,0.1666450947523117,-0.1164449155330658,-0.1318470984697342,-0.0006829419289715588,0.0008506260928697884,-0.000674742623232305
2026-03-25 21:37:34.786,0.15609610080718994,-0.11479268968105316,-0.1305091828107834,-0.0006643981905654073,0.0010482787620276213,-0.0008271170663647354
2026-03-25 21:37:34.788,0.14255134761333466,-0.1160784661769867,-0.12756600975990295,-0.0008323797374032438,0.0010412402916699648,-0.0008018753724172711
2026-03-25 21:37:34.790,0.14801175892353058,-0.11126857250928879,-0.14130009710788727,-0.0008781513897702098,0.0009520008461549878,-0.0006358393584378064
2026-03-25 21:37:34.792,0.16216279566287994,-0.11633887141942978,-0.15037323534488678,-0.0006123610655777156,0.0006580514018423855,-0.0008425721898674965
2026-03-25 21:37:34.794,0.1465873271226883,-0.10885594040155411,-0.13951145112514496,-0.000557859253603965,0.0008251824765466154,-0.0006139460601843894
2026-03-25 21:37:34.796,0.1429644227027893,-0.10840003192424774,-0.1372378170490265,-0.0006512540276162326,0.0006841474096290767,-0.0008373333257623017
2026-03-25 21:37:34.798,0.15254409611225128,-0.10640856623649597,-0.14915208518505096,-0.000684413593262434,0.0008484334102831781,-0.0007317466661334038
2026-03-25 21:37:34.800,0.14519165456295013,-0.10398494452238083,-0.13375695049762726,-0.0006254995241761208,0.0010058935731649399,-0.0007915779715403914
2026-03-25 21:37:34.802,0.15954573452472687,-0.10343094170093536,-0.13175372779369354,-0.0007402992341667414,0.0008681440958753228,-0.0007881887722760439
2026-03-25 21:37:34.804,0.16345487534999847,-0.09507200866937637,-0.1304846853017807,-0.0006109390524215996,0.0009480732260271907,-0.0009202796500176191
2026-03-25 21:37:34.806,0.16379235684871674,-0.09424129128456116,-0.13186109066009521,-0.0008633358520455658,0.0008658115402795374,-0.0008242903859354556
2026-03-25 21:37:34.808,0.15349900722503662,-0.09263388812541962,-0.1267995983362198,-0.0008776086615398526,0.001070673344656825,-0.0007832907140254974
2026-03-25 21:37:34.810,0.1547953337430954,-0.08949732035398483,-0.13455531001091003,-0.0009903821628540754,0.0007954946486279368,-0.0007916461327113211
2026-03-25 21:37:34.812,0.14600060880184174,-0.09636437147855759,-0.14125514030456543,-0.0010685037123039365,0.000766298093367368,-0.0009485480259172618
2026-03-25 21:37:34.814,0.14732997119426727,-0.09981212019920349,-0.15229812264442444,-0.000962370540946722,0.0008308239048346877,-0.0007673035142943263
2026-03-25 21:37:34.816,0.1327962726354599,-0.09963919967412949,-0.1569589078426361,-0.0007242160500027239,0.00075099419336766,-0.0009527133661322296
2026-03-25 21:37:34.818,0.1370326727628708,-0.10065074265003204,-0.14432890713214874,-0.0008005042327567935,0.000662968261167407,-0.0008874633349478245
2026-03-25 21:37:34.820,0.14673595130443573,-0.09939412772655487,-0.15327928960323334,-0.0008705719374120235,0.00060585344908759,-0.0010497246403247118
2026-03-25 21:37:34.822,0.1420736312866211,-0.09704875946044922,-0.15346069633960724,-0.0008500805706717074,0.0006639025523327291,-0.0009019054705277085
2026-03-25 21:37:34.824,0.14326171576976776,-0.0884704738855362,-0.15162110328674316,-0.0008241472532972693,0.0006418575067073107,-0.0008304801885969937
2026-03-25 21:37:34.826,0.15538758039474487,-0.08915510773658752,-0.14915598928928375,-0.0010202013654634356,0.0008233247208409011,-0.0009385089506395161
2026-03-25 21:37:34.828,0.15672393143177032,-0.08616119623184204,-0.1351119577884674,-0.0009689672151580453,0.0008548557525500655,-0.0009719252702780068
2026-03-25 21:37:34.830,0.15303058922290802,-0.08427894860506058,-0.13141924142837524,-0.0010468673426657915,0.0008782683871686459,-0.0008662415784783661
2026-03-25 21:37:34.832,0.16061994433403015,-0.07909423857927322,-0.1416282057762146,-0.0007975220796652138,0.000941540754865855,-0.000836955092381686
2026-03-25 21:37:34.834,0.1558825522661209,-0.08352687954902649,-0.1400248110294342,-0.0008577082771807909,0.0009076750138774514,-0.0009566515800543129
2026-03-25 21:37:34.836,0.14795488119125366,-0.08919576555490494,-0.13618965446949005,-0.0008397846831940114,0.000762558018323034,-0.0008705968502908945
2026-03-25 21:37:34.838,0.14255157113075256,-0.09256348013877869,-0.14556433260440826,-0.0009482138557359576,0.0006252045277506113,-0.0009932990651577711
2026-03-25 21:37:34.840,0.13916529715061188,-0.0954660102725029,-0.14741377532482147,-0.0008073030621744692,0.0005848456057719886,-0.0009715177584439516
2026-03-25 21:37:34.843,0.14262406527996063,-0.09892052412033081,-0.1472633183002472,-0.0007855503354221582,0.0007000011391937733,-0.0007668180041946471
2026-03-25 21:37:34.845,0.15539662539958954,-0.09665868431329727,-0.13930468261241913,-0.0007871740381233394,0.000424011901486665,-0.0009708604193292558
2026-03-25 21:37:34.847,0.15386268496513367,-0.09048054367303848,-0.13234731554985046,-0.0007202260312624276,0.0007169285672716796,-0.0009136250009760261
2026-03-25 21:37:34.849,0.15396764874458313,-0.08766955137252808,-0.13175688683986664,-0.0009408349287696183,0.0008356903563253582,-0.0009268596768379211
2026-03-25 21:37:34.851,0.15854769945144653,-0.08273467421531677,-0.13310687243938446,-0.0009309920715168118,0.0008908535237424076,-0.0007927683182060719
2026-03-25 21:37:34.853,0.1606772094964981,-0.08497119694948196,-0.14677710831165314,-0.0007340084412135184,0.0011045432183891535,-0.0010432765120640397
2026-03-25 21:37:34.855,0.15877431631088257,-0.0857795774936676,-0.13331174850463867,-0.000844466092530638,0.0010788481449708343,-0.0007463151123374701
2026-03-25 21:37:34.857,0.15607774257659912,-0.09214390069246292,-0.13312683999538422,-0.0010171901667490602,0.000909218390006572,-0.0007524726679548621
2026-03-25 21:37:34.859,0.1549646556377411,-0.10300171375274658,-0.1353631317615509,-0.000947895459830761,0.0006633501616306603,-0.0009146265219897032
2026-03-25 21:37:34.861,0.14310571551322937,-0.10367605835199356,-0.14014898240566254,-0.0007152497419156134,0.0008490257314406335,-0.0009945592610165477
2026-03-25 21:37:34.863,0.14639216661453247,-0.10215312242507935,-0.14466725289821625,-0.0005320310592651367,0.0008387751295231283,-0.0009456219268031418
2026-03-25 21:37:34.865,0.14680592715740204,-0.10585173964500427,-0.1525438278913498,-0.0006923007313162088,0.0007053291774354875,-0.0007283230661414564
2026-03-25 21:37:34.867,0.14660604298114777,-0.10071472823619843,-0.14363142848014832,-0.0006779331597499549,0.0006234021857380867,-0.0008550588972866535
2026-03-25 21:37:34.869,0.1502566784620285,-0.10023358464241028,-0.14573509991168976,-0.0006109141977503896,0.0007684653392061591,-0.0006953194970265031
2026-03-25 21:37:34.871,0.15094149112701416,-0.10057178139686584,-0.13919596374034882,-0.0005006430437788367,0.0007112500607036054,-0.0008884166600182652
2026-03-25 21:37:34.873,0.15228097140789032,-0.10248404741287231,-0.1376315951347351,-0.0007038523908704519,0.0007390973041765392,-0.0008944413857534528
2026-03-25 21:37:34.875,0.16766877472400665,-0.10220703482627869,-0.13797909021377563,-0.0006284244591370225,0.0009198596817441285,-0.0007912841392681003
2026-03-25 21:37:34.877,0.16340501606464386,-0.10713066160678864,-0.13390788435935974,-0.0007541290833614767,0.0009728061850182712,-0.0007983745890669525
2026-03-25 21:37:34.879,0.16378454864025116,-0.10325878858566284,-0.12800981104373932,-0.0007087654084898531,0.0008423984982073307,-0.0009610404958948493
2026-03-25 21:37:34.881,0.1574193686246872,-0.10450615733861923,-0.1247941330075264,-0.0006479208823293447,0.0010740554425865412,-0.0008173994137905538
2026-03-25 21:37:34.883,0.15771646797657013,-0.11355427652597427,-0.13551557064056396,-0.0008187760249711573,0.0009800356347113848,-0.0007417070446535945
2026-03-25 21:37:34.885,0.15306000411510468,-0.11796348541975021,-0.12217895686626434,-0.0007621071417815983,0.0007895324961282313,-0.0006826928001828492
2026-03-25 21:37:34.887,0.15186989307403564,-0.1153101697564125,-0.13487006723880768,-0.0004755898844450712,0.0007289718487299979,-0.0007268093177117407
2026-03-25 21:37:34.889,0.14688435196876526,-0.12208087742328644,-0.1392352432012558,-0.0006943393382243812,0.0007792268297635019,-0.0006737211369909346
2026-03-25 21:37:34.891,0.14797738194465637,-0.1160266324877739,-0.12456991523504257,-0.0005522897117771208,0.000730069587007165,-0.0008022616384550929
2026-03-25 21:37:34.893,0.15210755169391632,-0.11565408110618591,-0.13111244142055511,-0.0006751312175765634,0.0007554468465968966,-0.0007092365412972867
2026-03-25 21:37:34.895,0.1603356897830963,-0.11453249305486679,-0.1364624947309494,-0.0007459376356564462,0.0009238189086318016,-0.0007308436906896532
2026-03-25 21:37:34.897,0.15957549214363098,-0.11655541509389877,-0.1343725621700287,-0.0006580103654414415,0.0009590044501237571,-0.0007766024209558964
2026-03-25 21:37:34.899,0.15427039563655853,-0.11450483649969101,-0.1199955940246582,-0.0008091372437775135,0.0010288861813023686,-0.0007791945827193558
2026-03-25 21:37:34.901,0.15369351208209991,-0.10965991765260696,-0.11822418123483658,-0.0007014729198999703,0.000928024179302156,-0.0008170263608917594
2026-03-25 21:37:34.903,0.15920580923557281,-0.1078796461224556,-0.1262652575969696,-0.0005828038556501269,0.0009823490399867296,-0.0007396847358904779
2026-03-25 21:37:34.905,0.15968230366706848,-0.11739654093980789,-0.12986166775226593,-0.0005798734491690993,0.0009281130624003708,-0.0005276018637232482
2026-03-25 21:37:34.907,0.16540463268756866,-0.11614658683538437,-0.13416332006454468,-0.0004130593442823738,0.0009339703829027712,-0.0006130706751719117
2026-03-25 21:37:34.909,0.15885701775550842,-0.11599717289209366,-0.12845541536808014,-0.0005544385057874024,0.00074320676503703,-0.0008123802836053073
2026-03-25 21:37:34.911,0.15719610452651978,-0.11952821910381317,-0.13317909836769104,-0.000582797743845731,0.0007692519575357437,-0.0008369552087970078
2026-03-25 21:37:34.913,0.1525578498840332,-0.11742984503507614,-0.13121312856674194,-0.0007434188155457377,0.000833387253805995,-0.0006306621362455189
2026-03-25 21:37:34.915,0.15478527545928955,-0.11008358001708984,-0.13443608582019806,-0.0006226592231541872,0.0007723163580521941,-0.0004983891849406064
2026-03-25 21:37:34.917,0.15540821850299835,-0.10633310675621033,-0.1423950046300888,-0.0007215900695882738,0.0008859818917699158,-0.0006239272770471871
2026-03-25 21:37:34.919,0.15966466069221497,-0.10805046558380127,-0.1390109658241272,-0.000509152130689472,0.0009441361762583256,-0.0006924397312104702
2026-03-25 21:37:34.921,0.14790336787700653,-0.1112002357840538,-0.13854528963565826,-0.0006375438533723354,0.0010297582484781742,-0.0006686245324090123
2026-03-25 21:37:34.923,0.15437988936901093,-0.11439449340105057,-0.134299635887146,-0.0007568422006443143,0.0007912580040283501,-0.0009158432367257774
2026-03-25 21:37:34.925,0.16244180500507355,-0.11323566734790802,-0.1289086490869522,-0.0007671992643736303,0.0009781859116628766,-0.0008045539725571871
2026-03-25 21:37:34.927,0.156563401222229,-0.10649436712265015,-0.12594068050384521,-0.000548401614651084,0.000859160500112921,-0.0007347246282733977
2026-03-25 21:37:34.929,0.15274713933467865,-0.10287528485059738,-0.1325581818819046,-0.0005536698154173791,0.0008240642491728067,-0.0008680048631504178
2026-03-25 21:37:34.931,0.1472945362329483,-0.10522675514221191,-0.1393386572599411,-0.000628441630396992,0.0008263184572570026,-0.0007861044723540545
2026-03-25 21:37:34.933,0.14947658777236938,-0.10869351029396057,-0.1387699544429779,-0.0008664120105095208,0.0008431290625594556,-0.0007580429082736373
2026-03-25 21:37:34.935,0.1521989405155182,-0.10521388053894043,-0.13817037642002106,-0.0005574183305725455,0.0008009159355424345,-0.0008631441160105169
2026-03-25 21:37:34.938,0.14194145798683167,-0.10929353535175323,-0.14004430174827576,-0.00046149877016432583,0.0009881608420982957,-0.0008315815939567983
2026-03-25 21:37:34.940,0.14998698234558105,-0.1085316613316536,-0.1349794864654541,-0.0005273077986203134,0.0007676150999031961,-0.0008399817743338645
2026-03-25 21:37:34.942,0.14289142191410065,-0.10904517024755478,-0.1424599140882492,-0.0006889809155836701,0.0009751351899467409,-0.0007561138481833041
2026-03-25 21:37:34.944,0.15921412408351898,-0.10454307496547699,-0.13000069558620453,-0.0007192798075266182,0.000855390215292573,-0.0008240410243161023
2026-03-25 21:37:34.946,0.1521826833486557,-0.10298516601324081,-0.13053977489471436,-0.0008414883050136268,0.0009812446078285575,-0.0007470299024134874
2026-03-25 21:37:34.948,0.1663346290588379,-0.10324779152870178,-0.13308604061603546,-0.0008011731551960111,0.000929464353248477,-0.0007284985622391105
2026-03-25 21:37:34.950,0.1488220989704132,-0.09934821724891663,-0.13041818141937256,-0.000765040167607367,0.0010864771902561188,-0.0005820831283926964
2026-03-25 21:37:34.952,0.1558018922805786,-0.10007837414741516,-0.1228083074092865,-0.0006793544162064791,0.0008872119942680001,-0.0006352048949338496
2026-03-25 21:37:34.954,0.1543203443288803,-0.10171916335821152,-0.13121488690376282,-0.0007609765161760151,0.000843381101731211,-0.0006992128328420222
2026-03-25 21:37:34.956,0.14983166754245758,-0.10275907814502716,-0.12787382304668427,-0.0007782009779475629,0.0010471043642610312,-0.0009082022006623447
2026-03-25 21:37:34.958,0.1514214426279068,-0.1103992685675621,-0.1283036172389984,-0.0009020066354423761,0.0007364468183368444,-0.0008027393487282097
2026-03-25 21:37:34.960,0.14824815094470978,-0.10578660666942596,-0.12943218648433685,-0.0008289399556815624,0.0010508446721360087,-0.000751683721318841
2026-03-25 21:37:34.962,0.14605511724948883,-0.10665000230073929,-0.13487175107002258,-0.001013431348837912,0.0008062378619797528,-0.0007625165744684637
2026-03-25 21:37:34.964,0.15604719519615173,-0.10677788406610489,-0.1461792290210724,-0.00096184725407511,0.0006981155602261424,-0.0006527099758386612
2026-03-25 21:37:34.966,0.15237264335155487,-0.10783310979604721,-0.1352960765361786,-0.0008875362109392881,0.0008385130786336958,-0.0006899232976138592
2026-03-25 21:37:34.968,0.14997640252113342,-0.09879425168037415,-0.14238524436950684,-0.0008729715482331812,0.0008496335940435529,-0.0006957147852517664
2026-03-25 21:37:34.970,0.15626260638237,-0.10530217736959457,-0.1467786580324173,-0.0008650407544337213,0.0009772481862455606,-0.0008072119089774787
2026-03-25 21:37:34.972,0.14983782172203064,-0.10414483398199081,-0.1361229568719864,-0.0008525789016857743,0.000974101189058274,-0.0007868536049500108
2026-03-25 21:37:34.974,0.1457909494638443,-0.10130538791418076,-0.13158352673053741,-0.0007825772627256811,0.0007793479599058628,-0.0008161608129739761
2026-03-25 21:37:34.976,0.14697007834911346,-0.09844759851694107,-0.13747885823249817,-0.0008265366777777672,0.0008547428296878934,-0.0006971473922021687
2026-03-25 21:37:34.978,0.15271109342575073,-0.0980411246418953,-0.13563212752342224,-0.000767769175581634,0.0009491695091128349,-0.000722526281606406
2026-03-25 21:37:34.980,0.15540415048599243,-0.10122313350439072,-0.13302357494831085,-0.0008370693540200591,0.0009200624190270901,-0.0008499365649186075
2026-03-25 21:37:34.982,0.15896938741207123,-0.1053931787610054,-0.13607099652290344,-0.0008557536057196558,0.0010072208242490888,-0.0007244046428240836
2026-03-25 21:37:34.984,0.15354208648204803,-0.10143779963254929,-0.13984335958957672,-0.0006714632618241012,0.0010399315506219864,-0.0007677182438783348
2026-03-25 21:37:34.986,0.15000484883785248,-0.1011217013001442,-0.13433851301670074,-0.0007294885581359267,0.0006642746739089489,-0.0007963337702676654
2026-03-25 21:37:34.988,0.15268993377685547,-0.10464656352996826,-0.13673241436481476,-0.0007487236871384084,0.0005477447994053364,-0.0007835832075215876
2026-03-25 21:37:34.990,0.14445221424102783,-0.11016667634248734,-0.13017059862613678,-0.0006388718611560762,0.0007505809771828353,-0.0007120735244825482
2026-03-25 21:37:34.992,0.14759312570095062,-0.10825081169605255,-0.13625170290470123,-0.000745931058190763,0.0006407136679627001,-0.0007039310876280069
2026-03-25 21:37:34.994,0.14834274351596832,-0.10071401298046112,-0.13758690655231476,-0.0007151324534788728,0.0007347369682975113,-0.0006759657408110797
2026-03-25 21:37:34.996,0.15150901675224304,-0.10049387812614441,-0.1329289674758911,-0.0009619621559977531,0.0008727842941880226,-0.0008954625227488577
2026-03-25 21:37:34.998,0.15128664672374725,-0.09790463000535965,-0.13032804429531097,-0.0009014451061375439,0.0009128929232247174,-0.0008228160440921783
2026-03-25 21:37:35.000,0.15639638900756836,-0.09547395259141922,-0.13004878163337708,-0.0008798483177088201,0.0011618637945502996,-0.0007194238714873791
2026-03-25 21:37:35.002,0.16042660176753998,-0.09674568474292755,-0.14066298305988312,-0.0010210716864094138,0.0009814078221097589,-0.0007033972651697695
2026-03-25 21:37:35.004,0.15989093482494354,-0.09980057179927826,-0.1265476793050766,-0.0009145148214884102,0.0009704823605716228,-0.0006859872955828905
2026-03-25 21:37:35.006,0.15665769577026367,-0.1021064892411232,-0.1315416544675827,-0.0009357371600344777,0.0009598078904673457,-0.0008787249680608511
2026-03-25 21:37:35.008,0.15453974902629852,-0.09811874479055405,-0.13815273344516754,-0.0008691282710060477,0.0008615512633696198,-0.0007059730123728514
2026-03-25 21:37:35.010,0.15767504274845123,-0.10200081020593643,-0.15107613801956177,-0.0007384696509689093,0.0007274685776792467,-0.0006797980167903006
2026-03-25 21:37:35.012,0.15019945800304413,-0.10401850193738937,-0.14005029201507568,-0.0007765418849885464,0.0008544066804461181,-0.0008046978036873043
2026-03-25 21:37:35.014,0.1447596549987793,-0.10419686138629913,-0.1354406177997589,-0.0007940217037685215,0.0008671554387547076,-0.0008006181451492012
2026-03-25 21:37:35.016,0.13882648944854736,-0.10444590449333191,-0.13531500101089478,-0.0006830281345173717,0.000839480257127434,-0.0008594634709879756
2026-03-25 21:37:35.018,0.1442485898733139,-0.1077403873205185,-0.13864140212535858,-0.0007627512677572668,0.0008553717634640634,-0.0009417368564754725
2026-03-25 21:37:35.020,0.1480390727519989,-0.10758503526449203,-0.1341494768857956,-0.000850857060868293,0.000732933112885803,-0.0008421851671300828
2026-03-25 21:37:35.022,0.15602360665798187,-0.10848654061555862,-0.1314164400100708,-0.0009768758900463581,0.0007105952827259898,-0.0008684167987667024
2026-03-25 21:37:35.024,0.165754497051239,-0.09541292488574982,-0.13775646686553955,-0.0008335008169524372,0.0008929065661504865,-0.0006604391383007169
2026-03-25 21:37:35.026,0.1637333780527115,-0.09902602434158325,-0.13945549726486206,-0.0010692339856177568,0.0008878505323082209,-0.0007259469712153077
2026-03-25 21:37:35.028,0.1620742231607437,-0.09713567048311234,-0.12189210951328278,-0.0009721664828248322,0.0008705547079443932,-0.000779006106313318
2026-03-25 21:37:35.030,0.1639949083328247,-0.09612354636192322,-0.13800573348999023,-0.0009562209597788751,0.0008699428290128708,-0.0008495122310705483
2026-03-25 21:37:35.032,0.15234297513961792,-0.09841971844434738,-0.13304418325424194,-0.0006909110816195607,0.0008452697074972093,-0.0007121792295947671
2026-03-25 21:37:35.034,0.14515802264213562,-0.10435501486063004,-0.13565847277641296,-0.0008879527449607849,0.0007884199148975313,-0.0008230169187299907
2026-03-25 21:37:35.036,0.14431190490722656,-0.10175208002328873,-0.13421529531478882,-0.00052067288197577,0.000767118704970926,-0.0008222741889767349
2026-03-25 21:37:35.038,0.14976170659065247,-0.10942114144563675,-0.1372201293706894,-0.0007334069814532995,0.0009670722647570074,-0.000700444623362273
2026-03-25 21:37:35.040,0.14082083106040955,-0.10885641723871231,-0.1372479349374771,-0.0006270512822084129,0.0008835054468363523,-0.0006380363483913243
2026-03-25 21:37:35.042,0.14813925325870514,-0.1059422418475151,-0.13981007039546967,-0.0006668894202448428,0.0006527301156893373,-0.0009144978830590844
2026-03-25 21:37:35.044,0.14832697808742523,-0.10157708078622818,-0.12631340324878693,-0.000728981161955744,0.0007964119431562722,-0.000708393519744277
2026-03-25 21:37:35.046,0.15587566792964935,-0.1004653200507164,-0.13746032118797302,-0.0007962022791616619,0.0008207702776417136,-0.0007095597684383392
2026-03-25 21:37:35.048,0.16031162440776825,-0.10072372108697891,-0.13576658070087433,-0.0007407943485304713,0.000873896642588079,-0.0006498042494058609
2026-03-25 21:37:35.050,0.1640077531337738,-0.09662529081106186,-0.13699790835380554,-0.000722365512046963,0.0009154086001217365,-0.0007004998624324799
2026-03-25 21:37:35.052,0.16270481050014496,-0.1051233634352684,-0.13936464488506317,-0.0007998732617124915,0.0011359760537743568,-0.0007236206438392401
2026-03-25 21:37:35.054,0.16102512180805206,-0.10499835014343262,-0.1304004043340683,-0.0006668128771707416,0.0008277579909190536,-0.0008768090046942234
2026-03-25 21:37:35.056,0.14927396178245544,-0.10765258222818375,-0.13735224306583405,-0.0008611453231424093,0.0008581862784922123,-0.0008873413316905499
2026-03-25 21:37:35.058,0.14224953949451447,-0.10158796608448029,-0.13311220705509186,-0.0006741233519278467,0.0008497791131958365,-0.0008919825777411461
2026-03-25 21:37:35.060,0.14493006467819214,-0.10807552188634872,-0.1345757693052292,-0.0007759979926049709,0.0009391405037604272,-0.0006880272994749248
2026-03-25 21:37:35.062,0.14484460651874542,-0.10991445183753967,-0.1302126944065094,-0.0006030111107975245,0.0007520451326854527,-0.0007093879976309836
2026-03-25 21:37:35.064,0.1521063596010208,-0.11220188438892365,-0.14959746599197388,-0.0007122395909391344,0.0007382660987786949,-0.0005506278830580413
2026-03-25 21:37:35.066,0.15348656475543976,-0.11286689341068268,-0.1404304951429367,-0.0006970504182390869,0.0009463232127018273,-0.0007355674169957638
2026-03-25 21:37:35.068,0.15615114569664001,-0.1046190932393074,-0.13562093675136566,-0.000590935698710382,0.000884702370967716,-0.0007986173732206225
2026-03-25 21:37:35.070,0.1576133370399475,-0.10973519831895828,-0.14010769128799438,-0.0005774109158664942,0.0008674715645611286,-0.0009341884288005531
2026-03-25 21:37:35.072,0.15322765707969666,-0.10820979624986649,-0.12513501942157745,-0.0005326695390976965,0.0008543949224986136,-0.0008732955902814865
2026-03-25 21:37:35.074,0.15363457798957825,-0.10960272699594498,-0.13091987371444702,-0.0007400845643132925,0.0009061790187843144,-0.0007891475688666105
2026-03-25 21:37:35.076,0.1478153020143509,-0.11064884811639786,-0.13833753764629364,-0.000694389280397445,0.0009682113886810839,-0.0007005129591561854
2026-03-25 21:37:35.078,0.15868628025054932,-0.1060846596956253,-0.13708841800689697,-0.0006163551588542759,0.0009288594592362642,-0.000801015819888562
2026-03-25 21:37:35.080,0.16024133563041687,-0.10877498239278793,-0.14459989964962006,-0.0007453676662407815,0.0008872858597896993,-0.0007192592020146549
2026-03-25 21:37:35.082,0.14918796718120575,-0.117156483232975,-0.140293687582016,-0.0006785632576793432,0.0008409514557570219,-0.000894412980414927
2026-03-25 21:37:35.084,0.15221256017684937,-0.11425094306468964,-0.1363653540611267,-0.000523892929777503,0.000774055311921984,-0.0008347317925654352
2026-03-25 21:37:35.086,0.14782917499542236,-0.11404437571763992,-0.13497255742549896,-0.0004701928119175136,0.0006694216863252223,-0.0008068072493188083
2026-03-25 21:37:35.088,0.14442245662212372,-0.10769596695899963,-0.12430721521377563,-0.0004483911907300353,0.0009205954265780747,-0.0007414668216370046
2026-03-25 21:37:35.090,0.1512995958328247,-0.11738892644643784,-0.1386612206697464,-0.0007976459455676377,0.0009942770702764392,-0.0007906858809292316
2026-03-25 21:37:35.092,0.15360574424266815,-0.10854595899581909,-0.13033343851566315,-0.0006524389027617872,0.0009878886630758643,-0.00069553276989609
2026-03-25 21:37:35.094,0.14984920620918274,-0.11170456558465958,-0.1334831714630127,-0.0007669152109883726,0.0010651564225554466,-0.0006824119482189417
2026-03-25 21:37:35.096,0.1579444855451584,-0.1093154177069664,-0.1358877718448639,-0.0007630517357029021,0.0009889340726658702,-0.0007928885752335191
2026-03-25 21:37:35.098,0.15443623065948486,-0.1102464348077774,-0.13741153478622437,-0.0008592403028160334,0.0008923024288378656,-0.000680072233080864
2026-03-25 21:37:35.100,0.15060918033123016,-0.10947973281145096,-0.12772348523139954,-0.0008098416146822274,0.0008350544376298785,-0.0009025509934872389
2026-03-25 21:37:35.102,0.1524990200996399,-0.11131516098976135,-0.13268233835697174,-0.000600971921812743,0.0009923881152644753,-0.0008505599689669907
2026-03-25 21:37:35.104,0.15602123737335205,-0.10952714085578918,-0.12647634744644165,-0.0005822292296215892,0.0008371020085178316,-0.0007603857666254044
2026-03-25 21:37:35.106,0.15498344600200653,-0.10926362127065659,-0.13132478296756744,-0.0005388672580011189,0.0009473894024267793,-0.000813127844594419
2026-03-25 21:37:35.108,0.15789522230625153,-0.10995309054851532,-0.13335192203521729,-0.0005553634837269783,0.0008818928617984056,-0.00082172587281093
2026-03-25 21:37:35.110,0.15383265912532806,-0.10716065019369125,-0.13971222937107086,-0.0006842472939752042,0.00100131263025105,-0.0007667756290175021
2026-03-25 21:37:35.112,0.15638718008995056,-0.11295421421527863,-0.13124145567417145,-0.0006976971053518355,0.0008702311897650361,-0.0009023440652526915
2026-03-25 21:37:35.114,0.15336072444915771,-0.10893517732620239,-0.13805019855499268,-0.0007767961360514164,0.0009400201961398125,-0.0007016681483946741
2026-03-25 21:37:35.116,0.14687079191207886,-0.10200586169958115,-0.13407768309116364,-0.0006524097407236695,0.0007776973652653396,-0.0007338816649280488
2026-03-25 21:37:35.118,0.15140266716480255,-0.10596087574958801,-0.14217641949653625,-0.0006117055309005082,0.000839404237922281,-0.000714830937795341
2026-03-25 21:37:35.120,0.15174050629138947,-0.11076641082763672,-0.12899617850780487,-0.0007850303663872182,0.0009051625966094434,-0.0007963916868902743
2026-03-25 21:37:35.122,0.1559045910835266,-0.11108054220676422,-0.13087612390518188,-0.0006397535325959325,0.0008245559874922037,-0.0006967856315895915
2026-03-25 21:37:35.124,0.1527261734008789,-0.10278568416833878,-0.13591021299362183,-0.0004717629635706544,0.0007843404309824109,-0.0008635096019133925
2026-03-25 21:37:35.126,0.15979979932308197,-0.10856883972883224,-0.13431312143802643,-0.0006577278254553676,0.0009498205035924911,-0.0008995496318675578
2026-03-25 21:37:35.128,0.15542340278625488,-0.1027342677116394,-0.13232089579105377,-0.0006187921389937401,0.000928045716136694,-0.0007323286845348775
2026-03-25 21:37:35.130,0.1483411192893982,-0.09729347378015518,-0.12903493642807007,-0.0007039087940938771,0.0010170727036893368,-0.0007271738140843809
2026-03-25 21:37:35.132,0.15312625467777252,-0.10695385187864304,-0.13155235350131989,-0.0009341305121779442,0.0007866894011385739,-0.0006881823646835983
2026-03-25 21:37:35.134,0.14999064803123474,-0.10405963659286499,-0.13766002655029297,-0.000774977495893836,0.0008658533333800733,-0.0007923068478703499
2026-03-25 21:37:35.136,0.14773991703987122,-0.10359364002943039,-0.1324346661567688,-0.0006058207945898175,0.000871643191203475,-0.0010210642358288169
2026-03-25 21:37:35.138,0.14949317276477814,-0.11207134276628494,-0.1411815583705902,-0.0007535520708188415,0.000906079076230526,-0.0007011403213255107
2026-03-25 21:37:35.141,0.14640289545059204,-0.10896893590688705,-0.13808709383010864,-0.0006836046813987195,0.0007112944149412215,-0.0008440756355412304
2026-03-25 21:37:35.143,0.141591414809227,-0.10506996512413025,-0.13633057475090027,-0.0007460660417564213,0.0008920685504563153,-0.0008598747663199902
2026-03-25 21:37:35.145,0.15029408037662506,-0.10221479833126068,-0.14385272562503815,-0.0008168580825440586,0.0008279914036393166,-0.0009807756869122386
2026-03-25 21:37:35.147,0.14503614604473114,-0.09883689135313034,-0.1393357366323471,-0.0007275961106643081,0.000976702431216836,-0.0006985472864471376
2026-03-25 21:37:35.149,0.15240761637687683,-0.10341762751340866,-0.13488458096981049,-0.0007337792194448411,0.0009415249223820865,-0.000651255832053721
2026-03-25 21:37:35.151,0.15855960547924042,-0.10329072177410126,-0.13316230475902557,-0.0009255356853827834,0.0008112898212857544,-0.0008954685181379318
2026-03-25 21:37:35.153,0.15976141393184662,-0.09989678114652634,-0.13210435211658478,-0.0007765504415147007,0.0008109410991892219,-0.0009035795228555799
2026-03-25 21:37:35.155,0.14524975419044495,-0.09652187675237656,-0.12895070016384125,-0.0010255419183522463,0.0008845229167491198,-0.0008971855277195573
2026-03-25 21:37:35.157,0.1465204954147339,-0.09241808205842972,-0.13401542603969574,-0.0008136499673128128,0.000736368412617594,-0.0009175919694826007
2026-03-25 21:37:35.159,0.1442420333623886,-0.09538719803094864,-0.13551168143749237,-0.0008426764397881925,0.000806202762760222,-0.0007537660421803594
2026-03-25 21:37:35.161,0.14493833482265472,-0.09730423241853714,-0.14200003445148468,-0.0007679436821490526,0.0009019570425152779,-0.000708791078068316
2026-03-25 21:37:35.163,0.14792299270629883,-0.10116974264383316,-0.14589300751686096,-0.0007196874357759953,0.000914364994969219,-0.0009711127495393157
2026-03-25 21:37:35.165,0.14811651408672333,-0.10115185379981995,-0.14999471604824066,-0.0006160559132695198,0.000783899740781635,-0.0009925308404490352
2026-03-25 21:37:35.167,0.14761747419834137,-0.1035509780049324,-0.14047864079475403,-0.0007404208299703896,0.0009486402850598097,-0.0008679911261424422
2026-03-25 21:37:35.169,0.14344051480293274,-0.09936727583408356,-0.13378740847110748,-0.0007770902011543512,0.0008353008306585252,-0.000965178944170475
2026-03-25 21:37:35.173,0.15160225331783295,-0.08937867730855942,-0.14951080083847046,-0.0007089017308317125,0.0008811989100649953,-0.0009016161202453077
2026-03-25 21:37:35.177,0.1524392068386078,-0.09596902877092361,-0.13988640904426575,-0.0007816802244633436,0.00103834830224514,-0.0009959323797374964
2026-03-25 21:37:35.181,0.152508944272995,-0.0915444865822792,-0.13617748022079468,-0.0008106156601570547,0.0008452964830212295,-0.0008193395333364606
2026-03-25 21:37:35.183,0.15563344955444336,-0.09597872942686081,-0.1485496163368225,-0.0008057132945396006,0.0008453167392872274,-0.0008694550488144159
2026-03-25 21:37:35.187,0.14874564111232758,-0.10413403809070587,-0.13687929511070251,-0.0007725818431936204,0.0010017314925789833,-0.0008896223152987659
2026-03-25 21:37:35.189,0.14800472557544708,-0.10106196254491806,-0.1447858065366745,-0.0007019512122496963,0.0009154678555205464,-0.0007128099678084254
2026-03-25 21:37:35.193,0.1460247039794922,-0.10540170222520828,-0.13465368747711182,-0.0006611631251871586,0.0007637323578819633,-0.0007817867444828153
2026-03-25 21:37:35.195,0.1519125998020172,-0.10399983823299408,-0.13278047740459442,-0.0007887888350524008,0.000784742645919323,-0.0007475317688658834
2026-03-25 21:37:35.197,0.14660978317260742,-0.10405776649713516,-0.13697105646133423,-0.00098647759296,0.0011297808960080147,-0.0007213377975858748
2026-03-25 21:37:35.199,0.15106771886348724,-0.09487663209438324,-0.13238312304019928,-0.0007171526085585356,0.001090887002646923,-0.0008384693064726889
2026-03-25 21:37:35.201,0.16184420883655548,-0.09289592504501343,-0.12367856502532959,-0.000862969784066081,0.0009480021544732153,-0.0006746398285031319
2026-03-25 21:37:35.203,0.15529291331768036,-0.09670811146497726,-0.13981622457504272,-0.0009264789987355471,0.0008576574036851525,-0.0007855144212953746
2026-03-25 21:37:35.205,0.16121460497379303,-0.10012480616569519,-0.13912566006183624,-0.0008335520979017019,0.0009684941032901406,-0.0008004013216122985
2026-03-25 21:37:35.207,0.15771959722042084,-0.10484488308429718,-0.12130044400691986,-0.0007515700999647379,0.000663997430820018,-0.0007046526297926903
2026-03-25 21:37:35.209,0.1607922911643982,-0.107344850897789,-0.14461076259613037,-0.0006696275668218732,0.0009106366196647286,-0.0008804501267150044
2026-03-25 21:37:35.211,0.15249699354171753,-0.10942483693361282,-0.13450589776039124,-0.000822142232209444,0.0005621054442599416,-0.0007050566491670907
2026-03-25 21:37:35.213,0.15908506512641907,-0.107490174472332,-0.139074444770813,-0.0005627949140034616,0.0010075276950374246,-0.000990361557342112
2026-03-25 21:37:35.215,0.14234007894992828,-0.11213444173336029,-0.13631704449653625,-0.0006472759996540844,0.0009617795585654676,-0.0007952906307764351
2026-03-25 21:37:35.217,0.149808868765831,-0.11070942133665085,-0.1366947591304779,-0.0007902256329543889,0.0008132871007546782,-0.0008990216301754117
2026-03-25 21:37:35.219,0.15181559324264526,-0.11370102316141129,-0.14263737201690674,-0.0007644222932867706,0.0007943667005747557,-0.0007055810419842601
2026-03-25 21:37:35.221,0.14999616146087646,-0.11034995317459106,-0.12452787905931473,-0.0006458042771555483,0.0007348163635469973,-0.0006579828914254904
2026-03-25 21:37:35.223,0.16196559369564056,-0.11457083374261856,-0.13066749274730682,-0.0007018825854174793,0.001089696423150599,-0.0006555186701007187
2026-03-25 21:37:35.225,0.1549709439277649,-0.1111288070678711,-0.12087564170360565,-0.0006668693968094885,0.0010627746814861894,-0.0007090203580446541
2026-03-25 21:37:35.227,0.17235015332698822,-0.10720282793045044,-0.12464394420385361,-0.0005640520830638707,0.000988111482001841,-0.0005610059015452862
2026-03-25 21:37:35.229,0.15814819931983948,-0.11075834184885025,-0.11990091949701309,-0.0007514465251006186,0.000895113218575716,-0.0008365448447875679
2026-03-25 21:37:35.231,0.15876786410808563,-0.11343935132026672,-0.13615760207176208,-0.0008075410732999444,0.0010819538729265332,-0.000670615176204592
2026-03-25 21:37:35.233,0.14557865262031555,-0.10831993073225021,-0.12486046552658081,-0.0006133444840088487,0.0008859440567903221,-0.0007356037385761738
2026-03-25 21:37:35.235,0.1622164398431778,-0.10635742545127869,-0.14142559468746185,-0.000576950260438025,0.0008973136427812278,-0.0005946396267972887
2026-03-25 21:37:35.237,0.15352925658226013,-0.11550405621528625,-0.13951055705547333,-0.0006136965821497142,0.0010918582556769252,-0.0006615569000132382
2026-03-25 21:37:35.239,0.15014633536338806,-0.11523652821779251,-0.13610033690929413,-0.0005712579586543143,0.0009648196864873171,-0.0008220233721658587
2026-03-25 21:37:35.241,0.1502223014831543,-0.12175359576940536,-0.1393815279006958,-0.0005942662246525288,0.0008071940392255783,-0.0004938131314702332
2026-03-25 21:37:35.243,0.14956191182136536,-0.12065228074789047,-0.12657369673252106,-0.0007264376617968082,0.000630995084065944,-0.0005988046177662909
2026-03-25 21:37:35.245,0.15458574891090393,-0.11515521258115768,-0.13198433816432953,-0.0005885261343792081,0.0009370788466185331,-0.0006771480548195541
2026-03-25 21:37:35.247,0.14900602400302887,-0.11196254193782806,-0.13772813975811005,-0.0007604938000440598,0.0008979489794000983,-0.0007437687600031495
2026-03-25 21:37:35.249,0.16349926590919495,-0.10823815315961838,-0.1296943575143814,-0.0004996110801585019,0.0009708403376862407,-0.0006550396792590618
2026-03-25 21:37:35.251,0.15486954152584076,-0.10448948293924332,-0.11522001773118973,-0.0007902899524196982,0.0009633111767470837,-0.0005840540397912264
2026-03-25 21:37:35.253,0.16797594726085663,-0.10909288376569748,-0.13275817036628723,-0.0007853423594497144,0.0010429236572235823,-0.00041684252209961414
2026-03-25 21:37:35.255,0.16436868906021118,-0.11276508867740631,-0.12961313128471375,-0.0006669415743090212,0.0009867593180388212,-0.0005836071213707328
2026-03-25 21:37:35.257,0.15648336708545685,-0.11195490509271622,-0.12510335445404053,-0.0007922445074655116,0.0010253610089421272,-0.000673866830766201
2026-03-25 21:37:35.259,0.16089975833892822,-0.11746752262115479,-0.12962353229522705,-0.0008071846677921712,0.0008885517017915845,-0.0006201486685313284
2026-03-25 21:37:35.261,0.14796149730682373,-0.1100228875875473,-0.14113746583461761,-0.0007950657163746655,0.0008654069970361888,-0.0007705549360252917
2026-03-25 21:37:35.263,0.14671862125396729,-0.10848402231931686,-0.14080052077770233,-0.0006578968022949994,0.0008352252189069986,-0.0007895574090071023
2026-03-25 21:37:35.265,0.14339002966880798,-0.10677734017372131,-0.12662231922149658,-0.0006042832392267883,0.000859797524753958,-0.0007499700295738876
2026-03-25 21:37:35.267,0.14549337327480316,-0.11400728672742844,-0.1366884708404541,-0.0008002683753147721,0.0008099055849015713,-0.0006766035221517086
2026-03-25 21:37:35.269,0.1521870344877243,-0.11310087144374847,-0.13666434586048126,-0.0004556198255158961,0.0008795946487225592,-0.0008191419765353203
2026-03-25 21:37:35.271,0.1494486778974533,-0.10710854083299637,-0.13422256708145142,-0.000768660509493202,0.0008708147215656936,-0.0006875594845041633
2026-03-25 21:37:35.273,0.16219483315944672,-0.10237272083759308,-0.13735848665237427,-0.0006097311852499843,0.0010441145859658718,-0.0006963638588786125
2026-03-25 21:37:35.275,0.15525062382221222,-0.10261299461126328,-0.12584322690963745,-0.000834432546980679,0.0010316678090021014,-0.0008352522854693234
2026-03-25 21:37:35.277,0.14992977678775787,-0.10138373076915741,-0.12101736664772034,-0.0009368254104629159,0.0008678665617480874,-0.0006863770540803671
2026-03-25 21:37:35.279,0.1565099060535431,-0.09920886904001236,-0.1318400353193283,-0.0007227582973428071,0.0010300123831257224,-0.000861803418956697
2026-03-25 21:37:35.281,0.1456156075000763,-0.101121686398983,-0.11433150619268417,-0.0009814323857426643,0.000677572563290596,-0.0008735458832234144
2026-03-25 21:37:35.283,0.1597358137369156,-0.10467644035816193,-0.14112220704555511,-0.0007935069152154028,0.0011236490681767464,-0.0008997333352454007
2026-03-25 21:37:35.285,0.1646963357925415,-0.10298483818769455,-0.13494187593460083,-0.0007865113439038396,0.0009206627146340907,-0.0008409118745476007
2026-03-25 21:37:35.287,0.1485322266817093,-0.09697700291872025,-0.1253650188446045,-0.0007906801183708012,0.0009242419619113207,-0.0007806163630448282
2026-03-25 21:37:35.289,0.1588863581418991,-0.09804870188236237,-0.14598605036735535,-0.0007591558387503028,0.0009217366459779441,-0.0007638903334736824
2026-03-25 21:37:35.291,0.14669270813465118,-0.09845354408025742,-0.14635097980499268,-0.0007180353277362883,0.00077298772521317,-0.0005842577083967626
2026-03-25 21:37:35.293,0.14306676387786865,-0.10549841821193695,-0.13582894206047058,-0.0008701677434146404,0.0007964314427226782,-0.0008266088552772999
2026-03-25 21:37:35.295,0.13562583923339844,-0.10769421607255936,-0.1406279355287552,-0.0007532350718975067,0.0006496249116025865,-0.0008175076218321919
2026-03-25 21:37:35.297,0.15122783184051514,-0.10128765553236008,-0.14447130262851715,-0.0007393060950562358,0.0008394247852265835,-0.0007506929687224329
2026-03-25 21:37:35.299,0.15630190074443817,-0.1017104908823967,-0.14000171422958374,-0.0007129725418053567,0.001031107036396861,-0.0007211059564724565
2026-03-25 21:37:35.301,0.15601499378681183,-0.09411304444074631,-0.14071495831012726,-0.0007748308125883341,0.0009372737258672714,-0.0008113610674627125
2026-03-25 21:37:35.303,0.15382619202136993,-0.0967685803771019,-0.12916907668113708,-0.0010001880582422018,0.0010393632110208273,-0.0008608147036284208
2026-03-25 21:37:35.305,0.14967870712280273,-0.09094354510307312,-0.12571877241134644,-0.0010628215968608856,0.001009362400509417,-0.0007584742270410061
2026-03-25 21:37:35.307,0.1542540341615677,-0.08885380625724792,-0.1338629126548767,-0.0010511013679206371,0.001023363322019577,-0.0007395657012239099
2026-03-25 21:37:35.309,0.14406421780586243,-0.09087640047073364,-0.12220139801502228,-0.0008645627531222999,0.0008098705438897014,-0.000721777556464076
2026-03-25 21:37:35.311,0.16353726387023926,-0.10917185246944427,-0.1388838291168213,-0.0008131479262374341,0.0008187604253180325,-0.0007937375921756029
2026-03-25 21:37:35.313,0.15616080164909363,-0.10337566584348679,-0.13054504990577698,-0.0006967371446080506,0.0008911336772143841,-0.0008614216931164265
2026-03-25 21:37:35.315,0.14817705750465393,-0.10109960287809372,-0.1457541137933731,-0.0008326994720846415,0.0009394158259965479,-0.0009710816666483879
2026-03-25 21:37:35.317,0.14025838673114777,-0.1017032042145729,-0.14409048855304718,-0.0009831780334934592,0.0007252139621414244,-0.0008250420214608312
2026-03-25 21:37:35.319,0.14015334844589233,-0.09971974790096283,-0.14105132222175598,-0.000995631911791861,0.0005805786931887269,-0.0007306893821805716
2026-03-25 21:37:35.321,0.1494869887828827,-0.10323061048984528,-0.14172035455703735,-0.0008354735327884555,0.0008793672313913703,-0.0009054873953573406
2026-03-25 21:37:35.323,0.1487145870923996,-0.10310937464237213,-0.13416875898838043,-0.0006937214056961238,0.0007561591919511557,-0.0009190940181724727
2026-03-25 21:37:35.325,0.16365940868854523,-0.10431860387325287,-0.1337670385837555,-0.0008228886872529984,0.0009672351297922432,-0.0009360969997942448
2026-03-25 21:37:35.327,0.15878809988498688,-0.09535054117441177,-0.11939896643161774,-0.0007459259359166026,0.0008908497984521091,-0.0008376137120649219
2026-03-25 21:37:35.329,0.1571062058210373,-0.0988600105047226,-0.13264024257659912,-0.0009029932552948594,0.000984619022347033,-0.0009914173278957605
2026-03-25 21:37:35.331,0.1645423173904419,-0.09437612444162369,-0.13093608617782593,-0.0007056148606352508,0.000990702654235065,-0.000842018227558583
2026-03-25 21:37:35.333,0.14996330440044403,-0.0913952887058258,-0.12437471747398376,-0.0008689503301866353,0.0007324859034270048,-0.0007564653642475605
2026-03-25 21:37:35.335,0.15523000061511993,-0.09571190178394318,-0.1433967649936676,-0.0007429327233694494,0.0009114487911574543,-0.0005231833783909678
2026-03-25 21:37:35.337,0.15261222422122955,-0.10648857802152634,-0.14244571328163147,-0.0007628938765265048,0.001037640031427145,-0.0007520849467255175
2026-03-25 21:37:35.339,0.1443338841199875,-0.10805430263280869,-0.12883678078651428,-0.000883584376424551,0.00090521399397403,-0.0009100777679122984
2026-03-25 21:37:35.341,0.14050757884979248,-0.10725821554660797,-0.1302722990512848,-0.0006741528050042689,0.0007144043920561671,-0.0009202923392876983
2026-03-25 21:37:35.343,0.14985871315002441,-0.11213423311710358,-0.14472761750221252,-0.0009886721381917596,0.000642164028249681,-0.0008488564635626972
2026-03-25 21:37:35.345,0.1537131369113922,-0.1036779135465622,-0.13616377115249634,-0.0008670830866321921,0.0007012570276856422,-0.0007805418572388589
2026-03-25 21:37:35.347,0.15868504345417023,-0.1088336706161499,-0.13042208552360535,-0.0007407082011923194,0.0008323097135871649,-0.000841188826598227
2026-03-25 21:37:35.349,0.1566483974456787,-0.1015845462679863,-0.12967745959758759,-0.0007593432674184442,0.0007451818091794848,-0.0008425869746133685
2026-03-25 21:37:35.351,0.16167327761650085,-0.09914883971214294,-0.13088072836399078,-0.0006800053524784744,0.001091953832656145,-0.0007673947839066386
2026-03-25 21:37:35.353,0.163343608379364,-0.09975066035985947,-0.13052350282669067,-0.0009075009147636592,0.0009521956671960652,-0.0005025768768973649
2026-03-25 21:37:35.355,0.16297106444835663,-0.09915384650230408,-0.13903723657131195,-0.0008767253020778298,0.0010080571519210935,-0.0006449433276429772
2026-03-25 21:37:35.357,0.14906293153762817,-0.10171270370483398,-0.13363291323184967,-0.0008267841767519712,0.0009505444904789329,-0.0008926995215006173
2026-03-25 21:37:35.359,0.14589685201644897,-0.10424578189849854,-0.13816724717617035,-0.000718934228643775,0.0008155558025464416,-0.0007990088779479265
2026-03-25 21:37:35.361,0.15512630343437195,-0.11082617193460464,-0.1299859881401062,-0.00046756252413615584,0.0009369601611979306,-0.0008695723372511566
2026-03-25 21:37:35.363,0.15005885064601898,-0.10442106425762177,-0.14307130873203278,-0.0005365333636291325,0.000905569817405194,-0.000880982493981719
2026-03-25 21:37:35.365,0.1512812077999115,-0.1086682677268982,-0.14055337011814117,-0.00046575971646234393,0.0008889503078535199,-0.0009614477166905999
2026-03-25 21:37:35.367,0.1486225426197052,-0.10258953273296356,-0.13910436630249023,-0.000504508672747761,0.0008419075165875256,-0.00065680465195328
2026-03-25 21:37:35.369,0.13713613152503967,-0.10378285497426987,-0.1398525983095169,-0.0007688507321290672,0.000775664986576885,-0.0007906724931672215
2026-03-25 21:37:35.371,0.14654839038848877,-0.10529710352420807,-0.15105609595775604,-0.0006371113704517484,0.0009431673679500818,-0.0007508843555115163
2026-03-25 21:37:35.373,0.15012380480766296,-0.10561690479516983,-0.13660231232643127,-0.0006960165919736028,0.0007754624239169061,-0.0007787407375872135
2026-03-25 21:37:35.375,0.1556083709001541,-0.11281557381153107,-0.13583415746688843,-0.0006294928607530892,0.0012663999805226922,-0.0008863608236424625
2026-03-25 21:37:35.377,0.15856681764125824,-0.10444467514753342,-0.12151618301868439,-0.0009248270653188229,0.0009035308030433953,-0.0007433080463670194
2026-03-25 21:37:35.379,0.172013059258461,-0.11259914934635162,-0.12468066811561584,-0.0008143302402459085,0.001241734134964645,-0.0007085376419126987
2026-03-25 21:37:35.381,0.1587803065776825,-0.10115745663642883,-0.12576644122600555,-0.0007093308959156275,0.0009998662862926722,-0.000864644069224596
2026-03-25 21:37:35.383,0.14821788668632507,-0.1027822196483612,-0.12696190178394318,-0.0008403027895838022,0.000802862923592329,-0.0008285203366540372
2026-03-25 21:37:35.385,0.15091876685619354,-0.10767778754234314,-0.13321927189826965,-0.0006176566821523011,0.0009501836611889303,-0.0005466812290251255
2026-03-25 21:37:35.387,0.1391821801662445,-0.10828545689582825,-0.13720829784870148,-0.00074487627716735,0.0009136082953773439,-0.0007139519439078867
2026-03-25 21:37:35.390,0.15790453553199768,-0.11068648099899292,-0.13687892258167267,-0.0006799319526180625,0.0008836524211801589,-0.0005031441105529666
2026-03-25 21:37:35.392,0.1580728441476822,-0.11094527691602707,-0.1364830881357193,-0.0005040031974203885,0.000875667727086693,-0.0006710464949719608
2026-03-25 21:37:35.394,0.14451491832733154,-0.11067674309015274,-0.12814803421497345,-0.0007333348621614277,0.0009211312863044441,-0.0007253236835822463
2026-03-25 21:37:35.396,0.1499163806438446,-0.10792087763547897,-0.13087990880012512,-0.0008130496717058122,0.0008023568661883473,-0.0008327425457537174
2026-03-25 21:37:35.398,0.15547427535057068,-0.10884237289428711,-0.1344829499721527,-0.0005912418710067868,0.0011276385048404336,-0.0009041217272169888
2026-03-25 21:37:35.400,0.15477123856544495,-0.10831111669540405,-0.1272147297859192,-0.0009317187941633165,0.000835142214782536,-0.0008015604689717293
2026-03-25 21:37:35.402,0.16065287590026855,-0.10722270607948303,-0.12253151834011078,-0.0008022264228202403,0.0010086788097396493,-0.0009953855769708753
2026-03-25 21:37:35.404,0.15823179483413696,-0.10912017524242401,-0.13519276678562164,-0.0008649518713355064,0.000897229416295886,-0.000807230593636632
2026-03-25 21:37:35.406,0.15722019970417023,-0.11108260601758957,-0.13915829360485077,-0.0008505146834068,0.0011519816471263766,-0.0005940978298895061
2026-03-25 21:37:35.408,0.14955760538578033,-0.11255083978176117,-0.13813912868499756,-0.0005707669188268483,0.0009635398746468127,-0.000801602378487587
2026-03-25 21:37:35.410,0.15324337780475616,-0.1136341467499733,-0.13804389536380768,-0.0005878660595044494,0.0008781658252701163,-0.000789199024438858
2026-03-25 21:37:35.412,0.15079143643379211,-0.10851084440946579,-0.13478994369506836,-0.0005260876496322453,0.0008413387113250792,-0.00077871757093817
2026-03-25 21:37:35.414,0.15074484050273895,-0.10569347441196442,-0.13918019831180573,-0.0006732637993991375,0.0007706045871600509,-0.0006420733407139778
2026-03-25 21:37:35.416,0.1496094912290573,-0.10391250252723694,-0.13997723162174225,-0.0008509383187629282,0.0007821063627488911,-0.0007487800903618336
2026-03-25 21:37:35.418,0.14979511499404907,-0.10726342350244522,-0.14448292553424835,-0.0007467363029718399,0.0008922726847231388,-0.0006482591270469129
2026-03-25 21:37:35.420,0.1550658941268921,-0.11325246095657349,-0.14227867126464844,-0.0006429037312045693,0.0010848300298675895,-0.0008589960634708405
2026-03-25 21:37:35.422,0.14179088175296783,-0.10550663620233536,-0.12474692612886429,-0.0005703089409507811,0.0008517417008988559,-0.0009101463947445154
2026-03-25 21:37:35.424,0.15716561675071716,-0.10632029175758362,-0.12329260259866714,-0.0006870320648886263,0.0006906490889377892,-0.0008398313075304031
2026-03-25 21:37:35.426,0.1612279713153839,-0.10550171881914139,-0.1401762068271637,-0.0006875618710182607,0.0010511321015655994,-0.0007849080138839781
2026-03-25 21:37:35.428,0.15998676419258118,-0.1069975420832634,-0.13871198892593384,-0.0008295932202599943,0.0008277640445157886,-0.0006275521009229124
2026-03-25 21:37:35.430,0.15318286418914795,-0.10817518830299377,-0.14092758297920227,-0.0006706520216539502,0.0009812387870624661,-0.0008308902615681291
2026-03-25 21:37:35.432,0.15514688193798065,-0.1075357124209404,-0.13056418299674988,-0.0006990748806856573,0.0009977082954719663,-0.0008480980759486556
2026-03-25 21:37:35.434,0.15383321046829224,-0.10012976825237274,-0.12841223180294037,-0.0008675108547322452,0.001029230304993689,-0.0006807278259657323
2026-03-25 21:37:35.436,0.16101482510566711,-0.11190887540578842,-0.14292864501476288,-0.0007807148504070938,0.0007774459663778543,-0.0009184163063764572
2026-03-25 21:37:35.438,0.13647408783435822,-0.10658411681652069,-0.13036654889583588,-0.0008893483318388462,0.0008466299623250961,-0.0007817715522833169
2026-03-25 21:37:35.440,0.1438843011856079,-0.11045586317777634,-0.14036297798156738,-0.0005729731055907905,0.0009919475996866822,-0.0007770985248498619
2026-03-25 21:37:35.442,0.14655984938144684,-0.11430250853300095,-0.14780008792877197,-0.0007635844522155821,0.0008923059212975204,-0.0007393974810838699
2026-03-25 21:37:35.444,0.1492082178592682,-0.10928536206483841,-0.13603542745113373,-0.0005807217676192522,0.0007624310092069209,-0.0008489465108141303
2026-03-25 21:37:35.446,0.15616008639335632,-0.09706882387399673,-0.14059272408485413,-0.0008461056277155876,0.000538427266292274,-0.0009486593189649284
2026-03-25 21:37:35.448,0.15895608067512512,-0.10382388532161713,-0.13787007331848145,-0.0006454705726355314,0.0009705445845611393,-0.0009343590936623514
2026-03-25 21:37:35.450,0.15721780061721802,-0.0983184278011322,-0.1251109391450882,-0.0008206206257455051,0.000856035971082747,-0.0009091518586501479
2026-03-25 21:37:35.452,0.15718546509742737,-0.10389003902673721,-0.13052135705947876,-0.0006837557884864509,0.0009379315888509154,-0.0008323319489136338
2026-03-25 21:37:35.454,0.1635950654745102,-0.10323620587587357,-0.13708648085594177,-0.0008496418013237417,0.0009578527533449233,-0.0008407174027524889
2026-03-25 21:37:35.456,0.1509939581155777,-0.09804614633321762,-0.1273016482591629,-0.001062791794538498,0.0009781678672879934,-0.0006887529161758721
2026-03-25 21:37:35.458,0.15899960696697235,-0.10404592752456665,-0.13748671114444733,-0.000859633379150182,0.0008721755584701896,-0.0008653400000184774
2026-03-25 21:37:35.460,0.14927822351455688,-0.10168999433517456,-0.13294611871242523,-0.0007896837778389454,0.000792685488704592,-0.0009178474429063499
2026-03-25 21:37:35.462,0.14691045880317688,-0.101585753262043,-0.14015358686447144,-0.0006303152767941356,0.0009149537654593587,-0.0007449158583767712
2026-03-25 21:37:35.464,0.1495639532804489,-0.10929558426141739,-0.13944736123085022,-0.0006383309955708683,0.0008992079528979957,-0.0006613752921111882
2026-03-25 21:37:35.466,0.15449292957782745,-0.11040550470352173,-0.14707016944885254,-0.0006572662969119847,0.0006596314487978816,-0.000909246620722115
2026-03-25 21:37:35.469,0.14864462614059448,-0.10561441630125046,-0.12959803640842438,-0.0007426046649925411,0.0008233169210143387,-0.0007671366911381483
2026-03-25 21:37:35.471,0.15081754326820374,-0.09998614341020584,-0.14727410674095154,-0.0007369084050878882,0.0006343736313283443,-0.0007354245753958821
2026-03-25 21:37:35.473,0.1620960235595703,-0.10149113833904266,-0.14705730974674225,-0.001043433672748506,0.0010736192343756557,-0.0008848182042129338
2026-03-25 21:37:35.475,0.14583954215049744,-0.09772647172212601,-0.1359085589647293,-0.000799355679191649,0.0009513270342722535,-0.0008990850765258074
2026-03-25 21:37:35.477,0.16431383788585663,-0.10780952125787735,-0.139301598072052,-0.0005849638255313039,0.0008011965546756983,-0.0010917424224317074
2026-03-25 21:37:35.479,0.15649452805519104,-0.10377215594053268,-0.12388669699430466,-0.0007644108263775706,0.0005681980401277542,-0.0009128728415817022
2026-03-25 21:37:35.481,0.15680095553398132,-0.10284112393856049,-0.1346917748451233,-0.0007560235681012273,0.0009652218432165682,-0.0007874328875914216
2026-03-25 21:37:35.483,0.1513972282409668,-0.09929469972848892,-0.14433327317237854,-0.0006320883985608816,0.0009371298365294933,-0.0008955869707278907
2026-03-25 21:37:35.485,0.1497122347354889,-0.1054820865392685,-0.1535966396331787,-0.0009712165337987244,0.000915492360945791,-0.0009101798641495407
2026-03-25 21:37:35.487,0.14602018892765045,-0.10006458312273026,-0.14184759557247162,-0.000771495804656297,0.0007776558049954474,-0.0008137687109410763
2026-03-25 21:37:35.489,0.1492844820022583,-0.10650977492332458,-0.14447945356369019,-0.0006659440114162862,0.0007622569100931287,-0.0010565239936113358
2026-03-25 21:37:35.491,0.1489071547985077,-0.10935170948505402,-0.1318637579679489,-0.0006965826032683253,0.0006334213539958,-0.0006166721577756107
2026-03-25 21:37:35.493,0.15525682270526886,-0.10622862726449966,-0.147981196641922,-0.0007509720744565129,0.0007648911559954286,-0.0006895935512147844
2026-03-25 21:37:35.495,0.15915629267692566,-0.10409640520811081,-0.13767804205417633,-0.0009522237814962864,0.0007555496995337307,-0.0006214348250068724
2026-03-25 21:37:35.497,0.15030205249786377,-0.09728582203388214,-0.12424223870038986,-0.0011756581952795386,0.00100017583463341,-0.0007408688543364406
2026-03-25 21:37:35.499,0.15995456278324127,-0.09929598867893219,-0.13144859671592712,-0.0011415580520406365,0.0010203899582847953,-0.0008649263181723654
2026-03-25 21:37:35.500,0.15544483065605164,-0.10042501986026764,-0.1297527402639389,-0.0009313334594480693,0.000990794855169952,-0.0007982071256265044
2026-03-25 21:37:35.502,0.15960347652435303,-0.09844665229320526,-0.14277350902557373,-0.0007884540827944875,0.0011293335119262338,-0.0008242196054197848
2026-03-25 21:37:35.504,0.15435652434825897,-0.10410166531801224,-0.13344433903694153,-0.00074969936395064,0.0010026145027950406,-0.0007643766584806144
2026-03-25 21:37:35.506,0.15481255948543549,-0.10169224441051483,-0.13765454292297363,-0.0008185951155610383,0.0009144025389105082,-0.0008543081348761916
2026-03-25 21:37:35.508,0.1365668624639511,-0.1024675965309143,-0.1283901184797287,-0.001029284088872373,0.0006156231393106282,-0.0007472991128452122
2026-03-25 21:37:35.510,0.15275941789150238,-0.10045470297336578,-0.14380261301994324,-0.0007397150620818138,0.000819386332295835,-0.0007027685060165823
2026-03-25 21:37:35.512,0.14838431775569916,-0.10935132950544357,-0.1346672922372818,-0.0006285830168053508,0.0007796807331033051,-0.000780518283136189
2026-03-25 21:37:35.514,0.14835362136363983,-0.10564373433589935,-0.133103609085083,-0.0007780916057527065,0.0008204904152080417,-0.0007767725037410855
2026-03-25 21:37:35.516,0.15187306702136993,-0.10710518807172775,-0.14002197980880737,-0.0007624963182024658,0.0008608114439994097,-0.0007418630993925035
2026-03-25 21:37:35.518,0.16278348863124847,-0.09730580449104309,-0.1416711062192917,-0.000828164629638195,0.000699737633112818,-0.0007255891687236726
2026-03-25 21:37:35.520,0.15640190243721008,-0.09387514740228653,-0.13622520864009857,-0.0007949403952807188,0.0008719399920664728,-0.0005532608483918011
2026-03-25 21:37:35.522,0.14926359057426453,-0.09808486700057983,-0.12362559139728546,-0.0009428627090528607,0.0008446332067251205,-0.000676442461553961
2026-03-25 21:37:35.524,0.1566307693719864,-0.10326068848371506,-0.1260608285665512,-0.0006361505948007107,0.001021618372760713,-0.0007717218832112849
2026-03-25 21:37:35.526,0.14714014530181885,-0.10621675848960876,-0.12815120816230774,-0.000815183506347239,0.0010160612873733044,-0.0008334240410476923
2026-03-25 21:37:35.528,0.15477243065834045,-0.10327864438295364,-0.1275428682565689,-0.0007643089047633111,0.0008916616206988692,-0.0008195783593691885
2026-03-25 21:37:35.530,0.15982793271541595,-0.10722273588180542,-0.13399578630924225,-0.0008942412096075714,0.0009162892238236964,-0.0008370802970603108
2026-03-25 21:37:35.532,0.1541428118944168,-0.10750117897987366,-0.14298352599143982,-0.0008318526670336723,0.00102992111351341,-0.0007037356263026595
2026-03-25 21:37:35.534,0.14748895168304443,-0.10420478135347366,-0.14555250108242035,-0.00087294343393296,0.0008169429493136704,-0.0006667081033810973
2026-03-25 21:37:35.536,0.1468273550271988,-0.10894126445055008,-0.14724978804588318,-0.0007113379542715847,0.0007846787921153009,-0.0009733387269079685
2026-03-25 21:37:35.538,0.14300349354743958,-0.10905743390321732,-0.1415528953075409,-0.00061330123571679,0.000718529976438731,-0.0007521302322857082
2026-03-25 21:37:35.540,0.14363369345664978,-0.11222326755523682,-0.1326330453157425,-0.0006792903295718133,0.0009486786439083517,-0.0007911673747003078
2026-03-25 21:37:35.542,0.15625521540641785,-0.1099565401673317,-0.13149452209472656,-0.000760525232180953,0.0009616946335881948,-0.0006749647436663508
2026-03-25 21:37:35.544,0.15975569188594818,-0.10256974399089813,-0.12553897500038147,-0.0007210050825960934,0.0011082175187766552,-0.0006590611301362514
2026-03-25 21:37:35.546,0.15170679986476898,-0.0963304340839386,-0.12166741490364075,-0.0008197776041924953,0.0010923640802502632,-0.0006155688897706568
2026-03-25 21:37:35.548,0.16177336871623993,-0.10209978371858597,-0.11744291335344315,-0.0010611617472022772,0.0010021195048466325,-0.0006293825572356582
2026-03-25 21:37:35.550,0.16579391062259674,-0.10397864133119583,-0.12333421409130096,-0.0007933306624181569,0.0010592895559966564,-0.0007189509342424572
2026-03-25 21:37:35.552,0.1594771295785904,-0.10192800313234329,-0.12098446488380432,-0.0007839938043616712,0.0009165976662188768,-0.0005980248679406941
2026-03-25 21:37:35.554,0.1558564454317093,-0.10126038640737534,-0.13566569983959198,-0.0009129270329140127,0.0009687552228569984,-0.0006527810473926365
2026-03-25 21:37:35.556,0.15084616839885712,-0.10751619189977646,-0.13995549082756042,-0.0007282717269845307,0.001084586139768362,-0.0007770067313686013
2026-03-25 21:37:35.558,0.1424599140882492,-0.10971550643444061,-0.1254633516073227,-0.0006957662990316749,0.0008605301845818758,-0.0005483186687342823
2026-03-25 21:37:35.560,0.15100574493408203,-0.11948251724243164,-0.1456899791955948,-0.0005080540431663394,0.0008522139396518469,-0.0006128583336248994
2026-03-25 21:37:35.562,0.14549055695533752,-0.12449125945568085,-0.14403538405895233,-0.0005352846346795559,0.0008420652011409402,-0.0008755014277994633
2026-03-25 21:37:35.564,0.14221756160259247,-0.11214634031057358,-0.12978290021419525,-0.000656612915918231,0.0007833046256564558,-0.0006856774562038481
2026-03-25 21:37:35.566,0.15125036239624023,-0.10799945890903473,-0.1348300278186798,-0.0007331599481403828,0.0007190806209109724,-0.0007122326642274857
2026-03-25 21:37:35.568,0.16427215933799744,-0.10852253437042236,-0.14463189244270325,-0.0007455942104570568,0.0010579942027106881,-0.000611133174970746
2026-03-25 21:37:35.570,0.15783382952213287,-0.10065591335296631,-0.127752885222435,-0.0008941762498579919,0.0008729870896786451,-0.0004259984125383198
2026-03-25 21:37:35.572,0.17662474513053894,-0.10965396463871002,-0.14502935111522675,-0.0006146632949821651,0.001233871327713132,-0.0007707513286732137
2026-03-25 21:37:35.574,0.16487979888916016,-0.10852506011724472,-0.12993058562278748,-0.0007487515104003251,0.0008421409293077886,-0.0007060729549266398
2026-03-25 21:37:35.576,0.15193678438663483,-0.10226394236087799,-0.12402688711881638,-0.0006662183441221714,0.0010610714089125395,-0.0006527761579491198
2026-03-25 21:37:35.577,0.14677438139915466,-0.11100541800260544,-0.12320369482040405,-0.0008964251028373837,0.0008939557592384517,-0.0008359512430615723
2026-03-25 21:37:35.579,0.15281936526298523,-0.10878289490938187,-0.1363685578107834,-0.0008077867096289992,0.0009904562029987574,-0.0009376455564051867
2026-03-25 21:37:35.581,0.15090951323509216,-0.10977444052696228,-0.12959639728069305,-0.0007810145616531372,0.00101085111964494,-0.0006067457143217325
2026-03-25 21:37:35.583,0.16189682483673096,-0.11118967831134796,-0.14317618310451508,-0.0006742633995600045,0.0008248913218267262,-0.0007593559566885233
2026-03-25 21:37:35.585,0.15681520104408264,-0.1163153126835823,-0.1472252756357193,-0.0006646557012572885,0.000987144187092781,-0.0006852218066342175
2026-03-25 21:37:35.587,0.14044854044914246,-0.1135299801826477,-0.12808476388454437,-0.0007355303387157619,0.0005984397721476853,-0.0006906181224621832
2026-03-25 21:37:35.589,0.14082300662994385,-0.106485515832901,-0.14382603764533997,-0.0009167229291051626,0.000575407815631479,-0.0007059920462779701
2026-03-25 21:37:35.591,0.1484888792037964,-0.11070502549409866,-0.13781370222568512,-0.0007405232754535973,0.0007254357333295047,-0.0006370971677824855
2026-03-25 21:37:35.595,0.150642991065979,-0.10595681518316269,-0.12937365472316742,-0.0008339480264112353,0.0007238890393637121,-0.000638043915387243
2026-03-25 21:37:35.597,0.16096796095371246,-0.11068034917116165,-0.12154778093099594,-0.0008621401502750814,0.001224215142428875,-0.0007430997211486101
2026-03-25 21:37:35.599,0.1774376928806305,-0.11329319328069687,-0.12528149783611298,-0.0006909647490829229,0.0012435197131708264,-0.0008789590792730451
2026-03-25 21:37:35.601,0.17321540415287018,-0.10019126534461975,-0.11982128769159317,-0.0009359615505672991,0.001154170255176723,-0.0007658122340217233
2026-03-25 21:37:35.603,0.15486708283424377,-0.09623872488737106,-0.13236601650714874,-0.0008710048859938979,0.0012148383539170027,-0.0007725560571998358
2026-03-25 21:37:35.605,0.15479342639446259,-0.10677838325500488,-0.13342870771884918,-0.0008036817889660597,0.0009952548425644636,-0.0008184586768038571
2026-03-25 21:37:35.607,0.13897529244422913,-0.09965759515762329,-0.13273923099040985,-0.0010246147867292166,0.00046452952665276825,-0.0006084451451897621
2026-03-25 21:37:35.609,0.14766541123390198,-0.11024612188339233,-0.14476053416728973,-0.0007105616386979818,0.0006584842340089381,-0.0008622388704679906
2026-03-25 21:37:35.611,0.150070458650589,-0.11627299338579178,-0.1339111626148224,-0.0006957919104024768,0.0005748578696511686,-0.0007936845067888498
2026-03-25 21:37:35.613,0.1550629585981369,-0.11452759802341461,-0.1425875872373581,-0.0008476800285279751,0.0007461680797860026,-0.0006876584957353771
2026-03-25 21:37:35.615,0.15312950313091278,-0.11745302379131317,-0.14169272780418396,-0.0008834116742946208,0.0008141127764247358,-0.0007955656619742513
2026-03-25 21:37:35.617,0.15049314498901367,-0.10083793103694916,-0.13804318010807037,-0.0009867151966318488,0.0008558776462450624,-0.0006618477054871619
2026-03-25 21:37:35.619,0.15154241025447845,-0.10541883856058121,-0.12473536282777786,-0.000976293405983597,0.001026948681101203,-0.0007139923400245607
2026-03-25 21:37:35.621,0.15320730209350586,-0.09939545392990112,-0.12621064484119415,-0.0008675221470184624,0.0010231878841295838,-0.0007817092118784785
2026-03-25 21:37:35.623,0.16096997261047363,-0.09940420091152191,-0.13438034057617188,-0.0009612780995666981,0.0010430192342028022,-0.0007637825910933316
2026-03-25 21:37:35.625,0.1609550267457962,-0.09830895066261292,-0.12616431713104248,-0.0007178246160037816,0.0010316725820302963,-0.0007619692478328943
2026-03-25 21:37:35.627,0.15733304619789124,-0.10212799906730652,-0.12248093634843826,-0.000897511257790029,0.001042841118760407,-0.0007671043276786804
2026-03-25 21:37:35.629,0.15835651755332947,-0.09674862772226334,-0.13896885514259338,-0.0007357507129199803,0.0007309303618967533,-0.0008172226371243596
2026-03-25 21:37:35.631,0.15801142156124115,-0.09997539967298508,-0.13697873055934906,-0.0008300194749608636,0.0008532069623470306,-0.0007567001157440245
2026-03-25 21:37:35.633,0.1518179178237915,-0.10165004432201385,-0.1305280327796936,-0.0008770615677349269,0.000924226944334805,-0.0008319107000716031
2026-03-25 21:37:35.635,0.14389075338840485,-0.10395433008670807,-0.13407418131828308,-0.0008887362782843411,0.0008589957724325359,-0.0007818436133675277
2026-03-25 21:37:35.637,0.1451258510351181,-0.10700511932373047,-0.1450154334306717,-0.0007233979413285851,0.0008580200374126434,-0.0009547689696773887
2026-03-25 21:37:35.639,0.14394430816173553,-0.10116738826036453,-0.13808244466781616,-0.0008579118875786662,0.000798956083599478,-0.0008378537022508681
2026-03-25 21:37:35.641,0.1521301567554474,-0.10416915267705917,-0.14401832222938538,-0.0007917701150290668,0.0008232623222284019,-0.000869719369802624
2026-03-25 21:37:35.643,0.15386617183685303,-0.09884145110845566,-0.1389186829328537,-0.0006544179632328451,0.000905119813978672,-0.0007406353834085166
2026-03-25 21:37:35.645,0.15665261447429657,-0.10051685571670532,-0.13367828726768494,-0.0007831757538951933,0.0009033271344378591,-0.0006563928909599781
2026-03-25 21:37:35.647,0.15842387080192566,-0.09453409165143967,-0.128737211227417,-0.0008340533240698278,0.000979128759354353,-0.0006833510124124587
2026-03-25 21:37:35.649,0.15482677519321442,-0.09461531788110733,-0.12299446016550064,-0.0008979667327366769,0.0009835754754021764,-0.0006227096309885383
2026-03-25 21:37:35.651,0.15875354409217834,-0.09341008961200714,-0.13334369659423828,-0.0008382790256291628,0.0009666370460763574,-0.0006243736715987325
2026-03-25 21:37:35.653,0.15689998865127563,-0.09716455638408661,-0.12705406546592712,-0.0009908787906169891,0.0008741843048483133,-0.0007231630152091384
2026-03-25 21:37:35.655,0.1645965427160263,-0.10176783055067062,-0.14165566861629486,-0.0009961739415302873,0.0009573198040015996,-0.0008438377408310771
2026-03-25 21:37:35.657,0.14845162630081177,-0.09743873029947281,-0.1319887936115265,-0.0007993633043952286,0.0006479672738350928,-0.000834240869153291
2026-03-25 21:37:35.659,0.15712493658065796,-0.10518495738506317,-0.1433088183403015,-0.0007303082384169102,0.0007061413489282131,-0.000790073478128761
2026-03-25 21:37:35.661,0.14535117149353027,-0.10921044647693634,-0.1411576271057129,-0.0007793677505105734,0.0007578050717711449,-0.0007293302332982421
2026-03-25 21:37:35.663,0.1490733027458191,-0.10880181938409805,-0.14626049995422363,-0.0007970798178575933,0.0007551618618890643,-0.000852042343467474
2026-03-25 21:37:35.664,0.14425557851791382,-0.10610877722501755,-0.13970251381397247,-0.0007300101569853723,0.0007811856339685619,-0.0007789196097292006
2026-03-25 21:37:35.666,0.15677426755428314,-0.09980753809213638,-0.14237400889396667,-0.0007914835587143898,0.0007692717481404543,-0.0010050236014649272
2026-03-25 21:37:35.668,0.14803442358970642,-0.09820740669965744,-0.12814751267433167,-0.0008413423202000558,0.0009297556825913489,-0.0007541778031736612
2026-03-25 21:37:35.670,0.15460743010044098,-0.10364372283220291,-0.1331818401813507,-0.0009268759749829769,0.0007243714644573629,-0.0007158913067542017
2026-03-25 21:37:35.672,0.15465131402015686,-0.10024268180131912,-0.13268394768238068,-0.0006320116808637977,0.0009274777839891613,-0.0006418592529371381
2026-03-25 21:37:35.674,0.15445664525032043,-0.10256967693567276,-0.13414843380451202,-0.0006709692534059286,0.000991658540442586,-0.0006725274142809212
2026-03-25 21:37:35.676,0.16262327134609222,-0.10644838213920593,-0.13238316774368286,-0.0008047390729188919,0.0009540233877487481,-0.0008762681391090155
2026-03-25 21:37:35.678,0.15804986655712128,-0.10188907384872437,-0.1317550539970398,-0.0010318792192265391,0.0008626337512396276,-0.0007200866821222007
2026-03-25 21:37:35.680,0.15525491535663605,-0.10272569954395294,-0.133113294839859,-0.0007084324024617672,0.0009265270782634616,-0.0006807924946770072
2026-03-25 21:37:35.682,0.1442381590604782,-0.10343265533447266,-0.12525853514671326,-0.0008044991409406066,0.0008887965232133865,-0.0008494186913594604
2026-03-25 21:37:35.684,0.14786827564239502,-0.10413097590208054,-0.1355280578136444,-0.000788041390478611,0.0009132471168413758,-0.0006295981002040207
2026-03-25 21:37:35.686,0.14926882088184357,-0.10647743940353394,-0.1397903561592102,-0.0008992457878775895,0.0008165209437720478,-0.00040499118040315807
2026-03-25 21:37:35.688,0.1653822958469391,-0.12978705763816833,-0.15059803426265717,-0.00024109668447636068,0.0013939441414549947,-0.0011172741651535034
2026-03-25 21:37:35.690,0.14378876984119415,-0.10831763595342636,-0.13273940980434418,-0.0004350515373516828,0.000491841696202755,-0.0008911252953112125
2026-03-25 21:37:35.692,0.1623680591583252,-0.1091792955994606,-0.15163308382034302,-0.0006817510584369302,0.0011940255062654614,-0.000652383896522224
2026-03-25 21:37:35.694,0.15030722320079803,-0.1157604530453682,-0.13394519686698914,-0.0005482897977344692,0.0012838682159781456,-0.0007640532567165792
2026-03-25 21:37:35.696,0.14007119834423065,-0.10616951435804367,-0.1267785280942917,-0.0006981549668125808,0.0006970408139750361,-0.0005782999214716256
2026-03-25 21:37:35.698,0.1668350100517273,-0.10742533951997757,-0.12716636061668396,-0.0006456747651100159,0.0008084865403361619,-0.0007851545815356076
2026-03-25 21:37:35.700,0.16414089500904083,-0.1121826171875,-0.11762940883636475,-0.0008389877621084452,0.0010351187083870173,-0.0007505564717575908
2026-03-25 21:37:35.702,0.15911772847175598,-0.10926789790391922,-0.13145945966243744,-0.0008166244952008128,0.0009996476583182812,-0.000692824658472091
2026-03-25 21:37:35.704,0.14145706593990326,-0.11571280658245087,-0.1261228322982788,-0.0005137366824783385,0.000663862912915647,-0.0008617676794528961
2026-03-25 21:37:35.706,0.15595479309558868,-0.10812580585479736,-0.14658139646053314,-0.0006562917842529714,0.0010447214590385556,-0.0008052227203734219
2026-03-25 21:37:35.708,0.15527701377868652,-0.10966092348098755,-0.1285412609577179,-0.0007777083665132523,0.0009806443704292178,-0.000751151645090431
2026-03-25 21:37:35.710,0.14741066098213196,-0.10802070796489716,-0.13401542603969574,-0.000801993883214891,0.0008590955403633416,-0.0006733777117915452
2026-03-25 21:37:35.712,0.1538095623254776,-0.11488404124975204,-0.1351914256811142,-0.0009055696427822113,0.0007037239847704768,-0.0008494352223351598
2026-03-25 21:37:35.714,0.14631420373916626,-0.1082310676574707,-0.13503076136112213,-0.000729661900550127,0.0008428489090874791,-0.000756740802899003
2026-03-25 21:37:35.716,0.14215178787708282,-0.10144047439098358,-0.1461009383201599,-0.0009877830743789673,0.0007856284501031041,-0.00017438631039112806
2026-03-25 21:37:35.718,0.11557828634977341,-0.12167352437973022,-0.16039803624153137,-0.0007790050003677607,0.00023533798230346292,-3.3396594517398626e-05
2026-03-25 21:37:35.720,0.06131422519683838,-0.16839160025119781,-0.19921405613422394,-8.36162143968977e-05,-0.000744843331631273,-3.7897220863669645e-06
2026-03-25 21:37:35.722,-0.021798118948936462,-0.18897777795791626,-0.246083602309227,0.0003082785988226533,-0.001616956666111946,9.855806274572387e-05
2026-03-25 21:37:35.724,-0.05579569563269615,-0.1746481955051422,-0.22374673187732697,-0.00018124219786841422,-0.0021254117600619793,0.00023245843476615846
2026-03-25 21:37:35.726,-0.005830209236592054,-0.1651831567287445,-0.2378411591053009,-0.0006385897868312895,-0.0016760581638664007,0.000999549520201981
2026-03-25 21:37:35.728,0.001597900758497417,-0.19187214970588684,-0.22552785277366638,-4.2136889533139765e-05,-0.0017247676150873303,0.0004570803721435368
2026-03-25 21:37:35.730,-0.02277560718357563,-0.20337417721748352,-0.24142365157604218,0.0003516306169331074,-0.00210477109067142,0.00015317366342060268
2026-03-25 21:37:35.732,-0.04131818562746048,-0.19043037295341492,-0.2520490884780884,0.0002991365035995841,-0.00226092548109591,-9.816543752094731e-05
2026-03-25 21:37:35.734,0.005952319595962763,-0.15727971494197845,-0.2409524768590927,-0.0001719312131172046,-0.0013078961055725813,-0.00029330834513530135
2026-03-25 21:37:35.736,0.06887748092412949,-0.1173921450972557,-0.18269649147987366,-0.0008336721220985055,-0.0004506699333433062,-0.0004998086369596422
2026-03-25 21:37:35.738,0.1186785027384758,-0.1029244139790535,-0.15191197395324707,-0.000918160134460777,0.0002556552935857326,-0.0009154801373369992
2026-03-25 21:37:35.740,0.13058066368103027,-0.09201645851135254,-0.153232604265213,-0.0007231528288684785,0.0004236609092913568,-0.001315735513344407
2026-03-25 21:37:35.742,0.10792354494333267,-0.07949300110340118,-0.15484362840652466,-0.0008705415530130267,0.0003187487309332937,-0.001589036313816905
2026-03-25 21:37:35.744,0.13882198929786682,-0.04799836128950119,-0.14947111904621124,-0.00132521812338382,0.0007058233604766428,-0.0011166478507220745
2026-03-25 21:37:35.746,0.18027973175048828,-0.047306355088949203,-0.08229956030845642,-0.0010653353529050946,0.001386365620419383,-0.0017750641563907266
2026-03-25 21:37:35.748,0.22999197244644165,-0.023256797343492508,-0.10162574797868729,-0.0016737784026190639,0.001673592021688819,-0.0012604458024725318
2026-03-25 21:37:35.750,0.20532362163066864,-0.030833816155791283,-0.10306806862354279,-0.0013235268415883183,0.0015302235260605812,-0.0016413630219176412
2026-03-25 21:37:35.752,0.1614537239074707,-0.04589236527681351,-0.13042166829109192,-0.0008737556054256856,0.0011447505094110966,-0.0018085486954078078
2026-03-25 21:37:35.754,0.14500468969345093,-0.044148173183202744,-0.12308082729578018,-0.0010003680363297462,0.0011408866848796606,-0.0016614815685898066
2026-03-25 21:37:35.756,0.17930372059345245,-0.03100324049592018,-0.1083671823143959,-0.0015362706035375595,0.0011883678380399942,-0.0015585810178890824
2026-03-25 21:37:35.758,0.22872674465179443,-0.02233930118381977,-0.10512253642082214,-0.001719360938295722,0.0017145129386335611,-0.0014302899362519383
2026-03-25 21:37:35.760,0.21548782289028168,-0.03735287860035896,-0.09463078528642654,-0.0014302263734862208,0.0018202041974291205,-0.0016762367449700832
2026-03-25 21:37:35.762,0.18131279945373535,-0.04834292083978653,-0.10869519412517548,-0.0013389178784564137,0.001628505066037178,-0.0018826168961822987
2026-03-25 21:37:35.764,0.17016668617725372,-0.046795547008514404,-0.11815787851810455,-0.001261478872038424,0.0009265143307857215,-0.0017076156800612807
2026-03-25 21:37:35.766,0.18290814757347107,-0.034950945526361465,-0.09906557947397232,-0.0014720390317961574,0.001181222964078188,-0.0015790839679539204
2026-03-25 21:37:35.768,0.20204049348831177,-0.023754920810461044,-0.10077399015426636,-0.0019938054028898478,0.0016421074979007244,-0.0012047099880874157
2026-03-25 21:37:35.770,0.20874619483947754,-0.03368684649467468,-0.09855341911315918,-0.0016099236672744155,0.0018540811724960804,-0.001395430532284081
2026-03-25 21:37:35.772,0.1931929588317871,-0.047447748482227325,-0.10352245718240738,-0.001212699105963111,0.0013101223157718778,-0.0015898278215900064
2026-03-25 21:37:35.774,0.16793684661388397,-0.041387639939785004,-0.10935574024915695,-0.0010690309572964907,0.0011139301350340247,-0.001395087456330657
2026-03-25 21:37:35.776,0.17618167400360107,-0.03468039631843567,-0.09496063739061356,-0.0014829817228019238,0.001388884149491787,-0.0013027619570493698
2026-03-25 21:37:35.778,0.20340785384178162,-0.02668544463813305,-0.10619831830263138,-0.0018011070787906647,0.0017178026027977467,-0.0011770440032705665
2026-03-25 21:37:35.780,0.21013802289962769,-0.04427412524819374,-0.08719045668840408,-0.001804269733838737,0.0017031766474246979,-0.001173688331618905
2026-03-25 21:37:35.782,0.1824248731136322,-0.05319231003522873,-0.07860425859689713,-0.0014893973711878061,0.0013420891482383013,-0.0013066806131973863
2026-03-25 21:37:35.784,0.18204057216644287,-0.0605517253279686,-0.09833235293626785,-0.0014786821557208896,0.0013083403464406729,-0.0011892464244738221
2026-03-25 21:37:35.786,0.18361930549144745,-0.05317305028438568,-0.10865417122840881,-0.001293525449000299,0.0014418368227779865,-0.0010510466527193785
2026-03-25 21:37:35.788,0.1835208386182785,-0.05416721850633621,-0.10092155635356903,-0.0014271670952439308,0.0013716969406232238,-0.0006584001239389181
2026-03-25 21:37:35.790,0.1689930260181427,-0.07499037683010101,-0.09950287640094757,-0.0014246818609535694,0.001178734004497528,-0.0007169395103119314
2026-03-25 21:37:35.792,0.15757881104946136,-0.0944264829158783,-0.11414631456136703,-0.0009688741993159056,0.0006564555806107819,-0.0006796987727284431
2026-03-25 21:37:35.794,0.1194595918059349,-0.10453537106513977,-0.12013237923383713,-0.0010318439453840256,0.0005091221537441015,-0.00045762068475596607
2026-03-25 21:37:35.796,0.10554102808237076,-0.10870667546987534,-0.1158079206943512,-0.0009698269423097372,0.00023291874094866216,-0.00022857595467939973
2026-03-25 21:37:35.798,0.11911600828170776,-0.12160010635852814,-0.13116523623466492,-0.0008400970255024731,0.0003985350485891104,-0.00014892352919559926
2026-03-25 21:37:35.800,0.11523288488388062,-0.13607503473758698,-0.13328514993190765,-0.0005440872046165168,0.00016119425708893687,-0.00018392888887319714
2026-03-25 21:37:35.802,0.08932845294475555,-0.1397545039653778,-0.13147340714931488,-0.0005854108603671193,-6.852261140011251e-05,-7.73414722061716e-05
2026-03-25 21:37:35.804,0.09466960281133652,-0.14413516223430634,-0.13642506301403046,-0.0004231465281918645,-0.00022117661137599498,-0.0001636988017708063
2026-03-25 21:37:35.806,0.11027617752552032,-0.1432453691959381,-0.14033973217010498,-0.0005162002053111792,0.0002714933652896434,-0.0001299142459174618
2026-03-25 21:37:35.808,0.12567105889320374,-0.13615357875823975,-0.11985036730766296,-0.0006018593558110297,0.0005639053997583687,-0.0001539602963021025
2026-03-25 21:37:35.810,0.14434735476970673,-0.14113785326480865,-0.10844957083463669,-0.0005724375951103866,0.00047487509436905384,-0.0006349037284962833
2026-03-25 21:37:35.812,0.16180647909641266,-0.1302756518125534,-0.09580395370721817,-0.0004111634916625917,0.0009346474544145167,-0.0006541198235936463
2026-03-25 21:37:35.814,0.17579220235347748,-0.12065291404724121,-0.09085691720247269,-0.0006900595035403967,0.0012005461612716317,-0.0007434228900820017
2026-03-25 21:37:35.816,0.18170928955078125,-0.10444087535142899,-0.09126818180084229,-0.0006945811910554767,0.001450135838240385,-0.0005128231714479625
2026-03-25 21:37:35.818,0.17900338768959045,-0.11310692131519318,-0.08696994930505753,-0.0007904845988377929,0.0014417736092582345,-0.000625134794972837
2026-03-25 21:37:35.820,0.181724414229393,-0.11817584931850433,-0.07845324277877808,-0.0006601111963391304,0.0013697678223252296,-0.0007116152555681765
2026-03-25 21:37:35.822,0.1852189600467682,-0.11089452356100082,-0.07976647466421127,-0.0007633588393218815,0.0013522774679586291,-0.0007517022313550115
2026-03-25 21:37:35.824,0.19368813931941986,-0.10507097840309143,-0.07151441276073456,-0.0006364748114719987,0.0013951115543022752,-0.0006199362687766552
2026-03-25 21:37:35.827,0.1734541803598404,-0.1153310164809227,-0.07134398818016052,-0.000666365260258317,0.0011910039465874434,-0.0007848116219975054
2026-03-25 21:37:35.829,0.18186268210411072,-0.10365483909845352,-0.08548111468553543,-0.0008000071975402534,0.001251365290954709,-0.0006524603813886642
2026-03-25 21:37:35.831,0.1856880635023117,-0.09973447024822235,-0.07357197999954224,-0.000824798655230552,0.0014819684438407421,-0.0005053506465628743
2026-03-25 21:37:35.833,0.20272284746170044,-0.11564040184020996,-0.07840836048126221,-0.0007294911192730069,0.0014665022026747465,-0.0007711115758866072
2026-03-25 21:37:35.835,0.18471598625183105,-0.11359714716672897,-0.08715885877609253,-0.0008164079627022147,0.0013954571913927794,-0.0009065723861567676
2026-03-25 21:37:35.837,0.18439076840877533,-0.10485877841711044,-0.09087134897708893,-0.0007960305665619671,0.0015169162070378661,-0.0008025644929148257
2026-03-25 21:37:35.839,0.18106892704963684,-0.10107436031103134,-0.07374381273984909,-0.0008502742857672274,0.0013396958820521832,-0.0006509394152089953
2026-03-25 21:37:35.841,0.18929603695869446,-0.10791264474391937,-0.07746312767267227,-0.0007472262950614095,0.0012044103350490332,-0.000725936028175056
2026-03-25 21:37:35.843,0.19099295139312744,-0.10705479979515076,-0.06968966126441956,-0.0005660351598635316,0.0013233866775408387,-0.0007161953835748136
2026-03-25 21:37:35.845,0.1960514932870865,-0.10849038511514664,-0.06478573381900787,-0.0006024501635693014,0.0012742694234475493,-0.0007032597786746919
2026-03-25 21:37:35.847,0.18984198570251465,-0.10088007152080536,-0.06957278400659561,-0.0007776386337354779,0.0010917983017861843,-0.0005566491163335741
2026-03-25 21:37:35.849,0.183529332280159,-0.10464157164096832,-0.0640602856874466,-0.0010614348575472832,0.001204731990583241,-0.0005311295972205698
2026-03-25 21:37:35.851,0.18976888060569763,-0.11469430476427078,-0.06429233402013779,-0.0009422487928532064,0.0013844332424923778,-0.0005975111853331327
2026-03-25 21:37:35.853,0.19360525906085968,-0.11148164421319962,-0.07325465977191925,-0.0009012104128487408,0.0015527455834671855,-0.0005255523719824851
2026-03-25 21:37:35.855,0.1928597241640091,-0.11352937668561935,-0.06823134422302246,-0.0007975099724717438,0.0015037499833852053,-0.0006851620855741203
2026-03-25 21:37:35.857,0.18531499803066254,-0.11293594539165497,-0.07809606939554214,-0.0008895368664525449,0.0015607200330123305,-0.0006827636389061809
2026-03-25 21:37:35.859,0.18973089754581451,-0.10715187340974808,-0.08034466952085495,-0.0008555855602025986,0.001369604142382741,-0.0007813474512659013
2026-03-25 21:37:35.861,0.18848183751106262,-0.10533227026462555,-0.06734461337327957,-0.0008605976472608745,0.0012467378983274102,-0.0007084554526954889
2026-03-25 21:37:35.863,0.1907515674829483,-0.11184801161289215,-0.06804658472537994,-0.0009784948779270053,0.0015622235368937254,-0.0005316376918926835
2026-03-25 21:37:35.865,0.19444867968559265,-0.11308621615171432,-0.07338601350784302,-0.0006535395514219999,0.0016718762926757336,-0.0007736014667898417
2026-03-25 21:37:35.867,0.18729960918426514,-0.11296319961547852,-0.06752411276102066,-0.0008807125268504024,0.0012841353891417384,-0.0005532798240892589
2026-03-25 21:37:35.869,0.1851237565279007,-0.10482925176620483,-0.07367789000272751,-0.0010645621223375201,0.0011771643767133355,-0.00041663896990939975
2026-03-25 21:37:35.871,0.18268416821956635,-0.10510831326246262,-0.07262815535068512,-0.0009180374327115715,0.0011981518473476171,-0.000536251871380955
2026-03-25 21:37:35.873,0.19149520993232727,-0.10878694802522659,-0.06878119707107544,-0.0007512654992751777,0.0014131235657259822,-0.0007228347240015864
2026-03-25 21:37:35.875,0.18254807591438293,-0.10868284851312637,-0.05310908704996109,-0.000963266531471163,0.0015068978536874056,-0.0007654555956833065
2026-03-25 21:37:35.877,0.17901034653186798,-0.10965085029602051,-0.0635189563035965,-0.0007310696528293192,0.001303714350797236,-0.0007244812441058457
2026-03-25 21:37:35.879,0.17965053021907806,-0.11055321246385574,-0.07643137872219086,-0.0006581544294022024,0.0013088439591228962,-0.000981866498477757
2026-03-25 21:37:35.881,0.17876394093036652,-0.11163409799337387,-0.0740828663110733,-0.0005228184163570404,0.0013242872664704919,-0.0008081281557679176
2026-03-25 21:37:35.883,0.19277922809123993,-0.11115777492523193,-0.0767720565199852,-0.0006711506866849959,0.0016149040311574936,-0.0008358588675037026
2026-03-25 21:37:35.885,0.1970711052417755,-0.11575265973806381,-0.06137758120894432,-0.0005626736092381179,0.0016242784913629293,-0.0008434713818132877
2026-03-25 21:37:35.887,0.1863492876291275,-0.12289349734783173,-0.06693211197853088,-0.0005549732013605535,0.0013633036287501454,-0.0009100678726099432
2026-03-25 21:37:35.889,0.16923291981220245,-0.12287906557321548,-0.07186247408390045,-0.0006976879085414112,0.0012438161065801978,-0.0007951867301017046
2026-03-25 21:37:35.891,0.17293477058410645,-0.12154264003038406,-0.06887825578451157,-0.0005600691074505448,0.0012441494036465883,-0.0007208103779703379
2026-03-25 21:37:35.893,0.1864181011915207,-0.11443008482456207,-0.06301142275333405,-0.0007312577217817307,0.0013720106799155474,-0.0006423534941859543
2026-03-25 21:37:35.895,0.18632546067237854,-0.11245701462030411,-0.055712033063173294,-0.0006073226104490459,0.0014482615515589714,-0.000554003578145057
2026-03-25 21:37:35.899,0.18708696961402893,-0.11766992509365082,-0.06496565788984299,-0.00028898046002723277,0.0010965234832838178,-0.0008390542934648693
2026-03-25 21:37:35.901,0.17121504247188568,-0.13034898042678833,-0.06692362576723099,-0.0004384478379506618,0.001032595639117062,-0.0007936099427752197
2026-03-25 21:37:35.903,0.17199759185314178,-0.11895447224378586,-0.0702826976776123,-0.0005192949320189655,0.001174352364614606,-0.0006507921498268843
2026-03-25 21:37:35.905,0.1912926435470581,-0.11267182976007462,-0.0831155851483345,-0.0004544602707028389,0.001413804362528026,-0.0005708311800844967
2026-03-25 21:37:35.907,0.1900147795677185,-0.12098317593336105,-0.07418554276227951,-0.0003404095768928528,0.0015158707974478602,-0.0007053909939713776
2026-03-25 21:37:35.909,0.1837073564529419,-0.12744532525539398,-0.06956111639738083,-0.0005079003167338669,0.001323876203969121,-0.0007130569429136813
2026-03-25 21:37:35.911,0.17385722696781158,-0.12355756759643555,-0.06465701758861542,-0.00032893047318793833,0.0010779501171782613,-0.0008213194087147713
2026-03-25 21:37:35.913,0.18175087869167328,-0.12486341595649719,-0.07888602465391159,-0.000516959757078439,0.0011822964297607541,-0.000830978387966752
2026-03-25 21:37:35.917,0.18887707591056824,-0.11718697845935822,-0.06479884684085846,-0.0006301921675913036,0.001398599473759532,-0.0008617285056971014
2026-03-25 21:37:35.919,0.18914541602134705,-0.11482318490743637,-0.06454507261514664,-0.00045539543498307467,0.001642413903027773,-0.0007613082998432219
2026-03-25 21:37:35.922,0.169136643409729,-0.11474227160215378,-0.06468415260314941,-0.0006566534284502268,0.0012128924718126655,-0.0007531866431236267
2026-03-25 21:37:35.924,0.17773251235485077,-0.11006531864404678,-0.05697275698184967,-0.000571528566069901,0.0013483479851856828,-0.0007849290268495679
2026-03-25 21:37:35.926,0.18595674633979797,-0.1171097606420517,-0.05553843453526497,-0.0006378370453603566,0.0012433078372851014,-0.000821903464384377
2026-03-25 21:37:35.928,0.18671084940433502,-0.11089710146188736,-0.0552997812628746,-0.000566007278393954,0.001464466331526637,-0.0008953565265983343
2026-03-25 21:37:35.930,0.18360194563865662,-0.10891552269458771,-0.0661546066403389,-0.0006282702670432627,0.001311569008976221,-0.0008304091752506793
2026-03-25 21:37:35.932,0.1825340986251831,-0.10700170695781708,-0.07049386203289032,-0.0006661522202193737,0.0013071305584162474,-0.0009663124801591039
2026-03-25 21:37:35.934,0.19158491492271423,-0.10041401535272598,-0.07942114025354385,-0.000690978136844933,0.001374026876874268,-0.000886229332536459
2026-03-25 21:37:35.936,0.18799281120300293,-0.10656245797872543,-0.07588420063257217,-0.0008959679980762303,0.0014904375420883298,-0.0009930504020303488
2026-03-25 21:37:35.937,0.18434631824493408,-0.10179033130407333,-0.07250697165727615,-0.0007515012985095382,0.0014665796188637614,-0.0007517090416513383
2026-03-25 21:37:35.939,0.181786447763443,-0.09763382375240326,-0.06088850647211075,-0.0005978292902000248,0.0012251073494553566,-0.0007855564472265542
2026-03-25 21:37:35.941,0.17906466126441956,-0.10006167739629745,-0.06871549785137177,-0.00107838143594563,0.001155613805167377,-0.0006064347107894719
2026-03-25 21:37:35.943,0.18111637234687805,-0.08912871032953262,-0.07148776948451996,-0.0009662759257480502,0.00121992826461792,-0.0007232640637084842
2026-03-25 21:37:35.945,0.18381379544734955,-0.09013088792562485,-0.05831943824887276,-0.001107413787394762,0.0013145057018846273,-0.0007729363278485835
2026-03-25 21:37:35.947,0.18495424091815948,-0.08708497881889343,-0.05705959349870682,-0.0008913141791708767,0.0009640906355343759,-0.0008340746280737221
2026-03-25 21:37:35.949,0.1687478870153427,-0.09157835692167282,-0.06949298828840256,-0.0009753812337294221,0.0012115355348214507,-0.0007455341401509941
2026-03-25 21:37:35.951,0.17292585968971252,-0.08719684928655624,-0.07266645133495331,-0.0009445569012314081,0.0011423092801123857,-0.0007643738645128906
2026-03-25 21:37:35.953,0.17579059302806854,-0.08201004564762115,-0.06863650679588318,-0.0011236824793741107,0.0012398563558235765,-0.0007365904748439789
2026-03-25 21:37:35.955,0.19101624190807343,-0.08403388410806656,-0.08145099878311157,-0.0009588466491550207,0.001367084332741797,-0.000809552613645792
2026-03-25 21:37:35.957,0.19008156657218933,-0.08415935933589935,-0.08475062996149063,-0.001062303432263434,0.0012396435486152768,-0.0009072119719348848
2026-03-25 21:37:35.959,0.1754142791032791,-0.08527769148349762,-0.07956723123788834,-0.0010947722475975752,0.0012452269438654184,-0.0009013637318275869
2026-03-25 21:37:35.965,0.17431031167507172,-0.07574951648712158,-0.08515969663858414,-0.0009988050442188978,0.0013350119115784764,-0.0009834463708102703
2026-03-25 21:37:35.967,0.17853058874607086,-0.0705966129899025,-0.07799778878688812,-0.0009497259743511677,0.0012833253713324666,-0.0010076732141897082
2026-03-25 21:37:35.971,0.1564752161502838,-0.07331659644842148,-0.0815138965845108,-0.001079587615095079,0.0007659015827812254,-0.0005767071852460504
2026-03-25 21:37:35.975,0.08377987146377563,-0.11850995570421219,-0.14383502304553986,-0.000747128389775753,-0.00040837234701029956,-0.0004160966200288385
2026-03-25 21:37:35.979,0.05108412355184555,-0.13828907907009125,-0.14682312309741974,-0.0006631764699704945,-0.0006925655179657042,-0.00026167152100242674
2026-03-25 21:37:35.983,0.042103689163923264,-0.16004811227321625,-0.16123029589653015,-7.739250577287748e-05,-0.0008258008165284991,-0.0003339836548548192
2026-03-25 21:37:35.985,0.025294506922364235,-0.14928147196769714,-0.1669435054063797,-9.947513899533078e-05,-0.0009024532628245652,-0.0003953278937842697
2026-03-25 21:37:35.987,0.03988303616642952,-0.14547111093997955,-0.16759291291236877,-0.00046394727542065084,-0.000893132237251848,-0.00041646260069683194
2026-03-25 21:37:35.989,0.07335882633924484,-0.11679351329803467,-0.16416902840137482,-0.0005911296466365457,-0.0003495268174447119,-0.000691455730702728
2026-03-25 21:37:35.991,0.08956894278526306,-0.10371527820825577,-0.13851895928382874,-0.0009437725530005991,-0.0001952910388354212,-0.0005926488083787262
2026-03-25 21:37:35.993,0.11320489645004272,-0.09188158810138702,-0.12130697816610336,-0.0007464672671630979,0.00012674322351813316,-0.0009500462329015136
2026-03-25 21:37:35.997,0.15406376123428345,-0.060356881469488144,-0.0833241268992424,-0.0013132088351994753,0.0010924580274149776,-0.0011411495506763458
2026-03-25 21:37:35.999,0.17486074566841125,-0.040845707058906555,-0.06177299842238426,-0.0014065359719097614,0.0011212716344743967,-0.0012799884425476193
2026-03-25 21:37:36.001,0.2004321962594986,-0.03963489457964897,-0.05815630033612251,-0.0013995658373460174,0.0013573144096881151,-0.001390040386468172
2026-03-25 21:37:36.005,0.17828860878944397,-0.044448383152484894,-0.06110166013240814,-0.0015416824026033282,0.0012437277473509312,-0.0014481439720839262
2026-03-25 21:37:36.007,0.19627290964126587,-0.05075587332248688,-0.08709791302680969,-0.0013664279831573367,0.0015166413504630327,-0.0013764777686446905
2026-03-25 21:37:36.009,0.19370150566101074,-0.05412410572171211,-0.07354961335659027,-0.0012956667924299836,0.0013436265289783478,-0.0014905108837410808
2026-03-25 21:37:36.011,0.19845542311668396,-0.056819114834070206,-0.0749635249376297,-0.0013963349629193544,0.001576912240125239,-0.0012233828892931342
2026-03-25 21:37:36.013,0.18910887837409973,-0.05431445688009262,-0.06880160421133041,-0.0013721517752856016,0.0015575031284242868,-0.001248326851055026
2026-03-25 21:37:36.015,0.19555939733982086,-0.05665289983153343,-0.07669983804225922,-0.0013375242706388235,0.001412822399288416,-0.001350118312984705
2026-03-25 21:37:36.016,0.19823101162910461,-0.06074093282222748,-0.07998550683259964,-0.0012425227323547006,0.0014079639222472906,-0.0011935272486880422
2026-03-25 21:37:36.018,0.18857522308826447,-0.06353852897882462,-0.05971995368599892,-0.0013873239513486624,0.0014509190805256367,-0.0011039458913728595
2026-03-25 21:37:36.020,0.19741053879261017,-0.061646293848752975,-0.06270633637905121,-0.0013421567855402827,0.001485225511714816,-0.0010644510621204972
2026-03-25 21:37:36.022,0.19609573483467102,-0.06230294331908226,-0.054383840411901474,-0.0012944784248247743,0.0013306081527844071,-0.0007622608100064099
2026-03-25 21:37:36.025,0.18612058460712433,-0.0679842010140419,-0.05585635080933571,-0.0013146904530003667,0.0012336396612226963,-0.0009970555547624826
2026-03-25 21:37:36.026,0.18179278075695038,-0.07487571984529495,-0.054220788180828094,-0.00128004455473274,0.001237501623108983,-0.0009061807068064809
2026-03-25 21:37:36.028,0.17851148545742035,-0.0709330290555954,-0.06431186199188232,-0.0011998700210824609,0.0013471117708832026,-0.000913951313123107
2026-03-25 21:37:36.030,0.1882094293832779,-0.08292626589536667,-0.06482085585594177,-0.0011834215838462114,0.001474135322496295,-0.0009245784603990614
2026-03-25 21:37:36.033,0.18681594729423523,-0.08199527859687805,-0.06047997996211052,-0.0012940572341904044,0.001222223974764347,-0.0007737487321719527
2026-03-25 21:37:36.035,0.19120477139949799,-0.08238565176725388,-0.08009867370128632,-0.0011836541816592216,0.0012860855786129832,-0.0009433009545318782
2026-03-25 21:37:36.037,0.19184261560440063,-0.09035486727952957,-0.07497303187847137,-0.0012958415318280458,0.001368636847473681,-0.0008613184909336269
2026-03-25 21:37:36.039,0.1837049424648285,-0.08867505192756653,-0.06705721467733383,-0.0010298945708200336,0.0014291576808318496,-0.0006966282962821424
2026-03-25 21:37:36.041,0.18338188529014587,-0.09250447899103165,-0.07792885601520538,-0.000882229651324451,0.0013357672141864896,-0.0007596504874527454
2026-03-25 21:37:36.043,0.1829289197921753,-0.09140752255916595,-0.07113183289766312,-0.0008281235350295901,0.0011327696265652776,-0.0007961992523632944
2026-03-25 21:37:36.045,0.18321506679058075,-0.09775101393461227,-0.06973856687545776,-0.0010035652667284012,0.0013009273679926991,-0.0006460003205575049
2026-03-25 21:37:36.046,0.17818431556224823,-0.1005302369594574,-0.05900079384446144,-0.0007024603546597064,0.001294460380449891,-0.0005426319548860192
2026-03-25 21:37:36.048,0.17838692665100098,-0.1060689240694046,-0.07401078194379807,-0.0008033306803554296,0.0010627548908814788,-0.00045804321416653693
2026-03-25 21:37:36.050,0.171420156955719,-0.1146058738231659,-0.06746236234903336,-0.0005622818716801703,0.0011676823487505317,-0.0006087443325668573
2026-03-25 21:37:36.052,0.17301751673221588,-0.11495621502399445,-0.06401202082633972,-0.0005579676944762468,0.0010183643316850066,-0.0004496010660659522
2026-03-25 21:37:36.054,0.1761932373046875,-0.11891116201877594,-0.06383409351110458,-0.0008428751607425511,0.0013237765524536371,-0.0004657173703890294
2026-03-25 21:37:36.056,0.16915319859981537,-0.12688958644866943,-0.06892073899507523,-0.0007046608370728791,0.0011360562639310956,-0.00042462965939193964
2026-03-25 21:37:36.058,0.1638762652873993,-0.13354656100273132,-0.07668795436620712,-0.0004175587964709848,0.0012791418703272939,-0.00043073692359030247
2026-03-25 21:37:36.060,0.1670369654893875,-0.13893982768058777,-0.07287803292274475,-0.00041458243504166603,0.001313907210715115,-0.0006111445254646242
2026-03-25 21:37:36.062,0.16619108617305756,-0.14058975875377655,-0.08027494698762894,-0.0003498339210636914,0.0011853487230837345,-0.00040999369230121374
2026-03-25 21:37:36.064,0.17581358551979065,-0.14209887385368347,-0.07897917926311493,-0.0003972341073676944,0.001275836955755949,-0.0003875688707921654
2026-03-25 21:37:36.066,0.172915518283844,-0.14546777307987213,-0.07093412429094315,-0.000238682929193601,0.0013597049983218312,-0.00045839263475500047
2026-03-25 21:37:36.068,0.1685321033000946,-0.14261697232723236,-0.07546795159578323,-0.0003172587894368917,0.0011982135474681854,-0.0003577261231839657
2026-03-25 21:37:36.070,0.16529707610607147,-0.14107395708560944,-0.07299791276454926,-0.00029503944097086787,0.0007869363762438297,-0.0005404626717790961
2026-03-25 21:37:36.072,0.1713549792766571,-0.1465630680322647,-0.07007777690887451,-0.0002816996711771935,0.0009300073143094778,-0.0004982625250704587
2026-03-25 21:37:36.074,0.15945759415626526,-0.1420012265443802,-0.0663909763097763,-0.00031006793142296374,0.0009133995044976473,-0.0006065492052584887
2026-03-25 21:37:36.076,0.159762904047966,-0.14022593200206757,-0.06014484167098999,-0.0002490432234480977,0.0010346760973334312,-0.0004161167598795146
2026-03-25 21:37:36.078,0.1710950881242752,-0.14513655006885529,-0.07230975478887558,-0.00012586214870680124,0.0008761879289522767,-0.0004960816004313529
2026-03-25 21:37:36.080,0.16154976189136505,-0.13785478472709656,-0.06748847663402557,-0.00022614543559029698,0.0008618696592748165,-0.0006527443183586001
2026-03-25 21:37:36.082,0.15928663313388824,-0.13018591701984406,-0.07784397900104523,-0.00016106257680803537,0.0010069393320009112,-0.0006577498279511929
2026-03-25 21:37:36.084,0.1712838113307953,-0.13223783671855927,-0.08338487148284912,-6.25245738774538e-05,0.0012110642855986953,-0.0008005209965631366
2026-03-25 21:37:36.086,0.16713353991508484,-0.12988519668579102,-0.08463963121175766,-0.00023210661311168224,0.0011297486489638686,-0.0006893352256156504
2026-03-25 21:37:36.088,0.16444039344787598,-0.1311263144016266,-0.08088603615760803,-0.00023860741930548102,0.0009152398561127484,-0.0007599178934469819
2026-03-25 21:37:36.090,0.16500958800315857,-0.13287988305091858,-0.07890781760215759,-0.0001950922014657408,0.0009400804410688579,-0.000890996539965272
2026-03-25 21:37:36.092,0.1730911135673523,-0.12662221491336823,-0.08400442451238632,-0.00038763060001656413,0.001093763974495232,-0.0005711728008463979
2026-03-25 21:37:36.094,0.16100385785102844,-0.12487387657165527,-0.06992032378911972,-0.0006051794625818729,0.0011861734092235565,-0.0006226489203982055
2026-03-25 21:37:36.096,0.1626797765493393,-0.13482294976711273,-0.07673943787813187,-0.0004225989105179906,0.001010180450975895,-0.000753596134018153
2026-03-25 21:37:36.098,0.16806098818778992,-0.12136068940162659,-0.08045127242803574,-0.00027002242859452963,0.0009286724380217493,-0.000679488352034241
2026-03-25 21:37:36.100,0.15429675579071045,-0.11822705715894699,-0.07509536296129227,-0.00034329015761613846,0.0008651680545881391,-0.0007223729626275599
2026-03-25 21:37:36.102,0.1589212566614151,-0.12442263215780258,-0.07055414468050003,-0.0005014784401282668,0.0008090862538665533,-0.000811916368547827
2026-03-25 21:37:36.104,0.1680801510810852,-0.12487771362066269,-0.09013896435499191,-0.0005846016574651003,0.001000826247036457,-0.0006694162730127573
2026-03-25 21:37:36.106,0.16267146170139313,-0.1180279478430748,-0.08341162651777267,-0.00046109335380606353,0.0010923806112259626,-0.0008284067735075951
2026-03-25 21:37:36.108,0.1712622344493866,-0.11996496468782425,-0.08492548018693924,-0.0005912086926400661,0.0009795085061341524,-0.0009384696022607386
2026-03-25 21:37:36.110,0.1688694804906845,-0.11850180476903915,-0.08407460898160934,-0.0006680033984594047,0.0009510632371529937,-0.0008561490103602409
2026-03-25 21:37:36.112,0.16722728312015533,-0.11736872047185898,-0.07063312083482742,-0.00041808586684055626,0.0009461849695071578,-0.0010113789467141032
2026-03-25 21:37:36.114,0.15648415684700012,-0.11091428995132446,-0.07415495812892914,-0.0005026686121709645,0.0011243728222325444,-0.0006775797810405493
2026-03-25 21:37:36.116,0.16782280802726746,-0.12392115592956543,-0.08941033482551575,-0.0008064779103733599,0.0013106886763125658,-0.0006730672321282327
2026-03-25 21:37:36.118,0.1759829819202423,-0.10439793765544891,-0.08701806515455246,-0.0004886834649369121,0.001227105502039194,-0.0010522812372073531
2026-03-25 21:37:36.120,0.18479043245315552,-0.09187732636928558,-0.05879710987210274,-0.0005971606587991118,0.0012798162642866373,-0.001071891630999744
2026-03-25 21:37:36.122,0.20879147946834564,-0.08709607273340225,-0.04602393880486488,-0.0007778750732541084,0.0018887807382270694,-0.0010987307177856565
2026-03-25 21:37:36.124,0.21613286435604095,-0.08937305957078934,-0.04300285503268242,-0.0008883627597242594,0.0017503981944173574,-0.0012479621218517423
2026-03-25 21:37:36.126,0.20058554410934448,-0.09342315793037415,-0.05267966911196709,-0.000776889210101217,0.001668713171966374,-0.0011298127938061953
2026-03-25 21:37:36.128,0.1851077377796173,-0.10276108980178833,-0.0690702497959137,-0.0006997603341005743,0.0012960893800482154,-0.001156346988864243
2026-03-25 21:37:36.130,0.17957451939582825,-0.10083991289138794,-0.06679186969995499,-0.0007939579663798213,0.0009879573481157422,-0.0011094864457845688
2026-03-25 21:37:36.132,0.19251687824726105,-0.0987665131688118,-0.07206305116415024,-0.0008255987195298076,0.0016040789196267724,-0.00102242489811033
2026-03-25 21:37:36.134,0.19231610000133514,-0.10258349776268005,-0.07254424691200256,-0.0007921200012788177,0.0016154428012669086,-0.0010545187396928668
2026-03-25 21:37:36.136,0.17176251113414764,-0.10021857172250748,-0.07648154348134995,-0.0006679316284134984,0.0011775045422837138,-0.0010109879076480865
2026-03-25 21:37:36.138,0.16899831593036652,-0.10959457606077194,-0.09407307952642441,-0.0005527976900339127,0.0011959424009546638,-0.0011743149952962995
2026-03-25 21:37:36.141,0.1698465496301651,-0.10751184076070786,-0.08705756813287735,-0.0007020056946203113,0.0012031084625050426,-0.0010266609024256468
2026-03-25 21:37:36.143,0.1836242824792862,-0.10819555819034576,-0.060441888868808746,-0.0008527487516403198,0.0013975295005366206,-0.0008710558176971972
2026-03-25 21:37:36.145,0.18359705805778503,-0.10947129130363464,-0.06486360728740692,-0.0006570221739821136,0.0013868098612874746,-0.0007630189065821469
2026-03-25 21:37:36.147,0.16982398927211761,-0.112519271671772,-0.06843670457601547,-0.0006673918687738478,0.001038004644215107,-0.0009232456795871258
2026-03-25 21:37:36.149,0.17108085751533508,-0.11597128957509995,-0.07848285138607025,-0.0005896459333598614,0.0011036436771973968,-0.0007766378112137318
2026-03-25 21:37:36.151,0.16568054258823395,-0.11400911211967468,-0.07055642455816269,-0.0006980535690672696,0.0010217331582680345,-0.000556491082534194
2026-03-25 21:37:36.153,0.18442007899284363,-0.10928782820701599,-0.06703981012105942,-0.0007077096961438656,0.001460582367144525,-0.0006954247946850955
2026-03-25 21:37:36.155,0.1782776266336441,-0.12115903198719025,-0.08347877115011215,-0.00046953230048529804,0.0012269007274881005,-0.0007289800560101867
2026-03-25 21:37:36.157,0.1682198941707611,-0.12197724729776382,-0.07945214211940765,-0.00032990187173709273,0.0010673308279365301,-0.0008685642387717962
2026-03-25 21:37:36.159,0.16806545853614807,-0.12091579288244247,-0.08053426444530487,-0.0003384282172191888,0.0010896660387516022,-0.0008415465126745403
2026-03-25 21:37:36.161,0.1635083109140396,-0.12031805515289307,-0.08007939159870148,-0.00042941735591739416,0.0013259159168228507,-0.0007205947185866535
2026-03-25 21:37:36.163,0.16885019838809967,-0.12664400041103363,-0.09890083968639374,-0.0002850296441465616,0.0013077962212264538,-0.00073942233575508
2026-03-25 21:37:36.165,0.1667596697807312,-0.12725293636322021,-0.08813197910785675,-0.00037233775947242975,0.001010181033052504,-0.0007569714798592031
2026-03-25 21:37:36.167,0.17319704592227936,-0.12762881815433502,-0.09373434633016586,-0.0002964884915854782,0.0011578580597415566,-0.0006589737604372203
2026-03-25 21:37:36.169,0.16657160222530365,-0.12471387535333633,-0.09112419933080673,-0.0006115916767157614,0.0011137464316561818,-0.00038402443169616163
2026-03-25 21:37:36.171,0.16422581672668457,-0.12529483437538147,-0.08988560736179352,-0.00038426340324804187,0.001032981206662953,-0.0005589426145888865
2026-03-25 21:37:36.173,0.16875097155570984,-0.12379113584756851,-0.0806625485420227,-0.0006016663392074406,0.0007649637409485877,-0.0005393521278165281
2026-03-25 21:37:36.175,0.1599874496459961,-0.12331988662481308,-0.08462325483560562,-0.0007342127501033247,0.0010186636354774237,-0.0005810749717056751
2026-03-25 21:37:36.177,0.16901710629463196,-0.1271209567785263,-0.08268565684556961,-0.0006207487895153463,0.0012736476492136717,-0.0006229063728824258
2026-03-25 21:37:36.179,0.16009403765201569,-0.1271134614944458,-0.08801256865262985,-0.0006188068073242903,0.0010432435665279627,-0.0006921050371602178
2026-03-25 21:37:36.181,0.1649138480424881,-0.1213516816496849,-0.0910976380109787,-0.0005910499021410942,0.0013278817059472203,-0.0007677783141843975
2026-03-25 21:37:36.183,0.1737280786037445,-0.11577625572681427,-0.08557862788438797,-0.0007902802317403257,0.0012183813378214836,-0.0007294708047993481
2026-03-25 21:37:36.185,0.18126137554645538,-0.12128547579050064,-0.0901409387588501,-0.0007062150398269296,0.0013250135816633701,-0.0006065305205993354
2026-03-25 21:37:36.187,0.18057136237621307,-0.1267457902431488,-0.09003890305757523,-0.0007634590147063136,0.0011606597108766437,-0.0008026480791158974
2026-03-25 21:37:36.189,0.1713864505290985,-0.1173386499285698,-0.07911492139101028,-0.0007269151974469423,0.0012219578493386507,-0.000832772406283766
2026-03-25 21:37:36.191,0.18065041303634644,-0.11458881944417953,-0.08617819100618362,-0.0008526233141310513,0.0013135246699675918,-0.0006694811163470149
2026-03-25 21:37:36.193,0.17936205863952637,-0.11209318041801453,-0.07914018630981445,-0.000982336001470685,0.001147264032624662,-0.0009549013338983059
2026-03-25 21:37:36.195,0.174945667386055,-0.09975200146436691,-0.09580174833536148,-0.0007827074150554836,0.0011889738962054253,-0.0006875583785586059
2026-03-25 21:37:36.197,0.16357479989528656,-0.10783161967992783,-0.08354252576828003,-0.0007688908372074366,0.0011931000044569373,-0.0005866660503670573
2026-03-25 21:37:36.199,0.15982162952423096,-0.11154305189847946,-0.0918896496295929,-0.0008050836622714996,0.001275968155823648,-0.0007448696997016668
2026-03-25 21:37:36.201,0.16242408752441406,-0.10853929072618484,-0.09433013945817947,-0.0008500031544826925,0.0011093973880633712,-0.0005723302019760013
2026-03-25 21:37:36.203,0.1695283055305481,-0.09274922311306,-0.08649618923664093,-0.0011130633065477014,0.001003109966404736,-0.0005993233644403517
2026-03-25 21:37:36.205,0.18293587863445282,-0.09639563411474228,-0.08975943177938461,-0.001024511642754078,0.0011821156367659569,-0.0006886819610372186
2026-03-25 21:37:36.207,0.17799849808216095,-0.0976809412240982,-0.08449023962020874,-0.0007561714737676084,0.0011417099740356207,-0.0007232729694806039
2026-03-25 21:37:36.209,0.1750066727399826,-0.09885962307453156,-0.096278615295887,-0.0008903341949917376,0.001115085557103157,-0.0009519369923509657
2026-03-25 21:37:36.211,0.17366765439510345,-0.09473410993814468,-0.09555329382419586,-0.0009071915992535651,0.001108387135900557,-0.0009470788645558059
2026-03-25 21:37:36.213,0.17569302022457123,-0.09043633192777634,-0.09822634607553482,-0.0009191878489218652,0.0010750109795480967,-0.0009310039458796382
2026-03-25 21:37:36.215,0.17181505262851715,-0.0939301922917366,-0.10469013452529907,-0.001096745952963829,0.0012904301984235644,-0.0008475170470774174
2026-03-25 21:37:36.217,0.15765725076198578,-0.09248655289411545,-0.10395392775535583,-0.0010030437260866165,0.001219152589328587,-0.000997241004370153
2026-03-25 21:37:36.219,0.15653395652770996,-0.09056024998426437,-0.11116469651460648,-0.0010095464531332254,0.0009281600941903889,-0.0010198823874816298
2026-03-25 21:37:36.221,0.15474972128868103,-0.08344896137714386,-0.09802453964948654,-0.0008932332275435328,0.000929900910705328,-0.0009656571783125401
2026-03-25 21:37:36.223,0.1569073647260666,-0.07968752831220627,-0.10648299753665924,-0.0008770685526542366,0.0011962680146098137,-0.0010050348937511444
2026-03-25 21:37:36.225,0.1618402600288391,-0.08390204608440399,-0.10582529753446579,-0.0010718561243265867,0.0010166933061555028,-0.0010231223423033953
2026-03-25 21:37:36.227,0.15521322190761566,-0.08351472020149231,-0.1055583730340004,-0.0009969482198357582,0.0010448332177475095,-0.0009395842789672315
2026-03-25 21:37:36.229,0.16222220659255981,-0.08442797511816025,-0.12414447963237762,-0.0009053538087755442,0.0009780916152521968,-0.0010423891944810748
2026-03-25 21:37:36.231,0.15607498586177826,-0.08160022646188736,-0.11246530711650848,-0.0010233399225398898,0.0007079841452650726,-0.0008773442241363227
2026-03-25 21:37:36.233,0.15667106211185455,-0.0799274817109108,-0.11469916254281998,-0.0009561270708218217,0.0008253127452917397,-0.0011456676293164492
2026-03-25 21:37:36.235,0.1557997614145279,-0.08897112309932709,-0.11729282140731812,-0.0009322800906375051,0.0007845818181522191,-0.0011081612901762128
2026-03-25 21:37:36.237,0.156233549118042,-0.0854068323969841,-0.11976348608732224,-0.0009171401616185904,0.0007689232006669044,-0.0011772883590310812
2026-03-25 21:37:36.239,0.15062406659126282,-0.08590735495090485,-0.12205689400434494,-0.0009862642036750913,0.0009943012846633792,-0.0009499309817329049
2026-03-25 21:37:36.241,0.15265460312366486,-0.08745342493057251,-0.12382317334413528,-0.0009488259092904627,0.0008658599690534174,-0.0010848204838111997
2026-03-25 21:37:36.243,0.1673402339220047,-0.08950036764144897,-0.1328934282064438,-0.00102550582960248,0.0010971690062433481,-0.0008513987995684147
2026-03-25 21:37:36.245,0.14224699139595032,-0.08576706796884537,-0.11177145689725876,-0.0010476235765963793,0.0007416979060508311,-0.0009237765334546566
2026-03-25 21:37:36.247,0.13568374514579773,-0.08858642727136612,-0.11440659314393997,-0.0009497544378973544,0.0006542174960486591,-0.0008669966482557356
2026-03-25 21:37:36.249,0.1578214317560196,-0.09616059809923172,-0.13157208263874054,-0.0006744416896253824,0.0007246790337376297,-0.0009219633066095412
2026-03-25 21:37:36.251,0.13935862481594086,-0.08540479838848114,-0.10990642011165619,-0.0008371558506041765,0.000713244138751179,-0.0007112654857337475
2026-03-25 21:37:36.253,0.16018028557300568,-0.09486234933137894,-0.11190681159496307,-0.0008476100047118962,0.0007966692792251706,-0.0009818157413974404
2026-03-25 21:37:36.255,0.15859052538871765,-0.10752710700035095,-0.11808977276086807,-0.0007598533411510289,0.0007711462676525116,-0.0010267853504046798
2026-03-25 21:37:36.257,0.14335697889328003,-0.0963260680437088,-0.13461218774318695,-0.00070327112916857,0.0007603483973070979,-0.000959081226028502
2026-03-25 21:37:36.259,0.1365002542734146,-0.09949680417776108,-0.1315763145685196,-0.0008912623743526638,0.0007394353160634637,-0.0010044857626780868
2026-03-25 21:37:36.261,0.15832830965518951,-0.10452799499034882,-0.13879725337028503,-0.0006292701582424343,0.0008715509320609272,-0.0009283953695558012
2026-03-25 21:37:36.263,0.1613864153623581,-0.10534815490245819,-0.13365483283996582,-0.0007264204323291779,0.0008691108087077737,-0.001083618844859302
2026-03-25 21:37:36.267,0.15486806631088257,-0.10784610360860825,-0.13809679448604584,-0.0005721576162613928,0.0006352802156470716,-0.0007677343674004078
2026-03-25 21:37:36.269,0.14549756050109863,-0.1105966866016388,-0.13566270470619202,-0.0005602260353043675,0.0006853761151432991,-0.0008223492768593132
2026-03-25 21:37:36.271,0.13468332588672638,-0.11183039098978043,-0.12283603847026825,-0.0008994106319732964,0.000708586594555527,-0.0007071242434903979
2026-03-25 21:37:36.273,0.1511780172586441,-0.11650434881448746,-0.11896448582410812,-0.0008096176898106933,0.0007464861846528947,-0.0007026151288300753
2026-03-25 21:37:36.275,0.16504111886024475,-0.117580845952034,-0.13912414014339447,-0.00041659752605482936,0.0008479683892801404,-0.0007882944191806018
2026-03-25 21:37:36.277,0.12814408540725708,-0.11039438098669052,-0.12623600661754608,-0.0006095333956182003,0.0007101854425854981,-0.0007510767900384963
2026-03-25 21:37:36.279,0.1326100379228592,-0.11184613406658173,-0.1382724642753601,-0.0004455306916497648,0.0005776116740889847,-0.0008087384630925953
2026-03-25 21:37:36.281,0.1515578329563141,-0.1254626363515854,-0.15137702226638794,-0.0005291405250318348,0.000916922464966774,-0.0007537174387834966
2026-03-25 21:37:36.283,0.141264870762825,-0.12259449064731598,-0.12606430053710938,-0.0006353466305881739,0.0005606404156424105,-0.0007954956963658333
2026-03-25 21:37:36.285,0.15335112810134888,-0.12606769800186157,-0.1309269368648529,-0.0005802547093480825,0.0009078386356122792,-0.0007041239878162742
2026-03-25 21:37:36.289,0.14509464800357819,-0.12072037905454636,-0.14656636118888855,-0.00045358770876191556,0.0008084342116490006,-0.0006125041982159019
2026-03-25 21:37:36.291,0.12715375423431396,-0.12223673611879349,-0.13436880707740784,-0.00066942855482921,0.0007995045743882656,-0.0005328886909410357
2026-03-25 21:37:36.295,0.14116454124450684,-0.1270592212677002,-0.1440013349056244,-0.00045735100866295397,0.0009774762438610196,-0.00035617873072624207
2026-03-25 21:37:36.297,0.07098408043384552,-0.11490456014871597,-0.15103287994861603,-0.002023997250944376,-0.00021466602629516274,0.0021560972090810537
2026-03-25 21:37:36.299,-0.29438549280166626,-0.19787991046905518,-0.2604789435863495,0.00023624522145837545,-0.008201701566576958,0.0011104968143627048
2026-03-25 21:37:36.301,-0.3042468726634979,-0.16107666492462158,-0.3556675314903259,-0.00023210035578813404,-0.004938045982271433,0.001044903532601893
2026-03-25 21:37:36.303,0.005246971733868122,-0.20812799036502838,-0.30225780606269836,7.207180897239596e-05,-0.001256476854905486,-0.001243151375092566
2026-03-25 21:37:36.305,0.2287214696407318,-0.18415327370166779,-0.27448052167892456,0.00034605784458108246,0.001645691809244454,-0.0025188762228935957
2026-03-25 21:37:36.307,0.2622874975204468,-0.08187498897314072,-0.11307021230459213,-0.00108790909871459,0.0031281462870538235,-0.0011897861259058118
2026-03-25 21:37:36.309,0.10710708796977997,0.0019341838778927922,-0.0034015618730336428,-0.002750163432210684,0.0004494274908211082,-7.953806925797835e-05
2026-03-25 21:37:36.311,0.3154781758785248,-0.12328837811946869,-0.19953158497810364,-0.00023611224605701864,0.0029078477527946234,-0.0019606947898864746
2026-03-25 21:37:36.313,0.15628163516521454,-0.1223793625831604,-0.12268982827663422,0.00045136382686905563,0.0009407153120264411,-0.0020183646120131016
2026-03-25 21:37:36.315,0.08338604122400284,-0.08049773424863815,-0.09504435956478119,-0.000988155952654779,0.00013655307702720165,-0.001084015006199479
2026-03-25 21:37:36.317,0.20016193389892578,-0.07810380309820175,-0.15149661898612976,-0.000931733928155154,0.0015044808387756348,-0.0012009167112410069
2026-03-25 21:37:36.319,0.21552002429962158,-0.07536372542381287,-0.10378891974687576,-0.0007879894692450762,0.001976856729015708,-0.0013687408063560724
2026-03-25 21:37:36.321,0.21747201681137085,-0.06688231229782104,-0.09089241921901703,-0.0010887845419347286,0.0018134604906663299,-0.0012775450013577938
2026-03-25 21:37:36.323,0.1593804955482483,-0.05969981849193573,-0.10582365840673447,-0.000906355504412204,0.0012108217924833298,-0.0011923133861273527
2026-03-25 21:37:36.325,0.20331592857837677,-0.10710953921079636,-0.1520950347185135,2.1802161427331157e-05,0.0016524720704182982,-0.0018156268633902073
2026-03-25 21:37:36.327,0.08620350062847137,-0.07163675129413605,-0.1294783055782318,-0.0015300493687391281,-0.0003072632534895092,3.428323907428421e-05
2026-03-25 21:37:36.329,0.062414176762104034,-0.10189082473516464,-0.24890270829200745,-0.0009340204414911568,-0.00044862154754810035,-0.00046070938697084785
2026-03-25 21:37:36.331,0.01741962321102619,-0.11631316691637039,-0.20492957532405853,-0.0005860422970727086,-0.00153053505346179,-0.0010053373407572508
2026-03-25 21:37:36.333,0.014385238289833069,-0.08080707490444183,-0.19295214116573334,-0.0015316817443817854,-0.0012281661620363593,-0.0004265928582753986
2026-03-25 21:37:36.335,0.179158553481102,-0.08060754090547562,-0.22248032689094543,-0.0016616289503872395,0.0011414368636906147,-0.0005973426741547883
2026-03-25 21:37:36.337,0.16471731662750244,-0.0686558187007904,-0.12929551303386688,-0.0010932160075753927,0.001304863952100277,-0.001357128145173192
2026-03-25 21:37:36.339,0.15483500063419342,-0.06180446222424507,-0.0986114963889122,-0.001293857116252184,0.00104781542904675,-0.0014271175023168325
2026-03-25 21:37:36.341,0.23096835613250732,-0.08097445964813232,-0.1366177648305893,-0.00037510512629523873,0.002033039228990674,-0.0018586156656965613
2026-03-25 21:37:36.343,0.18146534264087677,-0.07741798460483551,-0.12235485762357712,-0.0007269381312653422,0.0011627082712948322,-0.0018291091546416283
2026-03-25 21:37:36.345,0.17117591202259064,-0.05167755112051964,-0.09778564423322678,-0.0012757792137563229,0.0014370556455105543,-0.0012215747265145183
2026-03-25 21:37:36.347,0.15006431937217712,-0.0570795014500618,-0.11123180389404297,-0.0016848022351041436,0.0005469132447615266,-0.0007482719956897199
2026-03-25 21:37:36.349,0.16245876252651215,-0.09183912724256516,-0.19112372398376465,-0.0008297551539726555,0.0008319536573253572,-0.0010641111293807626
2026-03-25 21:37:36.351,0.06035922095179558,-0.07765800505876541,-0.14893972873687744,-0.0011100113624706864,-0.0005886108265258372,-0.000993748428300023
2026-03-25 21:37:36.353,0.07312701642513275,-0.06351100653409958,-0.18197329342365265,-0.0013167132856324315,-0.00030514871468767524,-0.0006757088704034686
2026-03-25 21:37:36.355,0.12800392508506775,-0.0775168389081955,-0.18746308982372284,-0.001265445607714355,0.0004849139368161559,-0.0008654480334371328
2026-03-25 21:37:36.357,0.1410311460494995,-0.07157427072525024,-0.15355105698108673,-0.001339893089607358,0.0005833448958583176,-0.0009372622589580715
2026-03-25 21:37:36.359,0.166499063372612,-0.0656680092215538,-0.12640894949436188,-0.0013734404928982258,0.001091453479602933,-0.0012450630310922861
2026-03-25 21:37:36.361,0.19391903281211853,-0.07075753808021545,-0.10887173563241959,-0.0012308572186157107,0.0011528980685397983,-0.0013826779322698712
2026-03-25 21:37:36.363,0.20168451964855194,-0.08556903898715973,-0.12729434669017792,-0.00112718075979501,0.001596087939105928,-0.00127123121637851
2026-03-25 21:37:36.365,0.17510421574115753,-0.09418649971485138,-0.13026298582553864,-0.0013791664969176054,0.0011160451686009765,-0.0009753461345098913
2026-03-25 21:37:36.367,0.14011448621749878,-0.08868018537759781,-0.13994263112545013,-0.0011541403364390135,0.0008988185436464846,-0.0008202847675420344
2026-03-25 21:37:36.369,0.12044335901737213,-0.08148428052663803,-0.15093284845352173,-0.0012083565816283226,0.0005258615710772574,-0.0006597806932404637
2026-03-25 21:37:36.371,0.11136588454246521,-0.0883130207657814,-0.15836288034915924,-0.0013765989569947124,-4.2352021409897134e-05,-0.0002670992398634553
2026-03-25 21:37:36.374,0.1272921860218048,-0.08821043372154236,-0.12721890211105347,-0.0009637915063649416,0.00042850838508456945,-0.0004494850290939212
2026-03-25 21:37:36.376,0.1761634796857834,-0.09442532807588577,-0.1274939477443695,-0.0009547453373670578,0.001112763537093997,-0.0006907194037921727
2026-03-25 21:37:36.378,0.2046002596616745,-0.09822126477956772,-0.11545249074697495,-0.0006127331289462745,0.0015142904594540596,-0.0010164902778342366
2026-03-25 21:37:36.380,0.2023494392633438,-0.10039497166872025,-0.11129851639270782,-0.0006244031246751547,0.0015817784005776048,-0.0010940603679046035
2026-03-25 21:37:36.382,0.18118584156036377,-0.10907162725925446,-0.1143450066447258,-0.0005708989338018,0.001408613519743085,-0.0010514038149267435
2026-03-25 21:37:36.384,0.1641959697008133,-0.11463633924722672,-0.1381450593471527,-0.0006784260040149093,0.0012403384316712618,-0.000761888746637851
2026-03-25 21:37:36.386,0.1401142179965973,-0.1239824965596199,-0.1661907583475113,-0.0006534810527227819,0.0009901905432343483,-0.0005755276069976389
2026-03-25 21:37:36.388,0.08453777432441711,-0.1301182061433792,-0.14340341091156006,-0.0007588723674416542,-7.174624624894932e-05,-0.0005263671046122909
2026-03-25 21:37:36.390,0.11357059329748154,-0.1262628585100174,-0.17769992351531982,-0.00046663492685183883,0.00018181221093982458,-0.0003473942924756557
2026-03-25 21:37:36.392,0.12603583931922913,-0.1157015860080719,-0.15646705031394958,-0.0010697192046791315,0.00037244055420160294,-7.729785284027457e-05
2026-03-25 21:37:36.394,0.15959252417087555,-0.11090889573097229,-0.1324678361415863,-0.000969188055023551,0.0011823601089417934,-0.00035215236130170524
2026-03-25 21:37:36.396,0.17078688740730286,-0.10341935604810715,-0.10953811556100845,-0.0007331138476729393,0.001204508705995977,-0.0005438431981019676
2026-03-25 21:37:36.398,0.17897053062915802,-0.1112666204571724,-0.09785019606351852,-0.0005178379942663014,0.001098483451642096,-0.0007340396987274289
2026-03-25 21:37:36.400,0.19562789797782898,-0.1322968751192093,-0.11352680623531342,-0.00016613049956504256,0.0014630550285801291,-0.0009807766182348132
2026-03-25 21:37:36.402,0.16156119108200073,-0.11063586920499802,-0.11026196926832199,-0.00045823119580745697,0.0008513444336131215,-0.0008612815872766078
2026-03-25 21:37:36.404,0.17866598069667816,-0.10749563574790955,-0.1273871809244156,-0.0008500842377543449,0.0014304812066257,-0.0006596257444471121
2026-03-25 21:37:36.406,0.19158931076526642,-0.10602489858865738,-0.11460557579994202,-0.0008798664202913642,0.0013320707948878407,-0.0005220127641223371
2026-03-25 21:37:36.408,0.20177337527275085,-0.12452178448438644,-0.11673693358898163,-0.00040144537342712283,0.0016270230989903212,-0.0008112180512398481
2026-03-25 21:37:36.410,0.15666678547859192,-0.13551634550094604,-0.10998933017253876,-0.00015318975783884525,0.000957356474827975,-0.000909282942302525
2026-03-25 21:37:36.412,0.17148816585540771,-0.13637278974056244,-0.12041295319795609,-0.00013851402036380023,0.0009320306708104908,-0.0006439577555283904
2026-03-25 21:37:36.414,0.1821487993001938,-0.12632782757282257,-0.13243675231933594,-0.0006473013781942427,0.0014154211385175586,-0.00042650423711165786
2026-03-25 21:37:36.416,0.13559798896312714,-0.11567270755767822,-0.12561821937561035,-0.0012771785259246826,0.00030510808574035764,0.00016639278328511864
2026-03-25 21:37:36.418,0.12610456347465515,-0.14492641389369965,-0.1664392203092575,-0.00026081359828822315,0.0008225172641687095,-0.0003207559057045728
2026-03-25 21:37:36.420,0.10987012088298798,-0.1432114690542221,-0.13810792565345764,-0.0003649778664112091,7.73849242250435e-05,-0.0003264120314270258
2026-03-25 21:37:36.422,0.13238690793514252,-0.14572958648204803,-0.139788419008255,-0.000557082355953753,0.0006429150816984475,-0.0001470591960242018
2026-03-25 21:37:36.424,0.1605490744113922,-0.13622485101222992,-0.11814860254526138,-0.00037021213211119175,0.0010902255307883024,-0.0005606574704870582
2026-03-25 21:37:36.426,0.18579287827014923,-0.12923817336559296,-0.10812202841043472,-0.0007785364286974072,0.0012701895320788026,-0.0006382100400514901
2026-03-25 21:37:36.428,0.20510102808475494,-0.11598531901836395,-0.10287263989448547,-0.0007810632232576609,0.0014772702706977725,-0.0006252010934986174
2026-03-25 21:37:36.430,0.21274937689304352,-0.11988469958305359,-0.10588907450437546,-0.0005897584487684071,0.0015092426910996437,-0.0008277681772597134
2026-03-25 21:37:36.432,0.1791459172964096,-0.11784544587135315,-0.12619899213314056,-0.0004131565510760993,0.0014543457655236125,-0.000994635047391057
2026-03-25 21:37:36.434,0.1498483568429947,-0.1210099458694458,-0.10620313137769699,-0.0004487729165703058,0.0010520053328946233,-0.0009690503939054906
2026-03-25 21:37:36.436,0.16944952309131622,-0.12247686833143234,-0.129952535033226,-0.0006037963321432471,0.0012317210203036666,-0.0007730218931101263
2026-03-25 21:37:36.438,0.1430872529745102,-0.12272433936595917,-0.14849011600017548,-0.0007749433862045407,0.00041411948041059077,-0.0006470920634455979
2026-03-25 21:37:36.440,0.11875839531421661,-0.1147945448756218,-0.1587449461221695,-0.0008469494059681892,0.00031940368353389204,-0.0005608209758065641
2026-03-25 21:37:36.442,0.10619854182004929,-0.10813421756029129,-0.1530715972185135,-0.001031185151077807,9.122511255554855e-05,-0.00033149277442134917
2026-03-25 21:37:36.444,0.1372866928577423,-0.12745918333530426,-0.14809530973434448,-0.0008198480936698616,0.0002681159239728004,-0.0006719003431499004
2026-03-25 21:37:36.446,0.16126708686351776,-0.11787811666727066,-0.13845667243003845,-0.0005393783212639391,0.0008961894200183451,-0.000847307441290468
2026-03-25 21:37:36.448,0.1547287106513977,-0.10022427141666412,-0.10007649660110474,-0.0009515775600448251,0.0009557968587614596,-0.0008548990590497851
2026-03-25 21:37:36.450,0.21212829649448395,-0.09280215203762054,-0.12153705954551697,-0.0007790265372022986,0.0018163652857765555,-0.0009140532929450274
2026-03-25 21:37:36.452,0.20037886500358582,-0.07916996628046036,-0.0919332504272461,-0.0010358068393543363,0.001396377570927143,-0.0006971634575165808
2026-03-25 21:37:36.454,0.1951664686203003,-0.08579699695110321,-0.12237217277288437,-0.0008511293563060462,0.0016467111418023705,-0.0010015825973823667
2026-03-25 21:37:36.456,0.15720731019973755,-0.10377956926822662,-0.12115395814180374,-0.0009253683965653181,0.0008566378965042531,-0.000903701176866889
2026-03-25 21:37:36.458,0.13291718065738678,-0.11327169090509415,-0.15689972043037415,-0.0006015426479279995,0.0005818073987029493,-0.0007713396335020661
2026-03-25 21:37:36.460,0.11659575253725052,-0.11850695312023163,-0.17134162783622742,-0.0008661469910293818,8.089860057225451e-05,-0.0006264063995331526
2026-03-25 21:37:36.462,0.11090346425771713,-0.11904008686542511,-0.1648222655057907,-0.0006196927279233932,-5.93138684052974e-05,-0.0006404643645510077
2026-03-25 21:37:36.464,0.1365903615951538,-0.12157323211431503,-0.15291957557201385,-0.0007255167583934963,0.00041633850196376443,-0.0006324959686025977
2026-03-25 21:37:36.466,0.13497458398342133,-0.11683820188045502,-0.13730016350746155,-0.0005920585244894028,0.0007062146905809641,-0.0007907378021627665
2026-03-25 21:37:36.469,0.16827292740345,-0.09169533103704453,-0.12990938127040863,-0.000610596442129463,0.0010838735615834594,-0.0008868951117619872
2026-03-25 21:37:36.471,0.1714043915271759,-0.08248811960220337,-0.11595195531845093,-0.0009500352316536009,0.001020965981297195,-0.0007600061362609267
2026-03-25 21:37:36.473,0.19160054624080658,-0.0843125432729721,-0.12362351268529892,-0.0009304102859459817,0.0013165583368390799,-0.0009355003712698817
2026-03-25 21:37:36.475,0.1803169548511505,-0.08521789312362671,-0.11659729480743408,-0.0011150557547807693,0.001337897265329957,-0.0010720686987042427
2026-03-25 21:37:36.477,0.15600170195102692,-0.08328366279602051,-0.11762101948261261,-0.0010999811347573996,0.0009693332831375301,-0.0008097797399386764
2026-03-25 21:37:36.479,0.1581534892320633,-0.08955129235982895,-0.13235870003700256,-0.0011024326086044312,0.0008069647010415792,-0.0009101876057684422
2026-03-25 21:37:36.481,0.12665075063705444,-0.09896859526634216,-0.14122582972049713,-0.0008486180449835956,0.00039703850052319467,-0.0006509387167170644
2026-03-25 21:37:36.483,0.12345033138990402,-0.0985853374004364,-0.15394099056720734,-0.0008200686424970627,0.0005969487829133868,-0.0008920760592445731
2026-03-25 21:37:36.484,0.134973406791687,-0.09981377422809601,-0.15663708746433258,-0.0009185443632304668,0.00037165614776313305,-0.0008941601845435798
2026-03-25 21:37:36.486,0.15410827100276947,-0.08892318606376648,-0.15352030098438263,-0.0013647449668496847,0.0005959804984740913,-0.0007414240390062332
2026-03-25 21:37:36.488,0.15192961692810059,-0.06861895322799683,-0.1399693638086319,-0.0011915597133338451,0.0008775986498221755,-0.0007708690245635808
2026-03-25 21:37:36.490,0.15596769750118256,-0.08920937776565552,-0.13836055994033813,-0.0011307516833767295,0.0009691986488178372,-0.0008871881291270256
2026-03-25 21:37:36.492,0.15294311940670013,-0.09090228378772736,-0.1301816701889038,-0.0008092999341897666,0.0008208082290366292,-0.0009552408009767532
2026-03-25 21:37:36.494,0.16640615463256836,-0.09956330060958862,-0.1342596709728241,-0.0008081960259005427,0.0006706072017550468,-0.0011743414215743542
2026-03-25 21:37:36.496,0.15638644993305206,-0.08415382355451584,-0.11776077002286911,-0.0012666491093114018,0.0006715080235153437,-0.0009063988109119236
2026-03-25 21:37:36.498,0.15862558782100677,-0.07712912559509277,-0.1301279366016388,-0.0013147348072379827,0.0009690039441920817,-0.0008221966563723981
2026-03-25 21:37:36.500,0.1609974056482315,-0.08184215426445007,-0.12251851707696915,-0.0011444505071267486,0.0009825719753280282,-0.0008338082698173821
2026-03-25 21:37:36.502,0.1465466171503067,-0.09022024273872375,-0.1377790868282318,-0.0010402458719909191,0.0008545781020075083,-0.0008465346181765199
2026-03-25 21:37:36.504,0.1549493670463562,-0.09731204062700272,-0.14425723254680634,-0.0006801731651648879,0.0007391325780190527,-0.0009863324230536819
2026-03-25 21:37:36.506,0.15620581805706024,-0.0972171500325203,-0.15288440883159637,-0.0008203701581805944,0.0008903713896870613,-0.0009140640613622963
2026-03-25 21:37:36.508,0.146341010928154,-0.09355771541595459,-0.14253884553909302,-0.0011476620566099882,0.0005909186438657343,-0.0006888291682116687
2026-03-25 21:37:36.510,0.14244472980499268,-0.09431897848844528,-0.14202715456485748,-0.0007756884442642331,0.0008265926735475659,-0.0009873653762042522
2026-03-25 21:37:36.512,0.13764168322086334,-0.10086463391780853,-0.14315959811210632,-0.0010071777505800128,0.00075868284329772,-0.0007481040083803236
2026-03-25 21:37:36.514,0.14817211031913757,-0.09843964129686356,-0.1427510380744934,-0.0008098988910205662,0.000856600992847234,-0.0007770341471768916
2026-03-25 21:37:36.516,0.1547745019197464,-0.10656791925430298,-0.14391866326332092,-0.0005478456150740385,0.0006607332034036517,-0.0009562285849824548
2026-03-25 21:37:36.518,0.15113666653633118,-0.10042562335729599,-0.13179492950439453,-0.0007622861303389072,0.0007705703610554338,-0.0009408759651705623
2026-03-25 21:37:36.520,0.14414015412330627,-0.09230401366949081,-0.1271851360797882,-0.001171800890006125,0.0006867420161142945,-0.000789682730101049
2026-03-25 21:37:36.522,0.16786976158618927,-0.09761004149913788,-0.13251614570617676,-0.0011130180209875107,0.000978375319391489,-0.0007962545496411622
2026-03-25 21:37:36.524,0.16122066974639893,-0.09792209416627884,-0.12510108947753906,-0.0009328775340691209,0.001129473908804357,-0.0007608670857734978
2026-03-25 21:37:36.526,0.1674582064151764,-0.10390448570251465,-0.1068040207028389,-0.0009275826741941273,0.0010590507881715894,-0.0007160620880313218
2026-03-25 21:37:36.528,0.16282077133655548,-0.09961181879043579,-0.11574430018663406,-0.00089434371329844,0.0009983805939555168,-0.0007167588919401169
2026-03-25 21:37:36.530,0.17866669595241547,-0.10002270340919495,-0.143682062625885,-0.0007064738310873508,0.001300223171710968,-0.0007948436541482806
2026-03-25 21:37:36.532,0.1371867060661316,-0.08813180029392242,-0.12455935031175613,-0.0008816799963824451,0.0005879404488950968,-0.0007931964355520904
2026-03-25 21:37:36.534,0.15364693105220795,-0.10397344082593918,-0.15154381096363068,-0.0008395661134272814,0.0009422915754839778,-0.000738958187866956
2026-03-25 21:37:36.536,0.1385663002729416,-0.11425997316837311,-0.1423616260290146,-0.0008602176094427705,0.0004832073755096644,-0.0008634409750811756
2026-03-25 21:37:36.538,0.13586673140525818,-0.11325771361589432,-0.153155118227005,-0.0007236317615024745,0.0007933864835649729,-0.0006116947624832392
2026-03-25 21:37:36.540,0.1330355703830719,-0.1118069738149643,-0.14196135103702545,-0.0004682435537688434,0.0006358099635690451,-0.0009044500184245408
2026-03-25 21:37:36.542,0.14913348853588104,-0.10857348889112473,-0.14530184864997864,-0.0008063463028520346,0.0007465486414730549,-0.0007952147861942649
2026-03-25 21:37:36.544,0.16340428590774536,-0.11240202188491821,-0.14253000915050507,-0.0009972290135920048,0.0009444041643291712,-0.0006629410199820995
2026-03-25 21:37:36.546,0.15533488988876343,-0.10524410754442215,-0.11568962037563324,-0.0008622246095910668,0.000775936699938029,-0.0005277926102280617
2026-03-25 21:37:36.548,0.15764230489730835,-0.10161298513412476,-0.11267785727977753,-0.0009746812283992767,0.0010282767470926046,-0.0005302902427501976
2026-03-25 21:37:36.550,0.16346678137779236,-0.10420744866132736,-0.10824166983366013,-0.0008519022958353162,0.0009769352618604898,-0.0006624727393500507
2026-03-25 21:37:36.552,0.18215754628181458,-0.10243922472000122,-0.12149855494499207,-0.0006822080467827618,0.001262806123122573,-0.0005463516572490335
2026-03-25 21:37:36.554,0.17360185086727142,-0.10831528902053833,-0.12761420011520386,-0.0006511694518849254,0.0011773807927966118,-0.0008211781969293952
2026-03-25 21:37:36.556,0.16257603466510773,-0.10579662770032883,-0.1261431872844696,-0.0009504151530563831,0.0009317314252257347,-0.0007830777321942151
2026-03-25 21:37:36.558,0.15694363415241241,-0.11356385052204132,-0.13339963555335999,-0.0009099559392780066,0.0010765488259494305,-0.0008835425251163542
2026-03-25 21:37:36.560,0.14139635860919952,-0.12010857462882996,-0.13490185141563416,-0.000563328096177429,0.0005841960664838552,-0.000805172196123749
2026-03-25 21:37:36.562,0.1302369236946106,-0.1254091113805771,-0.1499904990196228,-0.0006797839305363595,0.0006810465129092336,-0.000736301823053509
2026-03-25 21:37:36.564,0.137898251414299,-0.12848921120166779,-0.15241087973117828,-0.0004225749580655247,0.0006972426199354231,-0.0009795187506824732
2026-03-25 21:37:36.566,0.1395106017589569,-0.11925111711025238,-0.14681291580200195,-0.0004447142709977925,0.0006819651462137699,-0.0007420600159093738
2026-03-25 21:37:36.568,0.14511238038539886,-0.11559945344924927,-0.135316401720047,-0.000724855693988502,0.0008278689347207546,-0.0007338338764384389
2026-03-25 21:37:36.570,0.15889306366443634,-0.10885981470346451,-0.12867364287376404,-0.0005110098281875253,0.0011287754168733954,-0.0008079773397184908
2026-03-25 21:37:36.571,0.16759897768497467,-0.10332383960485458,-0.12063732743263245,-0.0008726472733542323,0.00112674362026155,-0.0007136354106478393
2026-03-25 21:37:36.573,0.17256678640842438,-0.09879417717456818,-0.12245096266269684,-0.0006817898247390985,0.0011721139308065176,-0.0008131822105497122
2026-03-25 21:37:36.575,0.1620425134897232,-0.0941261574625969,-0.11683621257543564,-0.0008686689543537796,0.000979423406533897,-0.0007364117773249745
2026-03-25 21:37:36.579,0.1646459549665451,-0.09876050800085068,-0.12916523218154907,-0.0009546079090796411,0.0008012361358851194,-0.0007770294905640185
2026-03-25 21:37:36.580,0.15684916079044342,-0.10060404241085052,-0.1264694333076477,-0.000801072281319648,0.000934210023842752,-0.0008190470398403704
2026-03-25 21:37:36.582,0.15037542581558228,-0.10657735913991928,-0.14537197351455688,-0.0007157960208132863,0.0010061118518933654,-0.0007642211276106536
2026-03-25 21:37:36.584,0.1510373055934906,-0.1171046569943428,-0.1401107907295227,-0.0006570288678631186,0.0006301063694991171,-0.0008372744196094573
2026-03-25 21:37:36.586,0.1493285447359085,-0.11527937650680542,-0.1418336033821106,-0.0006551736732944846,0.0008316671010106802,-0.0006843791925348341
2026-03-25 21:37:36.588,0.15167687833309174,-0.12560361623764038,-0.15537339448928833,-0.0006068170187063515,0.0009862909791991115,-0.00071803416358307
2026-03-25 21:37:36.590,0.13858340680599213,-0.11905410140752792,-0.14536961913108826,-0.0007914857706055045,0.0006576831801794469,-0.0007525942637585104
2026-03-25 21:37:36.592,0.14814230799674988,-0.11598726361989975,-0.13506583869457245,-0.0008949082694016397,0.0007192118791863322,-0.0005827029817737639
2026-03-25 21:37:36.593,0.1438581496477127,-0.11210889369249344,-0.12535762786865234,-0.0009172205463983119,0.0008468867745250463,-0.00047905626706779003
2026-03-25 21:37:36.595,0.15215709805488586,-0.11312102526426315,-0.13301309943199158,-0.0007119692163541913,0.0010413354029878974,-0.000694701389875263
2026-03-25 21:37:36.597,0.15703386068344116,-0.10701780021190643,-0.1267891526222229,-0.0004903127555735409,0.0009466466726735234,-0.0006610965356230736
2026-03-25 21:37:36.599,0.17289039492607117,-0.1121302992105484,-0.12423630058765411,-0.0006987213855609298,0.0011127492180094123,-0.0008623097673989832
2026-03-25 21:37:36.601,0.1783948838710785,-0.10358547419309616,-0.12302985787391663,-0.0005324090016074479,0.0012980106985196471,-0.000701451557688415
2026-03-25 21:37:36.603,0.16275654733181,-0.09616320580244064,-0.12573488056659698,-0.000807733740657568,0.0011656522983685136,-0.0008554795058444142
2026-03-25 21:37:36.605,0.1678188145160675,-0.10667353123426437,-0.145728200674057,-0.0005906475707888603,0.0009934650734066963,-0.0007851270493119955
2026-03-25 21:37:36.607,0.15146762132644653,-0.10896316915750504,-0.1468803584575653,-0.0009490413358435035,0.0008925320580601692,-0.0005432348698377609
2026-03-25 21:37:36.609,0.15097248554229736,-0.11504265666007996,-0.14025072753429413,-0.0007059528725221753,0.0006400817655958235,-0.0008348840055987239
2026-03-25 21:37:36.611,0.13565443456172943,-0.12041188031435013,-0.14972268044948578,-0.00039446415030397475,0.0007273211958818138,-0.0009095165296457708
2026-03-25 21:37:36.613,0.13675865530967712,-0.11924277245998383,-0.1444104015827179,-0.0005866083665750921,0.0006215653847903013,-0.0006158124888315797
2026-03-25 21:37:36.615,0.14701738953590393,-0.12329664081335068,-0.14618176221847534,-0.00030497609986923635,0.0008319462067447603,-0.0009605445666238666
2026-03-25 21:37:36.617,0.15497592091560364,-0.11668212711811066,-0.1427578181028366,-0.000753932457882911,0.0008692169794812799,-0.000745763536542654
2026-03-25 21:37:36.619,0.16551293432712555,-0.11455691605806351,-0.13231989741325378,-0.0007554608164355159,0.0011512667406350374,-0.0007809795788489282
2026-03-25 21:37:36.621,0.159397691488266,-0.09773842990398407,-0.12113609164953232,-0.0008874729392118752,0.0011043683625757694,-0.0006772995111532509
2026-03-25 21:37:36.623,0.16608670353889465,-0.10894467681646347,-0.12391826510429382,-0.0007496089092455804,0.0011044999118894339,-0.0006413048831745982
2026-03-25 21:37:36.625,0.16691313683986664,-0.10420377552509308,-0.12216376513242722,-0.000811984995380044,0.0010156396310776472,-0.0007157079526223242
2026-03-25 21:37:36.627,0.14899727702140808,-0.10007990151643753,-0.11432170122861862,-0.0008150688954629004,0.0008553031366318464,-0.00061598583124578
2026-03-25 21:37:36.629,0.17243464291095734,-0.10906066000461578,-0.13204771280288696,-0.0006511093233712018,0.001163389184512198,-0.0007172756013460457
2026-03-25 21:37:36.631,0.15613695979118347,-0.1111874207854271,-0.12797293066978455,-0.0007466652314178646,0.0008779639028944075,-0.0007607507286593318
2026-03-25 21:37:36.633,0.1510349065065384,-0.11570804566144943,-0.13972675800323486,-0.0006504197372123599,0.0009063664474524558,-0.000790294841863215
2026-03-25 21:37:36.635,0.1514957696199417,-0.11609971523284912,-0.14444606006145477,-0.0007552499882876873,0.0008971205679699779,-0.0007495011668652296
2026-03-25 21:37:36.637,0.1415521502494812,-0.11527419835329056,-0.1379837691783905,-0.0008476091315969825,0.0006121548358350992,-0.0006856088875792921
2026-03-25 21:37:36.639,0.13932572305202484,-0.1118231788277626,-0.13530652225017548,-0.00071146892150864,0.0007890714332461357,-0.0007480697822757065
2026-03-25 21:37:36.641,0.13745887577533722,-0.10631772130727768,-0.15506213903427124,-0.0008390473085455596,0.0006643470842391253,-0.0009660325013101101
2026-03-25 21:37:36.643,0.16401034593582153,-0.10930775105953217,-0.1421876847743988,-0.0006528531084768474,0.0011146499309688807,-0.0007986102718859911
2026-03-25 21:37:36.645,0.15063075721263885,-0.10195405036211014,-0.1195598691701889,-0.0008484055870212615,0.0009588736575096846,-0.0007069490384310484
2026-03-25 21:37:36.647,0.15935112535953522,-0.10422211140394211,-0.12043849378824234,-0.0007688848418183625,0.000857349659781903,-0.0008597459527663887
2026-03-25 21:37:36.649,0.1728123128414154,-0.09979138523340225,-0.12643879652023315,-0.0007311863591894507,0.0011803259840235114,-0.000867511669639498
2026-03-25 21:37:36.651,0.1412292718887329,-0.09433162957429886,-0.10913482308387756,-0.0008371456642635167,0.0008482930134050548,-0.0006730055902153254
2026-03-25 21:37:36.653,0.16194060444831848,-0.09381986409425735,-0.1272028535604477,-0.0007620135438628495,0.0010536814806982875,-0.0005956480163149536
2026-03-25 21:37:36.656,0.16497409343719482,-0.0916360393166542,-0.14610761404037476,-0.0008791307918727398,0.0009807595051825047,-0.0006890674121677876
2026-03-25 21:37:36.658,0.1549619734287262,-0.10320622473955154,-0.13522221148014069,-0.0009714947082102299,0.0010337675921618938,-0.0007649714243598282
2026-03-25 21:37:36.660,0.14424116909503937,-0.10424976795911789,-0.1420712172985077,-0.000547344796359539,0.0008665120112709701,-0.0010152109898626804
2026-03-25 21:37:36.662,0.1406083106994629,-0.10524260252714157,-0.14573252201080322,-0.0009281705133616924,0.000757095287553966,-0.0007292371010407805
2026-03-25 21:37:36.664,0.14037372171878815,-0.09828416258096695,-0.1415322870016098,-0.0005980571731925011,0.0006706134299747646,-0.0009831712814047933
2026-03-25 21:37:36.666,0.133750781416893,-0.09415876120328903,-0.1285724937915802,-0.0007501200889237225,0.0005309403641149402,-0.0010793923866003752
2026-03-25 21:37:36.668,0.1605621874332428,-0.10011407732963562,-0.1369248330593109,-0.0012005933094769716,0.0009505596826784313,-0.0007773020188324153
2026-03-25 21:37:36.670,0.16115833818912506,-0.0919957086443901,-0.13493505120277405,-0.000840984343085438,0.0007889630505815148,-0.0009982261108234525
2026-03-25 21:37:36.672,0.1430547833442688,-0.09185127913951874,-0.11849161237478256,-0.0009968477534130216,0.0006633689044974744,-0.0007311316439881921
2026-03-25 21:37:36.674,0.15967562794685364,-0.08885665237903595,-0.13812923431396484,-0.0011310235131531954,0.0008083127904683352,-0.000538963358849287
2026-03-25 21:37:36.676,0.16029998660087585,-0.08807364106178284,-0.136966273188591,-0.0007774190162308514,0.0009353864006698132,-0.0009754168568179011
2026-03-25 21:37:36.678,0.14616051316261292,-0.09322598576545715,-0.12471116334199905,-0.0007902417564764619,0.0006001230212859809,-0.0010336601408198476
2026-03-25 21:37:36.680,0.15316623449325562,-0.09023892134428024,-0.13250480592250824,-0.0008636800921522081,0.0007433610153384507,-0.0009719983208924532
2026-03-25 21:37:36.682,0.16416211426258087,-0.08895047754049301,-0.14729158580303192,-0.0009171255514957011,0.0010457659373059869,-0.0009286251151934266
2026-03-25 21:37:36.684,0.132777139544487,-0.0852351263165474,-0.1465705931186676,-0.0008869533194229007,0.0008123869774863124,-0.0008991180220618844
2026-03-25 21:37:36.686,0.14535027742385864,-0.10008874535560608,-0.14175833761692047,-0.0008239517919719219,0.0006913751713000238,-0.0009389881743118167
2026-03-25 21:37:36.688,0.1494729071855545,-0.0978061854839325,-0.14528784155845642,-0.0009089931845664978,0.0006362529238685966,-0.0008580664289183915
2026-03-25 21:37:36.690,0.14920271933078766,-0.09355797618627548,-0.14928215742111206,-0.0008540967828594148,0.0006924367044121027,-0.0008548535406589508
2026-03-25 21:37:36.692,0.1401909440755844,-0.09765811264514923,-0.13572515547275543,-0.00063089351169765,0.0007051106076687574,-0.0009830828057602048
2026-03-25 21:37:36.694,0.14652113616466522,-0.0912395492196083,-0.1369112879037857,-0.0009213724406436086,0.0005504386499524117,-0.0007115191547200084
2026-03-25 21:37:36.696,0.1693699210882187,-0.09474053978919983,-0.14553678035736084,-0.0009584270883351564,0.0010469028493389487,-0.0009842331055551767
2026-03-25 21:37:36.698,0.15150804817676544,-0.0910591185092926,-0.1219346672296524,-0.0007286876207217574,0.0008612890960648656,-0.0010476025054231286
2026-03-25 21:37:36.700,0.1431730091571808,-0.08050515502691269,-0.12999942898750305,-0.000952567788772285,0.000873714976478368,-0.000682000711094588
2026-03-25 21:37:36.702,0.15576036274433136,-0.09238491952419281,-0.13522806763648987,-0.0010570602025836706,0.0009590765694156289,-0.0008029555319808424
2026-03-25 21:37:36.704,0.170903280377388,-0.09966833144426346,-0.1365647315979004,-0.0008744644001126289,0.0009215717436745763,-0.0009348019957542419
2026-03-25 21:37:36.706,0.14436623454093933,-0.09073412418365479,-0.12666116654872894,-0.0008901107939891517,0.0006496197311207652,-0.0007636183290742338
2026-03-25 21:37:36.708,0.14811329543590546,-0.09607718884944916,-0.13886845111846924,-0.0009485924383625388,0.0006730745080858469,-0.0007856278098188341
2026-03-25 21:37:36.710,0.16292807459831238,-0.09920527040958405,-0.1498919278383255,-0.0006985233048908412,0.0007584358099848032,-0.0010045536328107119
2026-03-25 21:37:36.712,0.1393842101097107,-0.09302125871181488,-0.13892991840839386,-0.0008081579580903053,0.0006125195068307221,-0.0008485568687319756
2026-03-25 21:37:36.714,0.1420402079820633,-0.1073765754699707,-0.14255636930465698,-0.0006805105949752033,0.0008065362926572561,-0.0008640942396596074
2026-03-25 21:37:36.716,0.15173515677452087,-0.10693301260471344,-0.14546090364456177,-0.0007371805259026587,0.000684451952110976,-0.0008377883932553232
2026-03-25 21:37:36.718,0.15902532637119293,-0.10254258662462234,-0.15040767192840576,-0.0007531542214564979,0.0007984022959135473,-0.0007856631418690085
2026-03-25 21:37:36.720,0.14602044224739075,-0.10792197287082672,-0.13318319618701935,-0.0006617048638872802,0.0007547346176579595,-0.0008588966447860003
2026-03-25 21:37:36.722,0.14715871214866638,-0.10173463821411133,-0.13450001180171967,-0.0005289394175633788,0.0009648079867474735,-0.0007912415312603116
2026-03-25 21:37:36.724,0.16477544605731964,-0.1090584248304367,-0.1309175193309784,-0.0010206381557509303,0.000990844564512372,-0.0005754391313530505
2026-03-25 21:37:36.726,0.17218048870563507,-0.1134956106543541,-0.1265096515417099,-0.0009670547442510724,0.0010471765417605639,-0.000677099684253335
2026-03-25 21:37:36.728,0.15387505292892456,-0.11020570993423462,-0.11478301137685776,-0.0008302357164211571,0.0008885512943379581,-0.0007854007417336106
2026-03-25 21:37:36.730,0.1531212031841278,-0.10655016452074051,-0.13057447969913483,-0.0007172969053499401,0.0009305409621447325,-0.00044199710828252137
2026-03-25 21:37:36.732,0.1711101084947586,-0.11339104175567627,-0.13633356988430023,-0.0007776278653182089,0.0009265043772757053,-0.00022236129734665155
2026-03-25 21:37:36.734,0.15491385757923126,-0.12090792506933212,-0.1322152018547058,-0.0005419246153905988,0.0008205674239434302,-0.0005991074140183628
2026-03-25 21:37:36.736,0.14820533990859985,-0.12153740227222443,-0.1298806220293045,-0.0006173529545776546,0.000856229045893997,-0.000649035966489464
2026-03-25 21:37:36.738,0.15121538937091827,-0.12333573400974274,-0.13574494421482086,-0.0007851531845517457,0.0006690224981866777,-0.0005985559546388686
2026-03-25 21:37:36.740,0.1676875501871109,-0.1252468079328537,-0.15091173350811005,-0.0005282881902530789,0.0008380888029932976,-0.0006386727909557521
2026-03-25 21:37:36.742,0.1434343010187149,-0.12627649307250977,-0.11764971166849136,-0.000602766580414027,0.0008783194934949279,-0.000813424470834434
2026-03-25 21:37:36.744,0.14740295708179474,-0.11896136403083801,-0.1197262555360794,-0.0007982813403941691,0.0008107731700874865,-0.0006050626980140805
2026-03-25 21:37:36.746,0.16849058866500854,-0.12307535856962204,-0.13522200286388397,-0.00043284345883876085,0.0011022284161299467,-0.0009817371610552073
2026-03-25 21:37:36.748,0.16154639422893524,-0.11192550510168076,-0.11306571960449219,-0.0005691907717846334,0.001008004997856915,-0.0008222500327974558
2026-03-25 21:37:36.750,0.15953174233436584,-0.10575937479734421,-0.11264487355947495,-0.0008386015542782843,0.000878664490301162,-0.0005488168098963797
2026-03-25 21:37:36.752,0.1809121072292328,-0.11838801205158234,-0.12554529309272766,-0.000635977485217154,0.0010816686553880572,-0.0004097376950085163
2026-03-25 21:37:36.754,0.17583490908145905,-0.11945873498916626,-0.11641604453325272,-0.0004358881269581616,0.0011826325207948685,-0.0008569044875912368
2026-03-25 21:37:36.756,0.1587643325328827,-0.10524974763393402,-0.11781568825244904,-0.0007044884259812534,0.0010806905338540673,-0.0006084771594032645
2026-03-25 21:37:36.758,0.16003809869289398,-0.11297277361154556,-0.1369054764509201,-0.0006770867621526122,0.0008026379509828985,-0.0006018345593474805
2026-03-25 21:37:36.760,0.15021184086799622,-0.1299462467432022,-0.14112667739391327,-0.0005210783565416932,0.0007869118708185852,-0.0008946842863224447
2026-03-25 21:37:36.762,0.14368006587028503,-0.12092549353837967,-0.14064012467861176,-0.0005740169435739517,0.000785229669418186,-0.0007368575897999108
2026-03-25 21:37:36.764,0.14525814354419708,-0.12412796169519424,-0.14780645072460175,-0.0005089740152470767,0.0007551686721853912,-0.0007085151155479252
2026-03-25 21:37:36.766,0.14350129663944244,-0.12420466542243958,-0.144999161362648,-0.0002758959890343249,0.0008345955866388977,-0.0007579958764836192
2026-03-25 21:37:36.768,0.1512572169303894,-0.12367037683725357,-0.12448281794786453,-0.0007015501614660025,0.0008603319292888045,-0.0006066759815439582
2026-03-25 21:37:36.770,0.17135639488697052,-0.11490095406770706,-0.12354075163602829,-0.0007809169474057853,0.0010949912248179317,-0.000598413054831326
2026-03-25 21:37:36.772,0.1566087305545807,-0.10960564762353897,-0.12116983532905579,-0.0007885140948928893,0.0009786715963855386,-0.0007071380387060344
2026-03-25 21:37:36.774,0.15871161222457886,-0.11020859330892563,-0.11859705299139023,-0.0005793163436464965,0.0010989396832883358,-0.0007376567227765918
2026-03-25 21:37:36.776,0.1686222106218338,-0.10223058611154556,-0.1258264034986496,-0.0006715875351801515,0.001145234564319253,-0.0007532358868047595
2026-03-25 21:37:36.778,0.16511650383472443,-0.10690560191869736,-0.1225290596485138,-0.0008521211566403508,0.0012486727209761739,-0.0007558079669252038
2026-03-25 21:37:36.780,0.15512004494667053,-0.10868381708860397,-0.12789379060268402,-0.0009406926110386848,0.0009978559101000428,-0.0007055636961013079
2026-03-25 21:37:36.782,0.15720787644386292,-0.11336039006710052,-0.13772717118263245,-0.0008025735151022673,0.0008515670779161155,-0.0006334306090138853
2026-03-25 21:37:36.784,0.1544959992170334,-0.11428944021463394,-0.1375824213027954,-0.0007000066107138991,0.0010824335040524602,-0.0004687748441938311
2026-03-25 21:37:36.786,0.13871239125728607,-0.11238483339548111,-0.1386428326368332,-0.0006742500117979944,0.0007919378113001585,-0.0008137400727719069
2026-03-25 21:37:36.788,0.13453061878681183,-0.11852340400218964,-0.1395234614610672,-0.0007209944305941463,0.0007063691155053675,-0.0007502511143684387
2026-03-25 21:37:36.790,0.14416028559207916,-0.11019816249608994,-0.14913176000118256,-0.0005124313174746931,0.0007172308978624642,-0.0007994361221790314
2026-03-25 21:37:36.792,0.15744633972644806,-0.10840556025505066,-0.14346404373645782,-0.00073226512176916,0.0006296208593994379,-0.0006198201444931328
2026-03-25 21:37:36.794,0.15222571790218353,-0.10851126909255981,-0.12740972638130188,-0.0008202953031286597,0.0006899483851157129,-0.0007562533137388527
2026-03-25 21:37:36.796,0.15791083872318268,-0.10092821717262268,-0.13428348302841187,-0.0010038805194199085,0.0007677058456465602,-0.000806868018116802
2026-03-25 21:37:36.798,0.16222646832466125,-0.09271357208490372,-0.130113422870636,-0.0009395112283527851,0.0009254704345948994,-0.0008821967639960349
2026-03-25 21:37:36.800,0.16446733474731445,-0.09235280752182007,-0.12537480890750885,-0.0009270212613046169,0.0011447377037256956,-0.0007010855479165912
2026-03-25 21:37:36.802,0.16038557887077332,-0.08107557892799377,-0.12686321139335632,-0.0006907749339006841,0.0010934616439044476,-0.0006947663496248424
2026-03-25 21:37:36.804,0.1542586088180542,-0.08454058319330215,-0.1283707469701767,-0.0009365220903418958,0.00095635827165097,-0.0008611187222413719
2026-03-25 21:37:36.806,0.15256206691265106,-0.09115020185709,-0.13073639571666718,-0.0007454239530488849,0.0010485210223123431,-0.0010694016236811876
2026-03-25 21:37:36.808,0.15155258774757385,-0.09741131961345673,-0.1453576385974884,-0.0008573543163947761,0.0007505417452193797,-0.0008047796436585486
2026-03-25 21:37:36.810,0.1444416046142578,-0.09698019921779633,-0.14416080713272095,-0.0006579783512279391,0.0005847407155670226,-0.0009167989483103156
2026-03-25 21:37:36.812,0.1393025517463684,-0.10837676376104355,-0.14597062766551971,-0.0008631750824861228,0.0006217960617505014,-0.000976943876594305
2026-03-25 21:37:36.814,0.13724753260612488,-0.10732318460941315,-0.14921708405017853,-0.0009042245801538229,0.0005066159646958113,-0.0007252561044879258
2026-03-25 21:37:36.816,0.14425204694271088,-0.09857089817523956,-0.1521083265542984,-0.0006924643530510366,0.0006629086565226316,-0.0007597491494379938
2026-03-25 21:37:36.818,0.14323726296424866,-0.10013433545827866,-0.13977660238742828,-0.0008360108477063477,0.0005983102601021528,-0.0009247331763617694
2026-03-25 21:37:36.820,0.14809033274650574,-0.09266964346170425,-0.13940638303756714,-0.0008716798620298505,0.0009649386047385633,-0.0008773955050855875
2026-03-25 21:37:36.822,0.1547698825597763,-0.09064516425132751,-0.13254092633724213,-0.0009907307103276253,0.0009583765058778226,-0.0010296666296198964
2026-03-25 21:37:36.824,0.16382993757724762,-0.08444266021251678,-0.12974205613136292,-0.0008283789502456784,0.0008449245360679924,-0.0009015102405101061
2026-03-25 21:37:36.826,0.1636608988046646,-0.09131430089473724,-0.12888005375862122,-0.0010728592751547694,0.0009968460071831942,-0.0008854476036503911
2026-03-25 21:37:36.828,0.15557217597961426,-0.08805307000875473,-0.12692105770111084,-0.0009426195756532252,0.0007643279968760908,-0.0008013751357793808
2026-03-25 21:37:36.830,0.15893442928791046,-0.09244795143604279,-0.13825103640556335,-0.000870494928676635,0.0009618003387004137,-0.0008618849678896368
2026-03-25 21:37:36.832,0.14769984781742096,-0.09265759587287903,-0.13156627118587494,-0.0008721183985471725,0.0006222126539796591,-0.0009304846171289682
2026-03-25 21:37:36.834,0.14203394949436188,-0.0974552258849144,-0.14858344197273254,-0.0007516994955949485,0.0007344739860855043,-0.0008647701470181346
2026-03-25 21:37:36.836,0.13265176117420197,-0.10083085298538208,-0.15320681035518646,-0.0007253370713442564,0.0006760747637599707,-0.000826321542263031
2026-03-25 21:37:36.838,0.1468176245689392,-0.10407276451587677,-0.1518135517835617,-0.0009424246964044869,0.0006089336238801479,-0.0009285921696573496
2026-03-25 21:37:36.840,0.14861568808555603,-0.09716055542230606,-0.14894162118434906,-0.000650998146738857,0.0006239283829927444,-0.0008754598093219101
2026-03-25 21:37:36.842,0.14764605462551117,-0.1012163832783699,-0.1469002366065979,-0.0008444411214441061,0.0006377545651048422,-0.0007602222030982375
2026-03-25 21:37:36.844,0.1509239375591278,-0.09939756244421005,-0.14247815310955048,-0.001000172458589077,0.0009352850611321628,-0.0008946990128606558
2026-03-25 21:37:36.846,0.1536371260881424,-0.08988404273986816,-0.13072286546230316,-0.0008498617098666728,0.0007292061927728355,-0.0007723052985966206
2026-03-25 21:37:36.848,0.15918390452861786,-0.08776001632213593,-0.1278984546661377,-0.0009168388205580413,0.0006304715643636882,-0.0007966104312799871
2026-03-25 21:37:36.850,0.16297712922096252,-0.09124774485826492,-0.1315976232290268,-0.0007689084741286933,0.0009773412020877004,-0.0007299714488908648
2026-03-25 21:37:36.852,0.16289940476417542,-0.09095128625631332,-0.12491005659103394,-0.0008231442770920694,0.0009036234114319086,-0.0007896590395830572
2026-03-25 21:37:36.854,0.15639883279800415,-0.09493406116962433,-0.12602466344833374,-0.0009919832227751613,0.0009505716152489185,-0.0007747501949779689
2026-03-25 21:37:36.856,0.15743279457092285,-0.10140566527843475,-0.13144145905971527,-0.0008456305367872119,0.0009809231851249933,-0.0007490001735277474
2026-03-25 21:37:36.858,0.15126201510429382,-0.10552986711263657,-0.13098542392253876,-0.0006853723898530006,0.0007544060354121029,-0.0008687135996297002
2026-03-25 21:37:36.860,0.1500341296195984,-0.107432521879673,-0.14139358699321747,-0.0006193346926011145,0.0007707205950282514,-0.0006415267125703394
2026-03-25 21:37:36.862,0.14685501158237457,-0.11911641061306,-0.15443772077560425,-0.0008557694964110851,0.0007444506045430899,-0.0008038567029871047
2026-03-25 21:37:36.864,0.14113271236419678,-0.1091645359992981,-0.13439399003982544,-0.0006832609651610255,0.0005929642939008772,-0.0008073599892668426
2026-03-25 21:37:36.866,0.1449500024318695,-0.10706643015146255,-0.1352432668209076,-0.0006306000286713243,0.000762682466302067,-0.000708430539816618
2026-03-25 21:37:36.868,0.1550794243812561,-0.10954314470291138,-0.13577286899089813,-0.0007493075099773705,0.000765790231525898,-0.0006376016535796225
2026-03-25 21:37:36.870,0.16247639060020447,-0.10858172923326492,-0.12443290650844574,-0.0007101232185959816,0.0008956799865700305,-0.0007245023734867573
2026-03-25 21:37:36.872,0.15991397202014923,-0.10677782446146011,-0.1189134493470192,-0.000832206686027348,0.0008812279556877911,-0.0007859779871068895
2026-03-25 21:37:36.874,0.1620677262544632,-0.10681995749473572,-0.12583594024181366,-0.0008692423580214381,0.001107807969674468,-0.0009339444222860038
2026-03-25 21:37:36.876,0.16327570378780365,-0.10839766263961792,-0.13075369596481323,-0.0007381753530353308,0.001166324713267386,-0.0006564752548001707
2026-03-25 21:37:36.878,0.1594405323266983,-0.10844170302152634,-0.12801651656627655,-0.0009198345360346138,0.0010939993662759662,-0.0006641699001193047
2026-03-25 21:37:36.880,0.157002791762352,-0.11572553217411041,-0.1227165162563324,-0.0007264906889759004,0.0009821587009355426,-0.0008082939311861992
2026-03-25 21:37:36.882,0.15482547879219055,-0.11904614418745041,-0.13874608278274536,-0.0007041500066407025,0.0008034301572479308,-0.0010005133226513863
2026-03-25 21:37:36.884,0.15044055879116058,-0.11177079379558563,-0.13385502994060516,-0.00044321385212242603,0.0008245176868513227,-0.0009820456616580486
2026-03-25 21:37:36.886,0.15033957362174988,-0.1214122399687767,-0.12557350099086761,-0.0005373402964323759,0.0007375230197794735,-0.0007596624782308936
2026-03-25 21:37:36.888,0.1581702083349228,-0.12287573516368866,-0.1418226957321167,-0.0006049575749784708,0.0007677949033677578,-0.0005989906494505703
2026-03-25 21:37:36.890,0.14840823411941528,-0.11931774020195007,-0.14051000773906708,-0.0008339462801814079,0.0008492660708725452,-0.0006729754968546331
2026-03-25 21:37:36.892,0.14718423783779144,-0.10937128216028214,-0.1299927830696106,-0.0006455964175984263,0.0008129818015731871,-0.000707663653884083
2026-03-25 21:37:36.894,0.15277500450611115,-0.11451281607151031,-0.13282379508018494,-0.0007722284644842148,0.0009627165272831917,-0.0006216220208443701
2026-03-25 21:37:36.896,0.15211309492588043,-0.10979016870260239,-0.13944309949874878,-0.000665398605633527,0.0010194795904681087,-0.0008320819470100105
2026-03-25 21:37:36.898,0.15544945001602173,-0.1157667338848114,-0.12650969624519348,-0.000705466081853956,0.0009411748615093529,-0.0007210715557448566
2026-03-25 21:37:36.900,0.15736323595046997,-0.1113789826631546,-0.12287344038486481,-0.0005217166035436094,0.001098991371691227,-0.0007359207957051694
2026-03-25 21:37:36.902,0.16515761613845825,-0.11481629312038422,-0.11533082276582718,-0.0005224571214057505,0.001079218229278922,-0.0007550012669526041
2026-03-25 21:37:36.904,0.15585939586162567,-0.11448623239994049,-0.11476682871580124,-0.0006035507540218532,0.0008851840393617749,-0.0007549299043603241
2026-03-25 21:37:36.906,0.16179221868515015,-0.10866589844226837,-0.13142162561416626,-0.0006257264758460224,0.0010056855389848351,-0.0006965502980165184
2026-03-25 21:37:36.908,0.16622357070446014,-0.10724497586488724,-0.13439024984836578,-0.0007724823663011193,0.0010306788608431816,-0.0005794022581540048
2026-03-25 21:37:36.910,0.15080495178699493,-0.11021465808153152,-0.1414627879858017,-0.0007983818650245667,0.0007629326428286731,-0.00048529074410907924
2026-03-25 21:37:36.912,0.14807170629501343,-0.11618029326200485,-0.13940013945102692,-0.0009006406762637198,0.0006045320187695324,-0.0006573684513568878
2026-03-25 21:37:36.914,0.1438625305891037,-0.11462223529815674,-0.1432645171880722,-0.000687591265887022,0.0006794861983507872,-0.0006535134161822498
2026-03-25 21:37:36.916,0.14043861627578735,-0.11768054217100143,-0.13732686638832092,-0.00044008452096022666,0.000800703652203083,-0.000880299776326865
2026-03-25 21:37:36.918,0.14806897938251495,-0.1139131560921669,-0.13747631013393402,-0.00038259915891103446,0.0007256499375216663,-0.0008847609278745949
2026-03-25 21:37:36.921,0.16196388006210327,-0.11162982136011124,-0.11875732988119125,-0.0008693676209077239,0.0009137287852354348,-0.0009180511115118861
2026-03-25 21:37:36.923,0.16677352786064148,-0.10232672095298767,-0.13120076060295105,-0.000811080273706466,0.00110546313226223,-0.000573613797314465
2026-03-25 21:37:36.925,0.1600225567817688,-0.10275368392467499,-0.1299806833267212,-0.000895457633305341,0.0010784657206386328,-0.0006270963349379599
2026-03-25 21:37:36.927,0.15110553801059723,-0.10049030184745789,-0.13323579728603363,-0.0008046862785704434,0.0009832697687670588,-0.0006608908297494054
2026-03-25 21:37:36.929,0.14948256313800812,-0.10739696025848389,-0.14218924939632416,-0.000901209597941488,0.0009811671916395426,-0.0006357449456118047
2026-03-25 21:37:36.931,0.14947639405727386,-0.1095588430762291,-0.13820409774780273,-0.0007471825229004025,0.0008552084909752011,-0.000734326196834445
2026-03-25 21:37:36.933,0.14821462333202362,-0.11228905618190765,-0.13480661809444427,-0.0006094446871429682,0.0009075090638361871,-0.0008255073335021734
2026-03-25 21:37:36.935,0.1472233682870865,-0.10515542328357697,-0.1355363130569458,-0.0005247451481409371,0.0009230176219716668,-0.0008055691723711789
2026-03-25 21:37:36.937,0.14840003848075867,-0.10971909016370773,-0.1339135468006134,-0.0006270617013797164,0.0008056136430241168,-0.0008764746598899364
2026-03-25 21:37:36.939,0.15032559633255005,-0.10984016954898834,-0.14097782969474792,-0.0009017465636134148,0.0008458707598038018,-0.0008205418707802892
2026-03-25 21:37:36.941,0.15193350613117218,-0.10442754626274109,-0.14103378355503082,-0.0007933307206258178,0.0008093733340501785,-0.0006408550543710589
2026-03-25 21:37:36.943,0.1461583971977234,-0.10336315631866455,-0.13790081441402435,-0.0008062596898525953,0.0008632784010842443,-0.0008652944234199822
2026-03-25 21:37:36.945,0.15372376143932343,-0.10436426848173141,-0.12151696532964706,-0.0007994576590135694,0.0009179681073874235,-0.0007968036225065589
2026-03-25 21:37:36.947,0.16448040306568146,-0.10260530561208725,-0.12738445401191711,-0.0008426643325947225,0.0007588741718791425,-0.0009637477924115956
2026-03-25 21:37:36.949,0.15789778530597687,-0.09812556952238083,-0.1285652071237564,-0.0007372600957751274,0.0009705589036457241,-0.0008334557642228901
2026-03-25 21:37:36.953,0.16287675499916077,-0.0936194509267807,-0.12907779216766357,-0.0006577385938726366,0.0009509839001111686,-0.0009784147841855884
2026-03-25 21:37:36.955,0.1558116376399994,-0.0989641547203064,-0.13184480369091034,-0.0008053589845076203,0.0009986794320866466,-0.0007906746468506753
2026-03-25 21:37:36.957,0.14623917639255524,-0.10627587884664536,-0.13238850235939026,-0.0010076402686536312,0.0009631767170503736,-0.0007729108911007643
2026-03-25 21:37:36.961,0.14551366865634918,-0.10922697186470032,-0.13984669744968414,-0.0009380212286487222,0.0008007941651158035,-0.0009361435659229755
2026-03-25 21:37:36.963,0.14821819961071014,-0.1131623163819313,-0.13052736222743988,-0.0006837778491899371,0.0006382525898516178,-0.0010411174735054374
2026-03-25 21:37:36.965,0.14916305243968964,-0.11261864751577377,-0.13488024473190308,-0.0007760777371004224,0.0006425512838177383,-0.0009699297952465713
2026-03-25 21:37:36.969,0.15041401982307434,-0.10369136184453964,-0.1337449848651886,-0.0006277705542743206,0.0008747468236833811,-0.0008039064123295248
2026-03-25 21:37:36.971,0.1567179262638092,-0.10021896660327911,-0.1401912271976471,-0.0008960494888015091,0.0007635278161615133,-0.0006714310729876161
2026-03-25 21:37:36.973,0.15468931198120117,-0.0950244888663292,-0.1288892775774002,-0.0007615095237269998,0.0006845161551609635,-0.0008077557431533933
2026-03-25 21:37:36.975,0.15205608308315277,-0.09936529397964478,-0.13471157848834991,-0.001025971258059144,0.0009114894201047719,-0.0006660743383690715
2026-03-25 21:37:36.979,0.16035814583301544,-0.10069413483142853,-0.12904313206672668,-0.0009442974114790559,0.0008986411849036813,-0.0008310300181619823
2026-03-25 21:37:36.983,0.15248222649097443,-0.10477516055107117,-0.13567999005317688,-0.0007835826836526394,0.0007605167920701206,-0.0007788467337377369
2026-03-25 21:37:36.987,0.15282952785491943,-0.10480774939060211,-0.1324125975370407,-0.0008157189004123211,0.0007290876819752157,-0.0008038974483497441
2026-03-25 21:37:36.989,0.1464613676071167,-0.10654076188802719,-0.14378759264945984,-0.0009035952971316874,0.0007853422430343926,-0.0007845110376365483
2026-03-25 21:37:36.991,0.14595548808574677,-0.1019904762506485,-0.14266137778759003,-0.0008201977470889688,0.0007117590866982937,-0.0008534403750672936
2026-03-25 21:37:36.993,0.15157568454742432,-0.09975533932447433,-0.13731609284877777,-0.0007281708531081676,0.0007913042791187763,-0.0007887583924457431
2026-03-25 21:37:36.995,0.15221157670021057,-0.10280682146549225,-0.13692867755889893,-0.0009551873081363738,0.0007247653556987643,-0.0007915785536170006
2026-03-25 21:37:36.999,0.15685559809207916,-0.09863441437482834,-0.11941122263669968,-0.0007495813188143075,0.0007519180653616786,-0.0009494757978245616
2026-03-25 21:37:37.001,0.1556592583656311,-0.0989370346069336,-0.12263822555541992,-0.0007469753618352115,0.0010164931882172823,-0.000801543181296438
2026-03-25 21:37:37.003,0.1638658493757248,-0.09963145852088928,-0.12848636507987976,-0.0009029709035530686,0.0011318757897242904,-0.0006950114038772881
2026-03-25 21:37:37.007,0.16529633104801178,-0.09179098159074783,-0.12945425510406494,-0.0007752981036901474,0.0008401377126574516,-0.0007670935592614114
2026-03-25 21:37:37.009,0.15307848155498505,-0.0919441357254982,-0.1377648562192917,-0.0007720255525782704,0.0008025363204069436,-0.0008035710197873414
2026-03-25 21:37:37.011,0.14644525945186615,-0.10307217389345169,-0.14290964603424072,-0.0007540388614870608,0.0006972695118747652,-0.0009354955400340259
2026-03-25 21:37:37.013,0.14428210258483887,-0.1057124137878418,-0.14651359617710114,-0.0005095297237858176,0.0006652512238360941,-0.0009856406832113862
2026-03-25 21:37:37.017,0.15084969997406006,-0.11391858756542206,-0.13682357966899872,-0.0007861205958761275,0.0008417239296250045,-0.0008316626190207899
2026-03-25 21:37:37.021,0.154433473944664,-0.1026422530412674,-0.13258561491966248,-0.0008062472334131598,0.0007314194808714092,-0.0008576289983466268
2026-03-25 21:37:37.023,0.1551710069179535,-0.10161485522985458,-0.13164009153842926,-0.0008646038477309048,0.0007770591764710844,-0.0007233439246192575
2026-03-25 21:37:37.025,0.1662590354681015,-0.0984049066901207,-0.1211383193731308,-0.0006556363077834249,0.0008909619064070284,-0.0006716129137203097
2026-03-25 21:37:37.027,0.1644466668367386,-0.10279073566198349,-0.129150852560997,-0.0009568467503413558,0.0007726280600763857,-0.0008998020202852786
2026-03-25 21:37:37.029,0.16366569697856903,-0.09548655152320862,-0.12521830201148987,-0.0007398019661195576,0.000825056224130094,-0.0008683890337124467
2026-03-25 21:37:37.033,0.15323977172374725,-0.10127647966146469,-0.12770290672779083,-0.0008117545512504876,0.0007225065492093563,-0.0006211238214746118
2026-03-25 21:37:37.037,0.14855831861495972,-0.11358821392059326,-0.1542169600725174,-0.0008320357883349061,0.0008297742460854352,-0.0006772195920348167
2026-03-25 21:37:37.039,0.14757801592350006,-0.11246620118618011,-0.14321784675121307,-0.0007629486499354243,0.0007349805673584342,-0.0005973605439066887
2026-03-25 21:37:37.041,0.14451979100704193,-0.1096026599407196,-0.13740982115268707,-0.0008025021525099874,0.0007412298582494259,-0.0008324395748786628
2026-03-25 21:37:37.043,0.146820068359375,-0.1081714928150177,-0.15359632670879364,-0.0007938013295643032,0.0008414209587499499,-0.0008494528010487556
2026-03-25 21:37:37.045,0.1518051028251648,-0.1045805886387825,-0.14167089760303497,-0.0006822480936534703,0.0007368741207756102,-0.000851365621201694
2026-03-25 21:37:37.047,0.15649817883968353,-0.10464639961719513,-0.12562593817710876,-0.0007035132730379701,0.0009322172845713794,-0.0009196008904837072
2026-03-25 21:37:37.049,0.1612374484539032,-0.09840550273656845,-0.13051626086235046,-0.0007521198131144047,0.0009259020444005728,-0.0009236281039193273
2026-03-25 21:37:37.051,0.166184201836586,-0.0994071513414383,-0.12846264243125916,-0.0009926269995048642,0.0009598006145097315,-0.0006786431185901165
2026-03-25 21:37:37.053,0.16496291756629944,-0.09844297170639038,-0.13731887936592102,-0.0006091257673688233,0.0008982772123999894,-0.0007029369007796049
2026-03-25 21:37:37.055,0.16119177639484406,-0.1033681333065033,-0.13826778531074524,-0.0007109720609150827,0.0009425953612662852,-0.0007072968874126673
2026-03-25 21:37:37.057,0.15506744384765625,-0.10009968280792236,-0.1377168446779251,-0.0008671549148857594,0.0009591561974957585,-0.0008325096569024026
2026-03-25 21:37:37.059,0.15230940282344818,-0.10607054084539413,-0.12979482114315033,-0.0007761644665151834,0.0007986161508597434,-0.0009488491923548281
2026-03-25 21:37:37.061,0.14648450911045074,-0.11108729243278503,-0.1453792303800583,-0.0008239411981776357,0.0007688705227337778,-0.0007973258034326136
2026-03-25 21:37:37.063,0.13951878249645233,-0.11015361547470093,-0.13939490914344788,-0.0005681341863237321,0.0008522689458914101,-0.0007252214127220213
2026-03-25 21:37:37.065,0.145369291305542,-0.11431165784597397,-0.14177989959716797,-0.000569093506783247,0.0006477927672676742,-0.0007158562075346708
2026-03-25 21:37:37.067,0.14972928166389465,-0.11297201365232468,-0.14109133183956146,-0.0005602255696430802,0.0007971078157424927,-0.000801921240054071
2026-03-25 21:37:37.069,0.15643899142742157,-0.1119309589266777,-0.13785411417484283,-0.0006302000838331878,0.0008873714250512421,-0.0007030067499727011
2026-03-25 21:37:37.071,0.1609758734703064,-0.10672115534543991,-0.12866298854351044,-0.0007317180861718953,0.0007339415024034679,-0.0007807274232618511
2026-03-25 21:37:37.073,0.15950053930282593,-0.09955856949090958,-0.12198759615421295,-0.000668591121211648,0.0009992250707000494,-0.0007179300300776958
2026-03-25 21:37:37.075,0.164359450340271,-0.09984573721885681,-0.12617599964141846,-0.0007068304112181067,0.000913098338060081,-0.000660054269246757
2026-03-25 21:37:37.077,0.1521315574645996,-0.10275053232908249,-0.13050295412540436,-0.0006537272711284459,0.00108414888381958,-0.0008009571465663612
2026-03-25 21:37:37.079,0.15706390142440796,-0.10889099538326263,-0.12624981999397278,-0.0006777229718863964,0.001016504131257534,-0.0008505979785695672
2026-03-25 21:37:37.081,0.15667012333869934,-0.11566536128520966,-0.1290891319513321,-0.0008759330376051366,0.0010578304063528776,-0.0010076469043269753
2026-03-25 21:37:37.083,0.1593879610300064,-0.11823611706495285,-0.13427096605300903,-0.0007830374524928629,0.0008448236621916294,-0.000859782740008086
2026-03-25 21:37:37.085,0.15122558176517487,-0.1169159933924675,-0.13850194215774536,-0.0007645442965440452,0.0009042808087542653,-0.0007569599547423422
2026-03-25 21:37:37.087,0.14981111884117126,-0.11003373563289642,-0.14359617233276367,-0.0004726024344563484,0.0007356597925536335,-0.0006688666180707514
2026-03-25 21:37:37.089,0.14626070857048035,-0.11439656466245651,-0.14094200730323792,-0.0006483861361630261,0.000644356245175004,-0.0006858367705717683
2026-03-25 21:37:37.091,0.143140971660614,-0.11316940188407898,-0.1442534327507019,-0.0009694889304228127,0.0007211416377685964,-0.0005623528268188238
2026-03-25 21:37:37.093,0.15532076358795166,-0.111875981092453,-0.1338011473417282,-0.0006280937232077122,0.0007007361273281276,-0.0008009062730707228
2026-03-25 21:37:37.095,0.15935859084129333,-0.11597055196762085,-0.13641242682933807,-0.0007633967907167971,0.0008684090571478009,-0.0007312141242437065
2026-03-25 21:37:37.097,0.15468615293502808,-0.10684196650981903,-0.13465078175067902,-0.0007190688629634678,0.0010778747964650393,-0.0005777421756647527
2026-03-25 21:37:37.099,0.16862733662128448,-0.11009892076253891,-0.12942126393318176,-0.0008738506003282964,0.0010373916011303663,-0.0006942651234567165
2026-03-25 21:37:37.101,0.16219741106033325,-0.10567183792591095,-0.11761153489351273,-0.000809893012046814,0.0010699062841013074,-0.0007501896470785141
2026-03-25 21:37:37.103,0.15737445652484894,-0.10653705149888992,-0.1245889812707901,-0.0007261793361976743,0.0010516346665099263,-0.0007469900301657617
2026-03-25 21:37:37.105,0.15973298251628876,-0.1065632775425911,-0.1268364042043686,-0.0006819580448791385,0.001052006147801876,-0.0007232673815451562
2026-03-25 21:37:37.107,0.15690842270851135,-0.1063343957066536,-0.12404294312000275,-0.0005908220773562789,0.0008628673385828733,-0.0007720519788563251
2026-03-25 21:37:37.109,0.1576169729232788,-0.10633241385221481,-0.14790785312652588,-0.0007008840912021697,0.0009578111348673701,-0.0008866885909810662
2026-03-25 21:37:37.111,0.14569446444511414,-0.11408491432666779,-0.15162472426891327,-0.0007255299133248627,0.0009726919233798981,-0.0007771605742163956
2026-03-25 21:37:37.115,0.15130047500133514,-0.11561471223831177,-0.14190588891506195,-0.0007363655604422092,0.0008218685979954898,-0.0009022137382999063
2026-03-25 21:37:37.117,0.14193305373191833,-0.11447443068027496,-0.1441408097743988,-0.0006053782999515533,0.0007479609921574593,-0.000793351442553103
2026-03-25 21:37:37.119,0.14553040266036987,-0.10916490107774734,-0.1316189020872116,-0.0007171921897679567,0.0007038218900561333,-0.0009072425891645253
2026-03-25 21:37:37.121,0.15733779966831207,-0.10608025640249252,-0.13225315511226654,-0.0007183978450484574,0.000968591426499188,-0.0008435220806859434
2026-03-25 21:37:37.123,0.15887777507305145,-0.10188954323530197,-0.13000687956809998,-0.000693387002684176,0.0009088420192711055,-0.0007672407664358616
2026-03-25 21:37:37.125,0.1666758507490158,-0.10059922188520432,-0.13187220692634583,-0.0008177154813893139,0.0010713255032896996,-0.0008181456360034645
2026-03-25 21:37:37.127,0.17178934812545776,-0.10220358520746231,-0.1279209554195404,-0.00083081767661497,0.0009547099471092224,-0.0006340234540402889
2026-03-25 21:37:37.129,0.1663966327905655,-0.10004992038011551,-0.1261228322982788,-0.0008497574017383158,0.0008272097329609096,-0.0006880163564346731
2026-03-25 21:37:37.131,0.15241770446300507,-0.10306213796138763,-0.13153351843357086,-0.0007627311279065907,0.0009242339874617755,-0.0008217132999561727
2026-03-25 21:37:37.133,0.14527741074562073,-0.10402467101812363,-0.135816752910614,-0.000834117759950459,0.0009797402890399098,-0.0007773640099912882
2026-03-25 21:37:37.135,0.15316005051136017,-0.10675055533647537,-0.14764539897441864,-0.000814936647657305,0.0006784290890209377,-0.0009133112616837025
2026-03-25 21:37:37.137,0.14264394342899323,-0.11322639137506485,-0.14783713221549988,-0.0007974547916091979,0.0007150144665502012,-0.0007983458344824612
2026-03-25 21:37:37.139,0.1470952332019806,-0.11315581947565079,-0.15632259845733643,-0.0007828219095245004,0.0007007574895396829,-0.0007764771580696106
2026-03-25 21:37:37.141,0.14843298494815826,-0.10809320956468582,-0.14154481887817383,-0.000804860785137862,0.0007123757968656719,-0.0008324355003423989
2026-03-25 21:37:37.143,0.14788292348384857,-0.10287487506866455,-0.14191541075706482,-0.0007189918542280793,0.0007216096855700016,-0.0008406339329667389
2026-03-25 21:37:37.145,0.146767720580101,-0.09825705736875534,-0.1297626942396164,-0.0009482582099735737,0.0007915048045106232,-0.0007089230348356068
2026-03-25 21:37:37.147,0.15282391011714935,-0.095293328166008,-0.12651118636131287,-0.0008005378767848015,0.0010048190597444773,-0.0009971179533749819
2026-03-25 21:37:37.149,0.16469062864780426,-0.09848405420780182,-0.11993073672056198,-0.000993104767985642,0.0010211513144895434,-0.0008123822626657784
2026-03-25 21:37:37.151,0.1589091420173645,-0.09652502834796906,-0.11835847795009613,-0.0009017317788675427,0.0010802634060382843,-0.0008243662887252867
2026-03-25 21:37:37.153,0.16355717182159424,-0.09022292494773865,-0.1266404241323471,-0.0008462045225314796,0.001033466076478362,-0.0007715260144323111
2026-03-25 21:37:37.155,0.15342631936073303,-0.08773061633110046,-0.12701821327209473,-0.0008827556157484651,0.0010999696096405387,-0.0008306631352752447
2026-03-25 21:37:37.157,0.15198101103305817,-0.09667903184890747,-0.13970907032489777,-0.0010085741523653269,0.0009689659927971661,-0.0008097613463178277
2026-03-25 21:37:37.159,0.14478689432144165,-0.10456138849258423,-0.14092350006103516,-0.0008465050486847758,0.0010289393831044436,-0.0007861033082008362
2026-03-25 21:37:37.161,0.13970626890659332,-0.10436821728944778,-0.148983895778656,-0.000750221312046051,0.0005967285251244903,-0.0009163464419543743
2026-03-25 21:37:37.163,0.14287199079990387,-0.10320305824279785,-0.1413997858762741,-0.0006936245481483638,0.0005637795547954738,-0.0009024929604493082
2026-03-25 21:37:37.165,0.14333856105804443,-0.10614176839590073,-0.1413729041814804,-0.0006533490377478302,0.0006629583076573908,-0.000952053174842149
2026-03-25 21:37:37.167,0.14679895341396332,-0.10697238147258759,-0.14048577845096588,-0.0007279303972609341,0.0009561551851220429,-0.0007827392546460032
2026-03-25 21:37:37.169,0.1546998769044876,-0.10530675947666168,-0.1436498612165451,-0.0008725294610485435,0.0008882421534508467,-0.0006705429404973984
2026-03-25 21:37:37.171,0.16203434765338898,-0.0914827436208725,-0.1305052787065506,-0.0009061280288733542,0.0009362109703943133,-0.0007504216628149152
2026-03-25 21:37:37.173,0.1610758751630783,-0.09613235294818878,-0.14316591620445251,-0.001066665630787611,0.0008876660722307861,-0.0007504253881052136
2026-03-25 21:37:37.175,0.15323714911937714,-0.08790469914674759,-0.1362261027097702,-0.0008620091830380261,0.0010533571476116776,-0.0007301882724277675
2026-03-25 21:37:37.177,0.15158237516880035,-0.09165529906749725,-0.1265670657157898,-0.0009363141725771129,0.0008236939320340753,-0.0009038869175128639
2026-03-25 21:37:37.179,0.15801537036895752,-0.0956951230764389,-0.12336529791355133,-0.0007317410781979561,0.0008173418464139104,-0.0008340640924870968
2026-03-25 21:37:37.181,0.15476647019386292,-0.10216037929058075,-0.12736432254314423,-0.0007751492084935308,0.0008869275916367769,-0.000879635161254555
2026-03-25 21:37:37.183,0.15677623450756073,-0.10216823220252991,-0.13713820278644562,-0.0008088916074484587,0.0007086077239364386,-0.0008603594615124166
2026-03-25 21:37:37.185,0.14619241654872894,-0.10532078891992569,-0.13293710350990295,-0.0008079169201664627,0.0007045328966341913,-0.0007339835283346474
2026-03-25 21:37:37.187,0.155193030834198,-0.10141128301620483,-0.1424071490764618,-0.0007280621211975813,0.0008174924878403544,-0.0006971794064156711
2026-03-25 21:37:37.189,0.15301382541656494,-0.09685871005058289,-0.12956853210926056,-0.000835520273540169,0.0007812850526534021,-0.0005513448850251734
2026-03-25 21:37:37.191,0.15468913316726685,-0.10404181480407715,-0.13786470890045166,-0.0008799093193374574,0.0008828598074615002,-0.0006499430746771395
2026-03-25 21:37:37.193,0.1418907642364502,-0.10538381338119507,-0.13838772475719452,-0.0010098031489178538,0.0006913356482982635,-0.0007253133226186037
2026-03-25 21:37:37.195,0.15606482326984406,-0.10852447152137756,-0.13632652163505554,-0.0008569757337681949,0.0009520914754830301,-0.0009087502839975059
2026-03-25 21:37:37.197,0.147980734705925,-0.09826603531837463,-0.13489843904972076,-0.0007502730586566031,0.00089217908680439,-0.0007629339816048741
2026-03-25 21:37:37.199,0.15054252743721008,-0.10696069151163101,-0.1316552311182022,-0.0007985042757354677,0.0008772663422860205,-0.0007977911736816168
2026-03-25 21:37:37.201,0.15560956299304962,-0.10509931296110153,-0.11838687211275101,-0.0007285242318175733,0.0009290490997955203,-0.0007857901509851217
2026-03-25 21:37:37.203,0.16400520503520966,-0.10448262840509415,-0.12460635602474213,-0.0007802029722370207,0.0008277763845399022,-0.0007724564056843519
2026-03-25 21:37:37.205,0.16222578287124634,-0.10278020799160004,-0.12770262360572815,-0.0007424233481287956,0.0008754707523621619,-0.0006011514342390001
2026-03-25 21:37:37.207,0.16252443194389343,-0.10347522795200348,-0.12616030871868134,-0.0007652273634448647,0.0008588876225985587,-0.0007576868520118296
2026-03-25 21:37:37.209,0.15860284864902496,-0.10289773344993591,-0.13081490993499756,-0.0008695677388459444,0.0008360506617464125,-0.0005234587006270885
2026-03-25 21:37:37.211,0.15215732157230377,-0.10314099490642548,-0.1390673816204071,-0.0006452357047237456,0.0008555824169889092,-0.0004993731854483485
2026-03-25 21:37:37.213,0.14993645250797272,-0.1143283098936081,-0.142861008644104,-0.0006746883154846728,0.000686628045514226,-0.0006533165578730404
2026-03-25 21:37:37.215,0.14219681918621063,-0.12067216634750366,-0.13921940326690674,-0.0005955186788924038,0.0005068209138698876,-0.0008329460397362709
2026-03-25 21:37:37.217,0.15141896903514862,-0.11709754168987274,-0.14141760766506195,-0.0008002633694559336,0.0007290604989975691,-0.0007598885567858815
2026-03-25 21:37:37.219,0.1524747610092163,-0.11379271000623703,-0.12727977335453033,-0.0005525211454369128,0.0007810136885382235,-0.0006946332869119942
2026-03-25 21:37:37.221,0.15017767250537872,-0.11339925229549408,-0.12349721789360046,-0.0005624755867756903,0.0009350028121843934,-0.0008370118448510766
2026-03-25 21:37:37.223,0.160356804728508,-0.1088617593050003,-0.13321569561958313,-0.0007328670471906662,0.0010747258784249425,-0.0006145879742689431
2026-03-25 21:37:37.225,0.16116705536842346,-0.10970940440893173,-0.11023087054491043,-0.0008398983045481145,0.0007599689997732639,-0.00045808168943040073
2026-03-25 21:37:37.227,0.16555660963058472,-0.1089881956577301,-0.12526772916316986,-0.0006399312987923622,0.0010233826469630003,-0.0007283389568328857
2026-03-25 21:37:37.229,0.1563011109828949,-0.10750363022089005,-0.11983751505613327,-0.0006163337966427207,0.0010396740399301052,-0.0008555884705856442
2026-03-25 21:37:37.231,0.1612195521593094,-0.10786832869052887,-0.12279321253299713,-0.0008245771168731153,0.0010433229617774487,-0.000701754994224757
2026-03-25 21:37:37.233,0.16030216217041016,-0.1084950715303421,-0.11515209823846817,-0.0007111959857866168,0.0009305758285336196,-0.0006711550522595644
2026-03-25 21:37:37.235,0.1620408296585083,-0.11201189458370209,-0.14165019989013672,-0.000757087953388691,0.0010325073963031173,-0.0008116904646158218
2026-03-25 21:37:37.237,0.148201122879982,-0.11586476862430573,-0.13224191963672638,-0.0007703983574174345,0.0009282383252866566,-0.0007466569077223539
2026-03-25 21:37:37.239,0.14840170741081238,-0.11387612670660019,-0.13338616490364075,-0.0004937433986924589,0.0008661518804728985,-0.0008775803726166487
2026-03-25 21:37:37.241,0.14227013289928436,-0.12015775591135025,-0.1357698291540146,-0.0007039664778858423,0.0008201462915167212,-0.0006610854761675
2026-03-25 21:37:37.243,0.15124264359474182,-0.12084662914276123,-0.1358232945203781,-0.0006690336740575731,0.0006522457115352154,-0.000798502704128623
2026-03-25 21:37:37.245,0.14687061309814453,-0.11378573626279831,-0.13040918111801147,-0.0006444314494729042,0.0007939888164401054,-0.0007071156869642437
2026-03-25 21:37:37.247,0.16072098910808563,-0.10843745619058609,-0.13539338111877441,-0.0005868359003216028,0.0008679255261085927,-0.0008731022826395929
2026-03-25 21:37:37.249,0.1570669412612915,-0.10079531371593475,-0.12418948858976364,-0.0007029931875877082,0.0007924129604361951,-0.00069426343543455
2026-03-25 21:37:37.253,0.167744979262352,-0.1014782264828682,-0.1278390735387802,-0.0007616092916578054,0.0010202649282291532,-0.0007628084276802838
2026-03-25 21:37:37.255,0.15824268758296967,-0.10051240026950836,-0.1266869455575943,-0.0008411981980316341,0.000945094448979944,-0.0008156212861649692
2026-03-25 21:37:37.257,0.1637815684080124,-0.10174693912267685,-0.13563552498817444,-0.0007558073266409338,0.0009550934191793203,-0.0008421482052654028
2026-03-25 21:37:37.259,0.1519068330526352,-0.1057819277048111,-0.13369876146316528,-0.0006881218287162483,0.0007989698206074536,-0.0009752389159984887
2026-03-25 21:37:37.261,0.15109069645404816,-0.1109495684504509,-0.13715089857578278,-0.0007767362985759974,0.0008572695078328252,-0.0006763636483810842
2026-03-25 21:37:37.263,0.13752105832099915,-0.11363300681114197,-0.13256169855594635,-0.0007200562977232039,0.0008803050732240081,-0.0007536134799011052
2026-03-25 21:37:37.265,0.14290262758731842,-0.11125047504901886,-0.13523760437965393,-0.0006200132775120437,0.0009165752562694252,-0.0008253977866843343
2026-03-25 21:37:37.267,0.15045394003391266,-0.10947080701589584,-0.1320057511329651,-0.000559215375687927,0.0008349480340257287,-0.0008837809436954558
2026-03-25 21:37:37.269,0.15152516961097717,-0.11260802298784256,-0.12495312839746475,-0.0009919615695253015,0.0006617007893510163,-0.0008204525802284479
2026-03-25 21:37:37.271,0.16187164187431335,-0.10867396742105484,-0.13462010025978088,-0.000747471465729177,0.0010770958615466952,-0.0007220910047180951
2026-03-25 21:37:37.273,0.15827687084674835,-0.10511082410812378,-0.13318753242492676,-0.0008270758553408086,0.0008572214283049107,-0.0008151025976985693
2026-03-25 21:37:37.275,0.15139499306678772,-0.10244695097208023,-0.13667386770248413,-0.0008733446011319757,0.0009626262472011149,-0.0007714813691563904
2026-03-25 21:37:37.277,0.16095532476902008,-0.10578777641057968,-0.13790646195411682,-0.0010039589833468199,0.0009513730183243752,-0.0009254086180590093
2026-03-25 21:37:37.279,0.14858022332191467,-0.09570838510990143,-0.13242681324481964,-0.0007950293947942555,0.0010035921586677432,-0.0007035923190414906
2026-03-25 21:37:37.281,0.15196485817432404,-0.10315332561731339,-0.13728199899196625,-0.0007816099096089602,0.0010693628573790193,-0.0005425529670901597
2026-03-25 21:37:37.283,0.15124335885047913,-0.10723553597927094,-0.13660773634910583,-0.0007738753338344395,0.0009170310804620385,-0.0007276266114786267
2026-03-25 21:37:37.285,0.1429785043001175,-0.10778546333312988,-0.1259591430425644,-0.0007760467706248164,0.0005838357610628009,-0.0009343954734504223
2026-03-25 21:37:37.287,0.15136107802391052,-0.10925442725419998,-0.14648208022117615,-0.0007437802269123495,0.000968325010035187,-0.0009870490757748485
2026-03-25 21:37:37.289,0.1517849713563919,-0.10246726125478745,-0.144979789853096,-0.0007299236604012549,0.0008299602195620537,-0.0009259710786864161
2026-03-25 21:37:37.291,0.14802411198616028,-0.10211800783872604,-0.14253836870193481,-0.0007955903420224786,0.0009671769803389907,-0.00097939174156636
2026-03-25 21:37:37.293,0.14810264110565186,-0.10210611671209335,-0.14113368093967438,-0.0009527318179607391,0.0006454376270994544,-0.0008893931517377496
2026-03-25 21:37:37.295,0.15007974207401276,-0.09679678827524185,-0.14395320415496826,-0.0008564137388020754,0.0008751696441322565,-0.0008015993516892195
2026-03-25 21:37:37.297,0.14952705800533295,-0.10090521723031998,-0.13433262705802917,-0.0008150299545377493,0.0009121131733991206,-0.0006999450852163136
2026-03-25 21:37:37.299,0.14752790331840515,-0.09766645729541779,-0.13805069029331207,-0.0008322573849000037,0.0009791938355192542,-0.0006879068678244948
2026-03-25 21:37:37.301,0.15875741839408875,-0.09720291197299957,-0.13244333863258362,-0.0008397856145165861,0.0008222046890296042,-0.0007393245468847454
2026-03-25 21:37:37.303,0.15071739256381989,-0.09837432950735092,-0.1348881721496582,-0.000742165488190949,0.0008656110730953515,-0.0007349498919211328
2026-03-25 21:37:37.305,0.15624213218688965,-0.09970449656248093,-0.13559450209140778,-0.0007809224189259112,0.0010398020967841148,-0.0007712378283031285
2026-03-25 21:37:37.307,0.15445846319198608,-0.09775467216968536,-0.13131588697433472,-0.0009913456160575151,0.0005232565454207361,-0.0006790660554543138
2026-03-25 21:37:37.309,0.15670117735862732,-0.1046547144651413,-0.14265190064907074,-0.0009412195649929345,0.0009169536060653627,-0.0008623303147032857
2026-03-25 21:37:37.311,0.15643396973609924,-0.10093151777982712,-0.13182750344276428,-0.0009150857804343104,0.0007994797197170556,-0.0008768350817263126
2026-03-25 21:37:37.313,0.1510016918182373,-0.0983850285410881,-0.13756762444972992,-0.0008120380807667971,0.0006761697586625814,-0.0006996984593570232
2026-03-25 21:37:37.315,0.14896541833877563,-0.09813396632671356,-0.14729154109954834,-0.0009711873717606068,0.0009008072083815932,-0.000722687051165849
2026-03-25 21:37:37.317,0.14409703016281128,-0.10652231425046921,-0.13722990453243256,-0.0009584660292603076,0.0007092843879945576,-0.000779185735154897
2026-03-25 21:37:37.319,0.15337060391902924,-0.10478489100933075,-0.15199455618858337,-0.0007553230971097946,0.0008781644282862544,-0.000882163003552705
2026-03-25 21:37:37.321,0.14293871819972992,-0.09878377616405487,-0.1323634684085846,-0.0007343899924308062,0.0007221855921670794,-0.0008586516487412155
2026-03-25 21:37:37.323,0.15306372940540314,-0.10722223669290543,-0.1342591941356659,-0.0008865261333994567,0.000848128751385957,-0.0009490553638897836
2026-03-25 21:37:37.325,0.14917683601379395,-0.10028326511383057,-0.1266920119524002,-0.000928071211092174,0.0009612991125322878,-0.0009350955369882286
2026-03-25 21:37:37.327,0.15892893075942993,-0.09275231510400772,-0.1277439445257187,-0.0009196585160680115,0.000997507362626493,-0.0008054043864831328
2026-03-25 21:37:37.329,0.16389305889606476,-0.10022665560245514,-0.12493471056222916,-0.0009046269697137177,0.0011299101170152426,-0.0008781511569395661
2026-03-25 21:37:37.331,0.15768155455589294,-0.09384286403656006,-0.1378481388092041,-0.0008491623448207974,0.0008992787334136665,-0.0008258374873548746
2026-03-25 21:37:37.333,0.15321096777915955,-0.10922492295503616,-0.1311405450105667,-0.0009359741816297174,0.0009302401449531317,-0.0005785488174296916
2026-03-25 21:37:37.335,0.13463149964809418,-0.11057765781879425,-0.13507190346717834,-0.0007492176373489201,0.0008575330139137805,-0.000990239903330803
2026-03-25 21:37:37.337,0.1504587084054947,-0.11084859818220139,-0.13953904807567596,-0.0006998150493018329,0.0008077196544036269,-0.0008742212085053325
2026-03-25 21:37:37.339,0.1446954309940338,-0.10863884538412094,-0.13723474740982056,-0.00064046960324049,0.0006026087212376297,-0.000930956972297281
2026-03-25 21:37:37.341,0.15077239274978638,-0.10781677812337875,-0.14745928347110748,-0.0007758254068903625,0.0008906872244551778,-0.0006395772215910256
2026-03-25 21:37:37.343,0.14892925322055817,-0.10725486278533936,-0.14454619586467743,-0.0008799795177765191,0.0009310515597462654,-0.0007155375787988305
2026-03-25 21:37:37.345,0.15397514402866364,-0.10706969350576401,-0.14190872013568878,-0.0007659608963876963,0.000948744360357523,-0.0006904411129653454
2026-03-25 21:37:37.347,0.15258243680000305,-0.10972868651151657,-0.1327713131904602,-0.0008103949949145317,0.0007809762610122561,-0.0006879930733703077
2026-03-25 21:37:37.349,0.1604911983013153,-0.10526620596647263,-0.13300740718841553,-0.0007695134845562279,0.0008186244522221386,-0.0007151908939704299
2026-03-25 21:37:37.351,0.16127188503742218,-0.10704992711544037,-0.12206945568323135,-0.000858173007145524,0.0011547345202416182,-0.0006241446826606989
2026-03-25 21:37:37.353,0.16007715463638306,-0.10370421409606934,-0.13122835755348206,-0.0007007493986748159,0.0010417111916467547,-0.0006433860398828983
2026-03-25 21:37:37.355,0.15767323970794678,-0.10407733917236328,-0.12702125310897827,-0.0007137263310141861,0.001219446654431522,-0.0007033885340206325
2026-03-25 21:37:37.357,0.1520330011844635,-0.10102584213018417,-0.12923462688922882,-0.0006389235495589674,0.0010287952609360218,-0.0006585533847101033
2026-03-25 21:37:37.359,0.15091006457805634,-0.10562727600336075,-0.1348225474357605,-0.0007246537134051323,0.0010433830320835114,-0.0008432706235907972
2026-03-25 21:37:37.361,0.14788396656513214,-0.11035845428705215,-0.1415134072303772,-0.0006951952236704528,0.0008333790465258062,-0.0007928786799311638
2026-03-25 21:37:37.363,0.14339882135391235,-0.11409823596477509,-0.14476646482944489,-0.000597120204474777,0.0008162589510902762,-0.0007009874098002911
2026-03-25 21:37:37.365,0.14633603394031525,-0.11224741488695145,-0.14207112789154053,-0.0006515295244753361,0.0009438853594474494,-0.0007921410142444074
2026-03-25 21:37:37.367,0.14959567785263062,-0.11390889436006546,-0.14290326833724976,-0.0007653478533029556,0.0006288723670877516,-0.0006860821740701795
2026-03-25 21:37:37.369,0.1513078510761261,-0.11164858937263489,-0.1293046623468399,-0.0007839410682208836,0.0008798725320957601,-0.0009555117576383054
2026-03-25 21:37:37.371,0.15264080464839935,-0.10488951206207275,-0.12571389973163605,-0.0006999633624218404,0.0007287512416951358,-0.0006913648103363812
2026-03-25 21:37:37.373,0.15731343626976013,-0.10911456495523453,-0.12530893087387085,-0.0005875384085811675,0.0010168944718316197,-0.0006580999470315874
2026-03-25 21:37:37.375,0.16641396284103394,-0.10381300747394562,-0.12564314901828766,-0.0008309442782774568,0.0011232657125219703,-0.0006966202054172754
2026-03-25 21:37:37.377,0.16590888798236847,-0.10642079263925552,-0.11494069546461105,-0.0008883104310370982,0.0010416326113045216,-0.0007722947630099952
2026-03-25 21:37:37.379,0.16710326075553894,-0.10544466972351074,-0.1365121454000473,-0.000914509582798928,0.0010945540852844715,-0.0007261866703629494
2026-03-25 21:37:37.381,0.15257185697555542,-0.10390004515647888,-0.13480226695537567,-0.0008113313815556467,0.0008574690436944366,-0.0007181187975220382
2026-03-25 21:37:37.383,0.14830972254276276,-0.11029089987277985,-0.13480354845523834,-0.0007191480835899711,0.0008148605120368302,-0.0008534983498975635
2026-03-25 21:37:37.385,0.1437867283821106,-0.11825737357139587,-0.13976171612739563,-0.0006999304168857634,0.000650826666969806,-0.0009742428082972765
2026-03-25 21:37:37.387,0.14931337535381317,-0.11211825162172318,-0.14141204953193665,-0.0003747417067643255,0.0007014071452431381,-0.0008719082688912749
2026-03-25 21:37:37.389,0.1517564207315445,-0.11054584383964539,-0.13404619693756104,-0.00046563721843995154,0.0008586742915213108,-0.0009507365757599473
2026-03-25 21:37:37.391,0.14478085935115814,-0.10875578224658966,-0.13880020380020142,-0.000792257662396878,0.0008074691868387163,-0.0006758574745617807
2026-03-25 21:37:37.393,0.15936236083507538,-0.10825144499540329,-0.14314348995685577,-0.000527429801877588,0.0009569910471327603,-0.0008680767496116459
2026-03-25 21:37:37.395,0.1460343450307846,-0.10487639904022217,-0.12529556453227997,-0.0008522714488208294,0.0007163717527873814,-0.0006452700472436845
2026-03-25 21:37:37.397,0.15915963053703308,-0.10275817662477493,-0.13650377094745636,-0.0006641626241616905,0.0009064733167178929,-0.000689223816152662
2026-03-25 21:37:37.399,0.15384240448474884,-0.10418783873319626,-0.1231081560254097,-0.000891936244443059,0.0009596233139745891,-0.0008108530892059207
2026-03-25 21:37:37.401,0.16642959415912628,-0.10078098624944687,-0.13178005814552307,-0.0008088655886240304,0.001161239924840629,-0.0007390236132778227
2026-03-25 21:37:37.403,0.1568523496389389,-0.10186946392059326,-0.11584939807653427,-0.0007406694930978119,0.0011612029047682881,-0.0007607730221934617
2026-03-25 21:37:37.405,0.1587984412908554,-0.1037842184305191,-0.12741878628730774,-0.0009817564859986305,0.0008762022480368614,-0.0008486519800499082
2026-03-25 21:37:37.407,0.15587376058101654,-0.11002516001462936,-0.13565365970134735,-0.0007311704102903605,0.0009644548408687115,-0.0006757001974619925
2026-03-25 21:37:37.409,0.14847683906555176,-0.11269157379865646,-0.1297769695520401,-0.0009468370117247105,0.0008289811084978282,-0.0007264810265041888
2026-03-25 21:37:37.411,0.15021222829818726,-0.11192399263381958,-0.14322152733802795,-0.0006672855233773589,0.0008341597276739776,-0.0007225548033602536
2026-03-25 21:37:37.413,0.1474771648645401,-0.11044614017009735,-0.1371089369058609,-0.0007766823982819915,0.0007297720876522362,-0.0007904745871201158
2026-03-25 21:37:37.415,0.15735913813114166,-0.10803139954805374,-0.14782127737998962,-0.0006579220644198358,0.0008746104431338608,-0.0009014764218591154
2026-03-25 21:37:37.417,0.1463734656572342,-0.10852976888418198,-0.1413409560918808,-0.0007222675485536456,0.0006050346419215202,-0.000763239455409348
2026-03-25 21:37:37.419,0.15058857202529907,-0.11036740243434906,-0.14329439401626587,-0.0005333807202987373,0.0008328997646458447,-0.000782533606979996
2026-03-25 21:37:37.421,0.15030112862586975,-0.11225279420614243,-0.1202847883105278,-0.000746277451980859,0.0008226142381317914,-0.0008857832872308791
2026-03-25 21:37:37.423,0.15825681388378143,-0.09742160886526108,-0.12778231501579285,-0.0006586781237274408,0.0011188550852239132,-0.0007176980725489557
2026-03-25 21:37:37.425,0.16033394634723663,-0.09608526527881622,-0.1325087547302246,-0.0007192697376012802,0.0009520430467091501,-0.000799372442997992
2026-03-25 21:37:37.427,0.17150093615055084,-0.09911734610795975,-0.13578496873378754,-0.0008521509007550776,0.00097721628844738,-0.000582250184379518
2026-03-25 21:37:37.429,0.15969090163707733,-0.10263042896986008,-0.13043102622032166,-0.0007865299703553319,0.0009368874016217887,-0.0006361143314279616
2026-03-25 21:37:37.431,0.1588335484266281,-0.10470519959926605,-0.13606031239032745,-0.0007454282022081316,0.0010306211188435555,-0.0008892719633877277
2026-03-25 21:37:37.433,0.1494012475013733,-0.1076083779335022,-0.1296255886554718,-0.0008098177495412529,0.000712270790245384,-0.0009863359155133367
2026-03-25 21:37:37.435,0.15049096941947937,-0.11361105740070343,-0.12485674768686295,-0.0008224323973990977,0.0008405661792494357,-0.0007803915650583804
2026-03-25 21:37:37.437,0.1525256633758545,-0.10392630100250244,-0.15389162302017212,-0.0005416506319306791,0.0007176010403782129,-0.000856283528264612
2026-03-25 21:37:37.439,0.13922570645809174,-0.10657380521297455,-0.14072565734386444,-0.000638150901068002,0.0007412260165438056,-0.0007899910560809076
2026-03-25 21:37:37.441,0.15341682732105255,-0.11021529138088226,-0.13710038363933563,-0.0006101819453760982,0.0009053886751644313,-0.0007518415804952383
2026-03-25 21:37:37.443,0.14944401383399963,-0.11132991313934326,-0.13396704196929932,-0.0006986062508076429,0.0007271270733326674,-0.0008576517575420439
2026-03-25 21:37:37.445,0.15843220055103302,-0.10424516350030899,-0.140391543507576,-0.0005940677365288138,0.001128425938077271,-0.0007592200418002903
2026-03-25 21:37:37.447,0.1575913429260254,-0.09844889491796494,-0.13122011721134186,-0.0006774238427169621,0.0008135942043736577,-0.0008478862000629306
2026-03-25 21:37:37.449,0.1569933444261551,-0.1002097949385643,-0.1414078325033188,-0.0007592129986733198,0.0010777190327644348,-0.0008378249476663768
2026-03-25 21:37:37.451,0.14603586494922638,-0.09837400168180466,-0.12134777009487152,-0.0008479399257339537,0.0008738920441828668,-0.0007515929755754769
2026-03-25 21:37:37.453,0.16073189675807953,-0.10400041937828064,-0.13625121116638184,-0.0007158748339861631,0.0010944206733256578,-0.0008794452878646553
2026-03-25 21:37:37.455,0.1548147350549698,-0.0982765331864357,-0.1287757009267807,-0.0007970204460434616,0.000994326313957572,-0.0006768270395696163
2026-03-25 21:37:37.457,0.15572193264961243,-0.09952877461910248,-0.13344110548496246,-0.0006758195231668651,0.0008689410169608891,-0.0009916059207171202
2026-03-25 21:37:37.459,0.15341681241989136,-0.09844352304935455,-0.13681352138519287,-0.0008317286847159266,0.0009682630188763142,-0.00086824013851583
2026-03-25 21:37:37.461,0.15102142095565796,-0.10212705284357071,-0.13929696381092072,-0.0007549478905275464,0.0008488881285302341,-0.0007155314087867737
2026-03-25 21:37:37.463,0.14710259437561035,-0.11138499528169632,-0.1459866762161255,-0.000982814934104681,0.0008204634650610387,-0.0006597882020287216
2026-03-25 21:37:37.465,0.14237137138843536,-0.11241118609905243,-0.13745367527008057,-0.0006961764302104712,0.0006969334790483117,-0.0009706274140626192
2026-03-25 21:37:37.468,0.148371160030365,-0.11068230867385864,-0.1250254213809967,-0.000977740972302854,0.0007691580103710294,-0.0006204955861903727
2026-03-25 21:37:37.470,0.153493270277977,-0.09857698529958725,-0.14302323758602142,-0.0006358403479680419,0.0008102116407826543,-0.0009136423468589783
2026-03-25 21:37:37.472,0.157318115234375,-0.0986214429140091,-0.1433841437101364,-0.0009771531913429499,0.000740245683118701,-0.0007224789005704224
2026-03-25 21:37:37.474,0.15952612459659576,-0.10226348787546158,-0.13921649754047394,-0.0010336919222027063,0.0008377619669772685,-0.0007770142401568592
2026-03-25 21:37:37.476,0.16705219447612762,-0.10555166751146317,-0.1282786726951599,-0.0006646549445576966,0.001002954668365419,-0.0009636220638640225
2026-03-25 21:37:37.478,0.1547493040561676,-0.10134425759315491,-0.1172502413392067,-0.0008010402088984847,0.0008556257816962898,-0.0007847619708627462
2026-03-25 21:37:37.480,0.15567165613174438,-0.09981197118759155,-0.14270921051502228,-0.000883866217918694,0.0008089239709079266,-0.0007385023054666817
2026-03-25 21:37:37.482,0.148605078458786,-0.10325822234153748,-0.14303237199783325,-0.0009129217360168695,0.0008785983663983643,-0.000721591233741492
2026-03-25 21:37:37.484,0.14060474932193756,-0.10205105692148209,-0.14408926665782928,-0.0010025390656664968,0.0007181939436122775,-0.0008003393304534256
2026-03-25 21:37:37.486,0.14559122920036316,-0.10712426155805588,-0.1409905105829239,-0.0007302543381229043,0.0006325897411443293,-0.0007875632727518678
2026-03-25 21:37:37.488,0.14529268443584442,-0.11450227349996567,-0.141683891415596,-0.0007659727707505226,0.0007803482003509998,-0.0007005893858149648
2026-03-25 21:37:37.490,0.14761559665203094,-0.10854396969079971,-0.13860031962394714,-0.0007438797620125115,0.000795135332737118,-0.0008341935463249683
2026-03-25 21:37:37.492,0.1556694060564041,-0.09700705856084824,-0.1476062834262848,-0.0008266482036560774,0.0009513668483123183,-0.0007888303371146321
2026-03-25 21:37:37.494,0.15160802006721497,-0.097076416015625,-0.13031920790672302,-0.0007886365638114512,0.000714336521923542,-0.0007723468006588519
2026-03-25 21:37:37.496,0.15389378368854523,-0.09522499889135361,-0.13894377648830414,-0.0008933249628171325,0.0009895948460325599,-0.0008131416980177164
2026-03-25 21:37:37.498,0.15432347357273102,-0.09689793735742569,-0.13789452612400055,-0.0007538174977526069,0.0010165582643821836,-0.0007488670526072383
2026-03-25 21:37:37.500,0.15266841650009155,-0.10207542777061462,-0.13388656079769135,-0.0006033139652572572,0.0010640196269378066,-0.0008708980167284608
2026-03-25 21:37:37.502,0.15168073773384094,-0.10435902327299118,-0.12988987565040588,-0.0007178718224167824,0.0007993109757080674,-0.0009855675743892789
2026-03-25 21:37:37.504,0.16174469888210297,-0.10672406107187271,-0.1297290176153183,-0.0008061569533310831,0.0008599078864790499,-0.0008693586569279432
2026-03-25 21:37:37.506,0.15754418075084686,-0.09772873669862747,-0.1320103406906128,-0.0008502030977979302,0.0009791967459022999,-0.0007914559100754559
2026-03-25 21:37:37.508,0.1545044481754303,-0.102440744638443,-0.13790245354175568,-0.0011231250828132033,0.0007239234982989728,-0.0006594637525267899
2026-03-25 21:37:37.510,0.15342657268047333,-0.10385989397764206,-0.1536351442337036,-0.0008820544462651014,0.001043987926095724,-0.0007244707667268813
2026-03-25 21:37:37.512,0.14217115938663483,-0.10109718888998032,-0.14428719878196716,-0.0005897057708352804,0.000751113286241889,-0.0007895879098214209
2026-03-25 21:37:37.514,0.14506828784942627,-0.11331512033939362,-0.14592868089675903,-0.0008128153276629746,0.0008562455186620355,-0.0007718802662566304
2026-03-25 21:37:37.516,0.1522347629070282,-0.11319474875926971,-0.13946819305419922,-0.0006523518823087215,0.0006012885132804513,-0.0008612397941760719
2026-03-25 21:37:37.518,0.14434082806110382,-0.1047685518860817,-0.13525527715682983,-0.0006850819336250424,0.0009413226507604122,-0.000823702197521925
2026-03-25 21:37:37.520,0.1466236263513565,-0.09836427867412567,-0.12687940895557404,-0.0006402776343747973,0.001001863507553935,-0.0008374215685762465
2026-03-25 21:37:37.522,0.1665770411491394,-0.10215131938457489,-0.12954960763454437,-0.0009467529016546905,0.0008530259365215898,-0.0007958958740346134
2026-03-25 21:37:37.524,0.16204507648944855,-0.10506473481655121,-0.12516744434833527,-0.000727020378690213,0.001000907737761736,-0.000912338902708143
2026-03-25 21:37:37.526,0.1552671641111374,-0.10034585744142532,-0.11788781732320786,-0.0007931623258627951,0.001161188818514347,-0.0006393530638888478
2026-03-25 21:37:37.528,0.16628585755825043,-0.10334558039903641,-0.1310707926750183,-0.0007400699541904032,0.0011056710500270128,-0.0006910220836289227
2026-03-25 21:37:37.530,0.15469814836978912,-0.10502471774816513,-0.131743386387825,-0.0006934957345947623,0.0008563671726733446,-0.0008528459002263844
2026-03-25 21:37:37.532,0.14870189130306244,-0.10135240107774734,-0.12924328446388245,-0.0005978284752927721,0.0007151937461458147,-0.000709317740984261
2026-03-25 21:37:37.534,0.14681579172611237,-0.11487128585577011,-0.12743501365184784,-0.0008427784196101129,0.0009348648600280285,-0.0008004719857126474
2026-03-25 21:37:37.536,0.14961451292037964,-0.11800098419189453,-0.14498908817768097,-0.0006092500407248735,0.0010370239615440369,-0.0006687947316095233
2026-03-25 21:37:37.538,0.14428581297397614,-0.1152564212679863,-0.13608169555664062,-0.0006776033551432192,0.0009963843040168285,-0.0007351218955591321
2026-03-25 21:37:37.540,0.14348328113555908,-0.10545653849840164,-0.13310149312019348,-0.0007577867363579571,0.0009277848876081407,-0.0007821457111276686
2026-03-25 21:37:37.541,0.15314367413520813,-0.10729846358299255,-0.13622047007083893,-0.0008572462829761207,0.000786527176387608,-0.000682826095726341
2026-03-25 21:37:37.543,0.15050803124904633,-0.10176341980695724,-0.13181766867637634,-0.0007984563708305359,0.0006697499775327742,-0.000662599690258503
2026-03-25 21:37:37.545,0.15578770637512207,-0.10293261706829071,-0.12278714776039124,-0.0009000648860819638,0.0008705829968675971,-0.0007771629607304931
2026-03-25 21:37:37.547,0.16194581985473633,-0.10861305147409439,-0.12385295331478119,-0.0006915254052728415,0.0010475266026332974,-0.0008982069557532668
2026-03-25 21:37:37.549,0.16423533856868744,-0.10569622367620468,-0.12935130298137665,-0.0007471935241483152,0.0009395822999067605,-0.0007671909406781197
2026-03-25 21:37:37.551,0.16564840078353882,-0.09462668746709824,-0.1327160894870758,-0.0009614751907065511,0.0008041025139391422,-0.0006808973848819733
2026-03-25 21:37:37.553,0.16363897919654846,-0.10650245100259781,-0.14138585329055786,-0.0008612061501480639,0.0010643955320119858,-0.0006700314115732908
2026-03-25 21:37:37.555,0.14452773332595825,-0.1079067587852478,-0.13115879893302917,-0.0009854320669546723,0.0008146101026795805,-0.0007263797451741993
2026-03-25 21:37:37.557,0.15117335319519043,-0.11142951250076294,-0.13125057518482208,-0.0007972688181325793,0.0009185995440930128,-0.0007298437412828207
2026-03-25 21:37:37.559,0.15546853840351105,-0.11898861080408096,-0.13390959799289703,-0.0006165874074213207,0.000771967985201627,-0.0008907031733542681
2026-03-25 21:37:37.563,0.14630158245563507,-0.12000671029090881,-0.14357541501522064,-0.0007542636594735086,0.0008345957612618804,-0.0007873527356423438
2026-03-25 21:37:37.565,0.14436565339565277,-0.11054570227861404,-0.1369272619485855,-0.0007187467417679727,0.00064474978717044,-0.0008044535061344504
2026-03-25 21:37:37.566,0.15750473737716675,-0.11605213582515717,-0.1422863006591797,-0.0007461232016794384,0.0008579933200962842,-0.0007938735652714968
2026-03-25 21:37:37.569,0.14791560173034668,-0.10999120026826859,-0.12523463368415833,-0.0009835902601480484,0.0007088917191140354,-0.0007241891580633819
2026-03-25 21:37:37.571,0.16300803422927856,-0.10879193991422653,-0.13145193457603455,-0.000592909986153245,0.0009125428041443229,-0.000860221975017339
2026-03-25 21:37:37.573,0.17053216695785522,-0.11303301155567169,-0.12189710140228271,-0.0006658461061306298,0.0009503604378551245,-0.0007099114009179175
2026-03-25 21:37:37.574,0.16111697256565094,-0.10779841989278793,-0.13424187898635864,-0.0008806886617094278,0.0009369450272060931,-0.0006624957895837724
2026-03-25 21:37:37.576,0.16286572813987732,-0.10473217815160751,-0.1295122504234314,-0.0009052833775058389,0.0008060336695052683,-0.0009284964180551469
2026-03-25 21:37:37.577,0.15399743616580963,-0.09892817586660385,-0.13694487512111664,-0.000786917342338711,0.001049717073328793,-0.0008700971957296133
2026-03-25 21:37:37.580,0.1536521464586258,-0.1075936034321785,-0.13180936872959137,-0.0008632932440377772,0.0008546137833036482,-0.0007690992206335068
2026-03-25 21:37:37.582,0.15333904325962067,-0.10953524708747864,-0.1406795233488083,-0.0006593517027795315,0.0007715335232205689,-0.0009310542372986674
2026-03-25 21:37:37.584,0.15449605882167816,-0.12017787992954254,-0.14721298217773438,-0.0003924479242414236,0.0009516899008303881,-0.0010562572861090302
2026-03-25 21:37:37.586,0.1489725112915039,-0.11723648011684418,-0.13478714227676392,-0.0005372511805035174,0.0008437703945674002,-0.0008093566284514964
2026-03-25 21:37:37.588,0.1469447761774063,-0.10380002111196518,-0.13315410912036896,-0.0006965599022805691,0.0006918603903613985,-0.0007540870574302971
2026-03-25 21:37:37.590,0.15100984275341034,-0.10499630123376846,-0.13661321997642517,-0.0007591550820507109,0.0006717483047395945,-0.0007690724451094866
2026-03-25 21:37:37.591,0.15373238921165466,-0.10828877240419388,-0.13073934614658356,-0.0008541777497157454,0.0008456531795673072,-0.000781779526732862
2026-03-25 21:37:37.593,0.15343929827213287,-0.10911612212657928,-0.12991781532764435,-0.0007372335530817509,0.001054493011906743,-0.0008926384034566581
2026-03-25 21:37:37.595,0.16112281382083893,-0.1038050651550293,-0.12371958047151566,-0.0007672309293411672,0.0009518300648778677,-0.0007007144740782678
2026-03-25 21:37:37.597,0.16317526996135712,-0.10198237746953964,-0.12657351791858673,-0.0008033007034100592,0.0010062669171020389,-0.000753548985812813
2026-03-25 21:37:37.599,0.14879967272281647,-0.09817949682474136,-0.12161388993263245,-0.001022736425511539,0.0007360247545875609,-0.00081067398423329
2026-03-25 21:37:37.601,0.15434619784355164,-0.1003640666604042,-0.13127996027469635,-0.0008200421580113471,0.0008910851320251822,-0.0008354536257684231
2026-03-25 21:37:37.603,0.1566208451986313,-0.09863456338644028,-0.12400518357753754,-0.0008435868076048791,0.0007770739612169564,-0.0006341403932310641
2026-03-25 21:37:37.605,0.15862230956554413,-0.10310772061347961,-0.13451464474201202,-0.0005353255546651781,0.0009370216284878552,-0.0008943266584537923
2026-03-25 21:37:37.607,0.15450194478034973,-0.11209893226623535,-0.13090378046035767,-0.0005785066750831902,0.0008472901536151767,-0.0008060474647209048
2026-03-25 21:37:37.609,0.14887067675590515,-0.10464579612016678,-0.14331133663654327,-0.0007602987461723387,0.0010353382676839828,-0.0007102329982444644
2026-03-25 21:37:37.611,0.14769883453845978,-0.10719840973615646,-0.13979540765285492,-0.0009867559419944882,0.0008017551153898239,-0.0006393595249392092
2026-03-25 21:37:37.613,0.14428643882274628,-0.10034123063087463,-0.14833705127239227,-0.0007923716329969466,0.0008161677978932858,-0.0007414736901409924
2026-03-25 21:37:37.615,0.14763079583644867,-0.10657665133476257,-0.14243291318416595,-0.0009405984892509878,0.0008134272648021579,-0.0009453320526517928
2026-03-25 21:37:37.617,0.1518692821264267,-0.09859784692525864,-0.13687898218631744,-0.0008302496280521154,0.0007098711794242263,-0.0009368445607833564
2026-03-25 21:37:37.619,0.16113317012786865,-0.10904157906770706,-0.1280234158039093,-0.0008065003785304725,0.0009339323733001947,-0.0008272607810795307
2026-03-25 21:37:37.621,0.15485653281211853,-0.10486335307359695,-0.12985317409038544,-0.000686699990183115,0.0010449698893353343,-0.0009218167397193611
2026-03-25 21:37:37.623,0.15185600519180298,-0.09975076466798782,-0.14050526916980743,-0.00076678505865857,0.0008862410904839635,-0.0008533479413017631
2026-03-25 21:37:37.625,0.15730732679367065,-0.09976274520158768,-0.13156864047050476,-0.0009773558704182506,0.000935964344535023,-0.001011329935863614
2026-03-25 21:37:37.627,0.1631251722574234,-0.09978768229484558,-0.13353556394577026,-0.0009729810408316553,0.0008364343666471541,-0.0006464541656896472
2026-03-25 21:37:37.629,0.15498314797878265,-0.10821755230426788,-0.13617278635501862,-0.0009185425005853176,0.0009093442931771278,-0.0008242640178650618
2026-03-25 21:37:37.631,0.15653245151042938,-0.10528456419706345,-0.1320113241672516,-0.0006861243164166808,0.0008221110911108553,-0.0009153370629064739
2026-03-25 21:37:37.633,0.15074829757213593,-0.10782819986343384,-0.1405111849308014,-0.0008394569158554077,0.0007080613868311048,-0.0009125804645009339
2026-03-25 21:37:37.635,0.14353738725185394,-0.10649857670068741,-0.13889840245246887,-0.0009153027203865349,0.0007915541646070778,-0.0010044026421383023
2026-03-25 21:37:37.637,0.14981573820114136,-0.10463438183069229,-0.13749296963214874,-0.0008083787397481501,0.0007492277072742581,-0.0008760757045820355
2026-03-25 21:37:37.639,0.15699291229248047,-0.10349640250205994,-0.13419370353221893,-0.0009356382070109248,0.000786283693742007,-0.0007142499089241028
2026-03-25 21:37:37.641,0.15748359262943268,-0.10187819600105286,-0.13383761048316956,-0.0008597534615546465,0.0007601061370223761,-0.0006757412920705974
2026-03-25 21:37:37.643,0.1588435173034668,-0.0970798134803772,-0.13302066922187805,-0.000773274339735508,0.0009299104567617178,-0.0007044990197755396
2026-03-25 21:37:37.645,0.15385828912258148,-0.09915176779031754,-0.1358477622270584,-0.0008522379794158041,0.0008085072040557861,-0.0007817832520231605
2026-03-25 21:37:37.647,0.15405602753162384,-0.0936654731631279,-0.13060042262077332,-0.0008505582227371633,0.0009745643474161625,-0.0006656355690211058
2026-03-25 21:37:37.649,0.14531175792217255,-0.09793835878372192,-0.13259665668010712,-0.000843903748318553,0.0011516634840518236,-0.0008597966516390443
2026-03-25 21:37:37.651,0.16447153687477112,-0.09982028603553772,-0.13221228122711182,-0.0006342143751680851,0.0008710923139005899,-0.0006235626642592251
2026-03-25 21:37:37.653,0.15881359577178955,-0.09775117039680481,-0.12392207980155945,-0.0007086422992870212,0.0009052148670889437,-0.0008230542880482972
2026-03-25 21:37:37.656,0.15542811155319214,-0.10200383514165878,-0.13680535554885864,-0.0007792061078362167,0.0010298955021426082,-0.0008587579941377044
2026-03-25 21:37:37.658,0.15290658175945282,-0.10301674902439117,-0.1343422681093216,-0.0006836651591584086,0.0005580973229371011,-0.0008027360890991986
2026-03-25 21:37:37.660,0.14668241143226624,-0.10342224687337875,-0.1387590914964676,-0.0007513394230045378,0.0008078737882897258,-0.000743832322768867
2026-03-25 21:37:37.662,0.14565418660640717,-0.10595884174108505,-0.13670697808265686,-0.0007743238238617778,0.000859161838889122,-0.0007843418861739337
2026-03-25 21:37:37.664,0.15230129659175873,-0.102248415350914,-0.13813751935958862,-0.0005159894935786724,0.000791085883975029,-0.0009857245022431016
2026-03-25 21:37:37.666,0.16733196377754211,-0.10330312699079514,-0.1367429941892624,-0.0006335597136057913,0.0008034475613385439,-0.0008876401698216796
2026-03-25 21:37:37.668,0.15523801743984222,-0.10528511554002762,-0.13060793280601501,-0.0007735297549515963,0.0006926933419890702,-0.0008728030370548368
2026-03-25 21:37:37.670,0.15308234095573425,-0.10380007326602936,-0.1363011747598648,-0.0008777292678132653,0.0009910776279866695,-0.0006797259557060897
2026-03-25 21:37:37.672,0.15148653090000153,-0.10427949577569962,-0.12410753965377808,-0.0007809838280081749,0.0007973280735313892,-0.0005942210555076599
2026-03-25 21:37:37.674,0.15797153115272522,-0.10534947365522385,-0.13658058643341064,-0.0007543843821622431,0.0006605649250559509,-0.0008402034873142838
2026-03-25 21:37:37.676,0.15577684342861176,-0.10893912613391876,-0.1316901445388794,-0.0008825951372273266,0.000967410858720541,-0.0008263856288976967
2026-03-25 21:37:37.678,0.15735666453838348,-0.10882239788770676,-0.13406923413276672,-0.0007741223671473563,0.001055438886396587,-0.0008982549770735204
2026-03-25 21:37:37.680,0.15142200887203217,-0.10465630143880844,-0.12492760270833969,-0.0008831148152239621,0.001059832749888301,-0.0007385652861557901
2026-03-25 21:37:37.682,0.15222086012363434,-0.10752536356449127,-0.14906476438045502,-0.0009021396399475634,0.0009276642231270671,-0.0007034778827801347
2026-03-25 21:37:37.684,0.14650140702724457,-0.11194492876529694,-0.13725613057613373,-0.0010133945615962148,0.00035956045030616224,-0.0004531331069301814
2026-03-25 21:37:37.686,0.152083620429039,-0.12747326493263245,-0.15399129688739777,-0.00018470951181370765,0.0012267755810171366,-0.0009961483301594853
2026-03-25 21:37:37.688,0.13206878304481506,-0.1136259064078331,-0.12011078745126724,-0.0007395428838208318,0.0004683735314756632,-0.000780559319537133
2026-03-25 21:37:37.690,0.16938041150569916,-0.11067774891853333,-0.1557627022266388,-0.0007845453219488263,0.0009161797934211791,-0.0008377610356546938
2026-03-25 21:37:37.692,0.16389960050582886,-0.11531665921211243,-0.1251746565103531,-0.0006010895594954491,0.0010129059664905071,-0.001044179080054164
2026-03-25 21:37:37.694,0.14597265422344208,-0.10427843779325485,-0.13250963389873505,-0.0006655909237451851,0.000911862007342279,-0.0006454754620790482
2026-03-25 21:37:37.696,0.1709216833114624,-0.10790160298347473,-0.14015908539295197,-0.0007378612644970417,0.0012817804235965014,-0.00065507652470842
2026-03-25 21:37:37.698,0.15660637617111206,-0.10311982035636902,-0.12885141372680664,-0.0006612101569771767,0.0010267506586387753,-0.0006313348421826959
2026-03-25 21:37:37.700,0.14658653736114502,-0.11171872168779373,-0.1263924539089203,-0.0007628249004483223,0.0007899437914602458,-0.000757206988055259
2026-03-25 21:37:37.702,0.14241907000541687,-0.10913001745939255,-0.1346636265516281,-0.0006484944024123251,0.0007961689843796194,-0.0008560097776353359
2026-03-25 21:37:37.704,0.15733331441879272,-0.10894632339477539,-0.13703157007694244,-0.0007030562264844775,0.000854889745824039,-0.0009455697727389634
2026-03-25 21:37:37.706,0.14956054091453552,-0.10705451667308807,-0.13581471145153046,-0.000789863639511168,0.0009493989637121558,-0.0007779297302477062
2026-03-25 21:37:37.708,0.15219292044639587,-0.10878042876720428,-0.13963329792022705,-0.0009569496614858508,0.0007856766460463405,-0.0007851026603020728
2026-03-25 21:37:37.710,0.1640554666519165,-0.11106634885072708,-0.13469010591506958,-0.0008511562482453883,0.0010135878110304475,-0.0008598392596468329
2026-03-25 21:37:37.712,0.15651492774486542,-0.11088444292545319,-0.13289178907871246,-0.0010314026148989797,0.0010817880975082517,-0.0006466052145697176
2026-03-25 21:37:37.714,0.15254104137420654,-0.11247313767671585,-0.1337633728981018,-0.0008529601618647575,0.0010087471455335617,-0.0007380828610621393
2026-03-25 21:37:37.716,0.11816803365945816,-0.12247215211391449,-0.1436552256345749,-0.0008163622114807367,0.00018193422874901444,-0.00020761744235642254
2026-03-25 21:37:37.718,0.06596716493368149,-0.1564650684595108,-0.18159037828445435,-0.0004627399321179837,-0.0006233553285710514,0.00013451495033223182
2026-03-25 21:37:37.720,-0.003392245387658477,-0.18795911967754364,-0.22421085834503174,0.0003707928117364645,-0.0015316674252972007,-8.597424312029034e-05
2026-03-25 21:37:37.722,-0.03396659716963768,-0.17907185852527618,-0.24171772599220276,-0.00010477502655703574,-0.0021403953433036804,0.00034165786928497255
2026-03-25 21:37:37.724,-0.025424007326364517,-0.1655309796333313,-0.2240968942642212,-0.0004958926001563668,-0.001919815200380981,0.0007534869364462793
2026-03-25 21:37:37.726,0.01056348904967308,-0.19211524724960327,-0.2347438782453537,-0.0003724305424839258,-0.0016843518242239952,0.0005263525526970625
2026-03-25 21:37:37.728,-0.026660235598683357,-0.1988915503025055,-0.24196453392505646,0.00024776667123660445,-0.0016641290858387947,0.0002870318712666631
2026-03-25 21:37:37.730,-0.06543101370334625,-0.1965220868587494,-0.23738689720630646,0.0003414874372538179,-0.0023610990028828382,-0.00012315188359934837
2026-03-25 21:37:37.732,0.0016483425861224532,-0.1671268194913864,-0.24955087900161743,-7.553117484349059e-06,-0.0015930022345855832,-9.248143032891676e-05
2026-03-25 21:37:37.734,0.0636492595076561,-0.118416428565979,-0.19978035986423492,-0.0006356334197334945,-0.0007841950282454491,-0.0002589171635918319
2026-03-25 21:37:37.736,0.116057388484478,-0.09639180451631546,-0.15629138052463531,-0.000918626959901303,0.0001917780318763107,-0.0006336530204862356
2026-03-25 21:37:37.738,0.13516221940517426,-0.09599018096923828,-0.16139806807041168,-0.0006513447151519358,0.0005290125263854861,-0.0013418992748484015
2026-03-25 21:37:37.740,0.11501479148864746,-0.07640235871076584,-0.14917416870594025,-0.0006871891673654318,0.0002883562701754272,-0.0014028770383447409
2026-03-25 21:37:37.742,0.13738742470741272,-0.05259571969509125,-0.14305737614631653,-0.0013868771493434906,0.0006994896684773266,-0.0012093891855329275
2026-03-25 21:37:37.744,0.18552769720554352,-0.0407249890267849,-0.1035689264535904,-0.0014025199925526977,0.0011485430877655745,-0.0015330422902479768
2026-03-25 21:37:37.746,0.21927881240844727,-0.028785748407244682,-0.111341692507267,-0.001627648831345141,0.0016144791152328253,-0.0013936137547716498
2026-03-25 21:37:37.748,0.20164243876934052,-0.039383821189403534,-0.09873246401548386,-0.0014432999305427074,0.0013834070414304733,-0.0016214718343690038
2026-03-25 21:37:37.750,0.17816463112831116,-0.04898011311888695,-0.11623009294271469,-0.001063970965333283,0.0010681936983019114,-0.0016123405657708645
2026-03-25 21:37:37.752,0.15824295580387115,-0.03923431783914566,-0.1268835812807083,-0.0013199076056480408,0.0010736704571172595,-0.001574755646288395
2026-03-25 21:37:37.754,0.17327740788459778,-0.02393995225429535,-0.11246560513973236,-0.0013396382564678788,0.0010141308885067701,-0.0015701884403824806
2026-03-25 21:37:37.756,0.21766529977321625,-0.021741053089499474,-0.10406604409217834,-0.0016243880381807685,0.0015883806627243757,-0.0015984968049451709
2026-03-25 21:37:37.758,0.20444615185260773,-0.034980472177267075,-0.09346314519643784,-0.0014997744001448154,0.001563291996717453,-0.001620447263121605
2026-03-25 21:37:37.760,0.18033207952976227,-0.04703648388385773,-0.10323125869035721,-0.0013277941616252065,0.0014682969776913524,-0.001687245792709291
2026-03-25 21:37:37.762,0.17119738459587097,-0.04587307572364807,-0.12448926270008087,-0.0010602730326354504,0.0011596499243751168,-0.0017175998073071241
2026-03-25 21:37:37.764,0.195073202252388,-0.03933543711900711,-0.10950123518705368,-0.0016559538198634982,0.0012280447408556938,-0.0015513011021539569
2026-03-25 21:37:37.766,0.20385250449180603,-0.02360718697309494,-0.09731585532426834,-0.0018429174087941647,0.0016152564203366637,-0.0010656868107616901
2026-03-25 21:37:37.768,0.21344050765037537,-0.03380189836025238,-0.09124734252691269,-0.0014862408861517906,0.001553150243125856,-0.0014233869733288884
2026-03-25 21:37:37.770,0.195900559425354,-0.04742136597633362,-0.10279348492622375,-0.001323599019087851,0.001149286748841405,-0.0016241639386862516
2026-03-25 21:37:37.772,0.16498751938343048,-0.04404177516698837,-0.10246622562408447,-0.0012087082723155618,0.0008271227707155049,-0.0015629902482032776
2026-03-25 21:37:37.774,0.18251752853393555,-0.044606152921915054,-0.10212379693984985,-0.0016299602575600147,0.0013376384740695357,-0.001394119462929666
2026-03-25 21:37:37.776,0.20268724858760834,-0.03366459161043167,-0.10546805709600449,-0.0018045144388452172,0.0016746913315728307,-0.0011142159346491098
2026-03-25 21:37:37.778,0.21008963882923126,-0.0314180962741375,-0.09592974185943604,-0.0016420152969658375,0.0015887352637946606,-0.0011841851519420743
2026-03-25 21:37:37.780,0.1759626269340515,-0.04622434452176094,-0.08848550170660019,-0.0014517492381855845,0.0014469596790149808,-0.0011276763398200274
2026-03-25 21:37:37.782,0.17800912261009216,-0.058633241802453995,-0.1088988184928894,-0.0012331632897257805,0.0014565755845978856,-0.0011787901166826487
2026-03-25 21:37:37.784,0.18417581915855408,-0.06153309345245361,-0.1115267276763916,-0.0013572366442531347,0.0013980193762108684,-0.0011635366827249527
2026-03-25 21:37:37.786,0.1863546222448349,-0.05686312913894653,-0.10224071890115738,-0.0015622011851519346,0.001222247607074678,-0.0010565038537606597
2026-03-25 21:37:37.788,0.17418232560157776,-0.0726127028465271,-0.11212263256311417,-0.0013329472858458757,0.0010281458962708712,-0.0008046845905482769
2026-03-25 21:37:37.790,0.15201255679130554,-0.09585907310247421,-0.13273215293884277,-0.000984197249636054,0.0008468851447105408,-0.0007904017111286521
2026-03-25 21:37:37.792,0.1291499137878418,-0.09438340365886688,-0.12267052382230759,-0.0008842739625833929,0.0003444488684181124,-0.00040202884702011943
2026-03-25 21:37:37.794,0.1109759733080864,-0.1021244153380394,-0.12556371092796326,-0.000891075236722827,0.00046744171413592994,-0.00017083249986171722
2026-03-25 21:37:37.796,0.12692847847938538,-0.11516720801591873,-0.13369491696357727,-0.0007547214045189321,0.00048715886077843606,-0.00031299752299673855
2026-03-25 21:37:37.798,0.11735530942678452,-0.13325893878936768,-0.13179652392864227,-0.0006476095295511186,0.00041907993727363646,-2.147306986444164e-05
2026-03-25 21:37:37.800,0.09170741587877274,-0.139780655503273,-0.1213914081454277,-0.0005610418738797307,-0.00017786565877031535,-0.0002458900271449238
2026-03-25 21:37:37.802,0.08839684724807739,-0.14335206151008606,-0.12925587594509125,-0.00040471475222148,-8.50434007588774e-05,-0.00017243823094759136
2026-03-25 21:37:37.804,0.10952315479516983,-0.13809777796268463,-0.1382414847612381,-0.0005578817217610776,0.0003319884417578578,-0.00012477344716899097
2026-03-25 21:37:37.806,0.12757161259651184,-0.1362888216972351,-0.11045286804437637,-0.00046565450611524284,0.0004613722558133304,-0.00018486601766198874
2026-03-25 21:37:37.808,0.15153475105762482,-0.1312854140996933,-0.10845594853162766,-0.00043785705929622054,0.0006370324408635497,-0.0003256463387515396
2026-03-25 21:37:37.810,0.1583772450685501,-0.12218721956014633,-0.10816670209169388,-0.00044779913150705397,0.0009490397060289979,-0.0005959740374237299
2026-03-25 21:37:37.812,0.18345199525356293,-0.11045992374420166,-0.09092208743095398,-0.0006322895060293376,0.0010344595648348331,-0.0006006364128552377
2026-03-25 21:37:37.814,0.18638864159584045,-0.11189338564872742,-0.08668585121631622,-0.000688239757437259,0.0015049282228574157,-0.0005910270847380161
2026-03-25 21:37:37.817,0.17472176253795624,-0.11102505773305893,-0.07703796029090881,-0.0006031270022504032,0.0012767924927175045,-0.0007044544327072799
2026-03-25 21:37:37.818,0.18506737053394318,-0.11302479356527328,-0.08516597747802734,-0.0004503332020249218,0.001442311448045075,-0.0007484581437893212
2026-03-25 21:37:37.820,0.18515735864639282,-0.11442376673221588,-0.07638198882341385,-0.0006332139018923044,0.0012779291719198227,-0.0009127002558670938
2026-03-25 21:37:37.822,0.1821410357952118,-0.11023811995983124,-0.08050546795129776,-0.0007885784725658596,0.0015300705563277006,-0.000567071489058435
2026-03-25 21:37:37.824,0.18454617261886597,-0.11278586834669113,-0.07624811679124832,-0.000717938703019172,0.0014538796385750175,-0.0006988361710682511
2026-03-25 21:37:37.826,0.18058200180530548,-0.11550038307905197,-0.08130335062742233,-0.000640739337541163,0.001300871605053544,-0.0007568994187749922
2026-03-25 21:37:37.828,0.1846662312746048,-0.11285419762134552,-0.07773490250110626,-0.0007931718719191849,0.001270854496397078,-0.0007639118703082204
2026-03-25 21:37:37.830,0.18208946287631989,-0.10953447222709656,-0.07577871531248093,-0.0007385484059341252,0.0013433702988550067,-0.0007306343759410083
2026-03-25 21:37:37.832,0.19137664139270782,-0.10784082114696503,-0.08910105377435684,-0.0006718090735375881,0.0015918842982500792,-0.0005672287661582232
2026-03-25 21:37:37.834,0.1908351480960846,-0.1150079295039177,-0.07919304817914963,-0.0006358127575367689,0.0013778157299384475,-0.00076688127592206
2026-03-25 21:37:37.836,0.17362220585346222,-0.11052416265010834,-0.07993006706237793,-0.0006821128190495074,0.001486451830714941,-0.0007472482393495739
2026-03-25 21:37:37.839,0.18412639200687408,-0.10491826385259628,-0.07375863939523697,-0.0008080187835730612,0.0012819181429222226,-0.0006294303457252681
2026-03-25 21:37:37.841,0.18601053953170776,-0.1098485141992569,-0.0716177299618721,-0.0008111492497846484,0.0013764438917860389,-0.0007277348195202649
2026-03-25 21:37:37.843,0.19350863993167877,-0.11531446129083633,-0.07346276938915253,-0.0006917481659911573,0.0011484446004033089,-0.0006533224950544536
2026-03-25 21:37:37.847,0.187059685587883,-0.10397171974182129,-0.07076655328273773,-0.0006627567927353084,0.0015096522402018309,-0.00044197298120707273
2026-03-25 21:37:37.849,0.1793261468410492,-0.10873082280158997,-0.07167746126651764,-0.0009086133213713765,0.0014461157843470573,-0.0005435878410935402
2026-03-25 21:37:37.851,0.18509764969348907,-0.11308537423610687,-0.07313334196805954,-0.0006501887692138553,0.0012669034767895937,-0.0004863389767706394
2026-03-25 21:37:37.853,0.18896953761577606,-0.11738383769989014,-0.060717254877090454,-0.0008055808139033616,0.0012332919286563993,-0.0005124181043356657
2026-03-25 21:37:37.854,0.1878359466791153,-0.1086587980389595,-0.062369946390390396,-0.0007260952261276543,0.0014621802838519216,-0.0005289296968840063
2026-03-25 21:37:37.855,0.19166068732738495,-0.10920663923025131,-0.07436778396368027,-0.0008934849174693227,0.0015457810368388891,-0.0005734626902267337
2026-03-25 21:37:37.859,0.18886955082416534,-0.11143714189529419,-0.07637529075145721,-0.0007011768175289035,0.0012389562325552106,-0.0005919323884882033
2026-03-25 21:37:37.861,0.19110898673534393,-0.11071255058050156,-0.07523787021636963,-0.0005297916941344738,0.0013867965899407864,-0.0007773485849611461
2026-03-25 21:37:37.863,0.19530773162841797,-0.10786821693181992,-0.07328487187623978,-0.000744236574973911,0.0014518206007778645,-0.0006704952102154493
2026-03-25 21:37:37.865,0.18395034968852997,-0.10936128348112106,-0.05879606679081917,-0.0006289714947342873,0.0012752522015944123,-0.0007340938318520784
2026-03-25 21:37:37.867,0.1800445318222046,-0.1092388704419136,-0.06701362133026123,-0.0007078124908730388,0.001373216975480318,-0.0005254466086626053
2026-03-25 21:37:37.871,0.1909431368112564,-0.10702326148748398,-0.06879916787147522,-0.0007596583454869688,0.001336076995357871,-0.0006806651363149285
2026-03-25 21:37:37.873,0.18661388754844666,-0.10984088480472565,-0.07317321747541428,-0.00074984465027228,0.0015123039484024048,-0.0006041666492819786
2026-03-25 21:37:37.875,0.18292586505413055,-0.11902698874473572,-0.0700748860836029,-0.0005026903818361461,0.0013150839367881417,-0.0006511000683531165
2026-03-25 21:37:37.877,0.18155518174171448,-0.12266945838928223,-0.08055238425731659,-0.0004884037771262228,0.0012891750084236264,-0.0010475984308868647
2026-03-25 21:37:37.879,0.17102468013763428,-0.11278360337018967,-0.05955605208873749,-0.0007728040218353271,0.0012594464933499694,-0.0007200956461019814
2026-03-25 21:37:37.881,0.18435139954090118,-0.11171146482229233,-0.07744259387254715,-0.000754093867726624,0.0015633435687050223,-0.0006494748522527516
2026-03-25 21:37:37.883,0.191578671336174,-0.11297429352998734,-0.07147595286369324,-0.0003558685421012342,0.001466606860049069,-0.0009165216470137239
2026-03-25 21:37:37.885,0.19286954402923584,-0.11481001228094101,-0.06435125321149826,-0.0004839586035814136,0.0014552946668118238,-0.000611172232311219
2026-03-25 21:37:37.888,0.17933957278728485,-0.1187528446316719,-0.058034177869558334,-0.0006327333976514637,0.0013245407026261091,-0.0004946606350131333
2026-03-25 21:37:37.890,0.17585639655590057,-0.12088776379823685,-0.06902435421943665,-0.000548406271263957,0.0011519623221829534,-0.0005382772069424391
2026-03-25 21:37:37.892,0.18301273882389069,-0.11968722939491272,-0.06403370201587677,-0.0004196746158413589,0.0012119137682020664,-0.0005664252676069736
2026-03-25 21:37:37.894,0.17798469960689545,-0.1224367544054985,-0.0657622218132019,-0.0006108949310146272,0.0014264800120145082,-0.000616758712567389
2026-03-25 21:37:37.896,0.17682777345180511,-0.12332259118556976,-0.07139863073825836,-0.0005649938248097897,0.001665499061346054,-0.0007184071000665426
2026-03-25 21:37:37.898,0.17779193818569183,-0.12688151001930237,-0.061098769307136536,-0.0005296524032019079,0.0011463016271591187,-0.0006540829781442881
2026-03-25 21:37:37.900,0.1662035584449768,-0.11572866141796112,-0.07014066725969315,-0.00039884832222014666,0.001289906445890665,-0.0005690812831744552
2026-03-25 21:37:37.902,0.17609882354736328,-0.12340184301137924,-0.06776095181703568,-0.00023851521837059408,0.0013864398933947086,-0.0007987974677234888
2026-03-25 21:37:37.905,0.18881836533546448,-0.1263360232114792,-0.06616463512182236,-0.0004462349461391568,0.0014598702546209097,-0.0007763065514154732
2026-03-25 21:37:37.907,0.1864023655653,-0.12250859290361404,-0.06164989247918129,-0.0004210349579807371,0.0014045117422938347,-0.0007502814987674356
2026-03-25 21:37:37.909,0.1732224076986313,-0.12111151963472366,-0.06782121956348419,-0.0005714743165299296,0.0013731737853959203,-0.000780913163907826
2026-03-25 21:37:37.911,0.17520397901535034,-0.11499140411615372,-0.07050342112779617,-0.000401152326958254,0.0012612747959792614,-0.0007804318447597325
2026-03-25 21:37:37.913,0.18448159098625183,-0.11788755655288696,-0.07402825355529785,-0.00039133630343712866,0.0010785226477310061,-0.0007275825482793152
2026-03-25 21:37:37.915,0.18921427428722382,-0.11864309757947922,-0.07417657971382141,-0.0006175428279675543,0.0013339543947950006,-0.0006835907115601003
2026-03-25 21:37:37.917,0.19132491946220398,-0.11381255835294724,-0.0635112002491951,-0.0005651095416396856,0.001519009587354958,-0.0005138545529916883
2026-03-25 21:37:37.919,0.17946350574493408,-0.11481017619371414,-0.060221754014492035,-0.0006553470739163458,0.0012909849174320698,-0.0007412107079289854
2026-03-25 21:37:37.921,0.17265808582305908,-0.11950307339429855,-0.0599418543279171,-0.0006510830717161298,0.0011289110407233238,-0.0007880968041718006
2026-03-25 21:37:37.923,0.18888311088085175,-0.11184883117675781,-0.05995551124215126,-0.0006263023242354393,0.001300716889090836,-0.001021183910779655
2026-03-25 21:37:37.925,0.19038507342338562,-0.10459645837545395,-0.05399250239133835,-0.00046085481881164014,0.0012147969100624323,-0.0008332308498211205
2026-03-25 21:37:37.927,0.18157321214675903,-0.10394688695669174,-0.06671063601970673,-0.0005871013272553682,0.0013772506499662995,-0.000855258374940604
2026-03-25 21:37:37.929,0.18087294697761536,-0.10384838283061981,-0.07989392429590225,-0.000638250436168164,0.001216774107888341,-0.0008345916867256165
2026-03-25 21:37:37.931,0.17683885991573334,-0.09863609075546265,-0.07488082349300385,-0.0007620197720825672,0.001418599858880043,-0.0007835992146283388
2026-03-25 21:37:37.933,0.18499751389026642,-0.09861503541469574,-0.07573536038398743,-0.0008034043130464852,0.0014116634847596288,-0.0007002849015407264
2026-03-25 21:37:37.935,0.18706044554710388,-0.09685111790895462,-0.06821863353252411,-0.0007494669407606125,0.001401423360221088,-0.00092131836572662
2026-03-25 21:37:37.939,0.17739680409431458,-0.09292887151241302,-0.05924704298377037,-0.0007836702279746532,0.0012100660242140293,-0.0009097751462832093
2026-03-25 21:37:37.941,0.17444491386413574,-0.09235241264104843,-0.07451876997947693,-0.0008922338020056486,0.0012193025322631001,-0.0009513791301287711
2026-03-25 21:37:37.943,0.17578229308128357,-0.08623308688402176,-0.07658746093511581,-0.0007756376871839166,0.0012497082352638245,-0.0008911308250389993
2026-03-25 21:37:37.945,0.18025289475917816,-0.08830742537975311,-0.0708737000823021,-0.001032100641168654,0.0012677068589255214,-0.0007175334612838924
2026-03-25 21:37:37.947,0.18041099607944489,-0.0857219249010086,-0.06116226688027382,-0.0009585110237821937,0.001354782609269023,-0.000816391606349498
2026-03-25 21:37:37.949,0.17370888590812683,-0.09550834447145462,-0.0812426283955574,-0.0009801011765375733,0.001260510878637433,-0.0009359337273053825
2026-03-25 21:37:37.951,0.1737634390592575,-0.08721810579299927,-0.07675957679748535,-0.000983735080808401,0.0012243244564160705,-0.0007997423526830971
2026-03-25 21:37:37.953,0.17902439832687378,-0.07894229888916016,-0.07155366986989975,-0.0009408403420820832,0.001172534073702991,-0.0006633785669691861
2026-03-25 21:37:37.955,0.18746529519557953,-0.08751127868890762,-0.07415959239006042,-0.001054476830177009,0.0013883189531043172,-0.0009558357996866107
2026-03-25 21:37:37.957,0.18133635818958282,-0.08343595266342163,-0.07011859118938446,-0.0010556139750406146,0.0012537166476249695,-0.0011202285531908274
2026-03-25 21:37:37.959,0.17938578128814697,-0.08583492785692215,-0.07059238106012344,-0.0010519193019717932,0.0011516616214066744,-0.0011066042352467775
2026-03-25 21:37:37.961,0.17487424612045288,-0.082320436835289,-0.08397739380598068,-0.0009954565903171897,0.001099519431591034,-0.0008863643743097782
2026-03-25 21:37:37.963,0.16831672191619873,-0.07967808097600937,-0.08383985608816147,-0.0012556154979392886,0.0011292850831523538,-0.0007560076774097979
2026-03-25 21:37:37.965,0.15784884989261627,-0.08615625649690628,-0.09241876006126404,-0.001201186329126358,0.0008150726789608598,-0.0005667972145602107
2026-03-25 21:37:37.967,0.11505038291215897,-0.09989359229803085,-0.12198689579963684,-0.0008476786897517741,7.622969860676676e-05,-0.0004199943505227566
2026-03-25 21:37:37.969,0.08017874509096146,-0.12164909392595291,-0.1284281611442566,-0.0005887449369765818,-0.0004464825033210218,-0.000496049236971885
2026-03-25 21:37:37.971,0.0612822063267231,-0.1282041072845459,-0.12758535146713257,-0.0004828181699849665,-0.0007312162779271603,-0.00039123621536418796
2026-03-25 21:37:37.973,0.06618044525384903,-0.13150882720947266,-0.13908208906650543,-0.00033651565900072455,-0.0005633693072013557,-0.00030787629657424986
2026-03-25 21:37:37.975,0.06382448226213455,-0.1375364065170288,-0.14806996285915375,-0.0005396745400503278,-0.0005741300410591066,-0.00031079925247468054
2026-03-25 21:37:37.977,0.05725361406803131,-0.1343732476234436,-0.1490059494972229,-0.0007525999681092799,-0.0008759035845287144,-0.00046928474330343306
2026-03-25 21:37:37.981,0.08744306117296219,-0.1002107784152031,-0.14627884328365326,-0.000895902281627059,-0.00022422597976401448,-0.0006533476989716291
2026-03-25 21:37:37.983,0.11022433638572693,-0.08895689994096756,-0.11260133981704712,-0.0008726310916244984,5.894552668905817e-05,-0.0008142634178511798
2026-03-25 21:37:37.985,0.12220190465450287,-0.08720291405916214,-0.10696693509817123,-0.0007878253236413002,0.0003971428086515516,-0.0009738205117173493
2026-03-25 21:37:37.987,0.14409461617469788,-0.07977387309074402,-0.10707372426986694,-0.0008424086845479906,0.0006454033427871764,-0.0011596286203712225
2026-03-25 21:37:37.989,0.1524301916360855,-0.05868694186210632,-0.0848594680428505,-0.001167210517451167,0.0009230843279510736,-0.0011824233224615455
2026-03-25 21:37:37.993,0.1965540647506714,-0.04906300827860832,-0.07181733846664429,-0.0012995669385418296,0.0013767033815383911,-0.001315454370342195
2026-03-25 21:37:37.995,0.18007926642894745,-0.04868132993578911,-0.07451996207237244,-0.0013198439264670014,0.001267282641492784,-0.0013497383333742619
2026-03-25 21:37:37.997,0.18372231721878052,-0.04716344177722931,-0.07040072977542877,-0.001436877530068159,0.0015353647759184241,-0.0015190066769719124
2026-03-25 21:37:38.000,0.19672366976737976,-0.03792422264814377,-0.07542777806520462,-0.001498030498623848,0.0014872829196974635,-0.0012818491086363792
2026-03-25 21:37:38.002,0.1838245689868927,-0.044303156435489655,-0.06995870172977448,-0.0014176786644384265,0.00147959403693676,-0.0013736210530623794
2026-03-25 21:37:38.004,0.19456037878990173,-0.05933387205004692,-0.07580853998661041,-0.0012485223123803735,0.0013127624988555908,-0.0014716644072905183
2026-03-25 21:37:38.007,0.19726137816905975,-0.06626136600971222,-0.07092224806547165,-0.0010936924954876304,0.0014174024108797312,-0.0014428873546421528
2026-03-25 21:37:38.008,0.18744824826717377,-0.059252578765153885,-0.05408792570233345,-0.001328266691416502,0.0012953361729159951,-0.0013089445419609547
2026-03-25 21:37:38.010,0.19418273866176605,-0.059069111943244934,-0.0709037333726883,-0.0012837117537856102,0.0014180300058797002,-0.0012442695442587137
2026-03-25 21:37:38.013,0.1941954493522644,-0.06352374702692032,-0.06543922424316406,-0.001311089494265616,0.0014062413247302175,-0.0010300014400854707
2026-03-25 21:37:38.015,0.1890466809272766,-0.06338498741388321,-0.07119325548410416,-0.0012127734953537583,0.0014151729410514235,-0.0009625570382922888
2026-03-25 21:37:38.017,0.1780829280614853,-0.07610420882701874,-0.06624171882867813,-0.0012624658411368728,0.001358694862574339,-0.0005788514390587807
2026-03-25 21:37:38.019,0.17815984785556793,-0.07550375908613205,-0.06264079362154007,-0.001080885878764093,0.0012706683482974768,-0.0009437834960408509
2026-03-25 21:37:38.021,0.1704377979040146,-0.07255113869905472,-0.06265271455049515,-0.0010773360263556242,0.0011386878322809935,-0.0009102175827138126
2026-03-25 21:37:38.023,0.19166256487369537,-0.07609453797340393,-0.07823782414197922,-0.001064090058207512,0.0011705051874741912,-0.0009063167963176966
2026-03-25 21:37:38.027,0.19468434154987335,-0.08009692281484604,-0.08063163608312607,-0.0011398522183299065,0.001257684314623475,-0.0007611543405801058
2026-03-25 21:37:38.029,0.1811598241329193,-0.08644408732652664,-0.06520474702119827,-0.001211106893606484,0.001492835464887321,-0.0007533127209171653
2026-03-25 21:37:38.031,0.18108658492565155,-0.09142911434173584,-0.07472213357686996,-0.0009927351493388414,0.0012104702182114124,-0.0006741203833371401
2026-03-25 21:37:38.033,0.1808387190103531,-0.09107708930969238,-0.08109761029481888,-0.0009000392747111619,0.0012527999933809042,-0.0008273120038211346
2026-03-25 21:37:38.035,0.1785764843225479,-0.10134465247392654,-0.06529171019792557,-0.0010215756483376026,0.0013974177418276668,-0.0006011311197653413
2026-03-25 21:37:38.037,0.17945095896720886,-0.09983868896961212,-0.0659952163696289,-0.0011827495181933045,0.0011919656535610557,-0.0004999135853722692
2026-03-25 21:37:38.039,0.18132151663303375,-0.11292507499456406,-0.07054577767848969,-0.001061690622009337,0.0013122836826369166,-0.0005488127935677767
2026-03-25 21:37:38.043,0.16103024780750275,-0.11533017456531525,-0.061325713992118835,-0.0007910951389931142,0.001130980788730085,-0.0003894789260812104
2026-03-25 21:37:38.047,0.16718706488609314,-0.12846268713474274,-0.07088243216276169,-0.0005224791821092367,0.0010365702910348773,-0.00026693104882724583
2026-03-25 21:37:38.049,0.1620645672082901,-0.13379934430122375,-0.06934911757707596,-0.0006409948109649122,0.0010301378788426518,-0.00011781841021729633
2026-03-25 21:37:38.051,0.16444650292396545,-0.1281646490097046,-0.07872355729341507,-0.0004003680369351059,0.0011539937695488334,-0.00032379248295910656
2026-03-25 21:37:38.053,0.16692690551280975,-0.13744302093982697,-0.06642641872167587,-0.0004236596869304776,0.0011644121259450912,-0.0004007501993328333
2026-03-25 21:37:38.055,0.1729903519153595,-0.1406070441007614,-0.06897628307342529,-0.00043037469731643796,0.001119899214245379,-0.0004379198362585157
2026-03-25 21:37:38.057,0.17106646299362183,-0.14089751243591309,-0.06517745554447174,-0.000481332594063133,0.00108966080006212,-0.0005772772710770369
2026-03-25 21:37:38.059,0.1737981140613556,-0.1451401561498642,-0.07182654738426208,-0.00037707152660004795,0.001178370788693428,-0.0006024667527526617
2026-03-25 21:37:38.061,0.16547951102256775,-0.14643310010433197,-0.07394134253263474,-0.0004194218199700117,0.0012450551148504019,-0.00026073629851453006
2026-03-25 21:37:38.063,0.16453395783901215,-0.15061019361019135,-0.08223120123147964,-0.00033454326330684125,0.0012875969987362623,-0.0004461331118363887
2026-03-25 21:37:38.065,0.16403988003730774,-0.1398950219154358,-0.07563839107751846,-0.00022872842964716256,0.001187837217003107,-0.00039190921233966947
2026-03-25 21:37:38.067,0.1611045002937317,-0.14397411048412323,-0.06327047199010849,-0.00030120951123535633,0.0009349841275252402,-0.0003685888077598065
2026-03-25 21:37:38.069,0.16003668308258057,-0.14642667770385742,-0.07511197030544281,-0.00025786104379221797,0.0009401768911629915,-0.00034571823198348284
2026-03-25 21:37:38.071,0.15913335978984833,-0.1412975937128067,-0.07245513051748276,-8.523948963556904e-06,0.0008659590384922922,-0.0006230947910808027
2026-03-25 21:37:38.073,0.16385038197040558,-0.13917076587677002,-0.0654766634106636,-0.0003288401640020311,0.0010468942346051335,-0.0005333317676559091
2026-03-25 21:37:38.075,0.16816698014736176,-0.13195307552814484,-0.07575111836194992,-0.0003288798325229436,0.0009275790071114898,-0.0005814382457174361
2026-03-25 21:37:38.077,0.1701856106519699,-0.1346650868654251,-0.07662476599216461,-0.0003776639932766557,0.0011759967310354114,-0.0008616598788648844
2026-03-25 21:37:38.079,0.1617574244737625,-0.1291283220052719,-0.0842994898557663,-0.00018426260794512928,0.0009420300484634936,-0.0006709933513775468
2026-03-25 21:37:38.081,0.15844260156154633,-0.1314738541841507,-0.0768272802233696,-0.0002918780082836747,0.0011026798747479916,-0.0007848140085116029
2026-03-25 21:37:38.083,0.16858729720115662,-0.13392604887485504,-0.0758218765258789,-0.0003563719510566443,0.001053821761161089,-0.0007469547563232481
2026-03-25 21:37:38.085,0.16839084029197693,-0.1331133097410202,-0.07518136501312256,-0.00031689050956629217,0.0009565298678353429,-0.0008924540597945452
2026-03-25 21:37:38.087,0.1656913012266159,-0.12639455497264862,-0.08158334344625473,-0.00028254016069695354,0.0008454081253148615,-0.0008316144812852144
2026-03-25 21:37:38.089,0.17125244438648224,-0.12650734186172485,-0.08177909255027771,-0.0004685989406425506,0.0008807514677755535,-0.0007151056779548526
2026-03-25 21:37:38.091,0.16532228887081146,-0.12122273445129395,-0.07965658605098724,-0.00034631212474778295,0.0011597709963098168,-0.0007497678161598742
2026-03-25 21:37:38.093,0.16069458425045013,-0.12161137908697128,-0.07415898144245148,-0.00048099554260261357,0.0010006686206907034,-0.0007789840456098318
2026-03-25 21:37:38.095,0.1578463464975357,-0.12220443040132523,-0.07127638906240463,-0.0005336433532647789,0.0008414448820985854,-0.0008519106777384877
2026-03-25 21:37:38.097,0.16656097769737244,-0.1217643991112709,-0.08770450949668884,-0.0004495680914260447,0.0008842814131639898,-0.0008843121468089521
2026-03-25 21:37:38.099,0.15927675366401672,-0.11887040734291077,-0.07580811530351639,-0.0004977998323738575,0.0009123404743149877,-0.0006352022173814476
2026-03-25 21:37:38.101,0.1597844660282135,-0.12218558043241501,-0.07910441607236862,-0.0007077581249177456,0.001073773019015789,-0.0006198611808940768
2026-03-25 21:37:38.103,0.16685883700847626,-0.11781241744756699,-0.08741626143455505,-0.0004280193825252354,0.0011960824485868216,-0.0008499048999510705
2026-03-25 21:37:38.105,0.16997407376766205,-0.1171296164393425,-0.07701519131660461,-0.0005560150020755827,0.000950271321926266,-0.0008161699515767395
2026-03-25 21:37:38.107,0.16857777535915375,-0.11068892478942871,-0.06848457455635071,-0.00044556567445397377,0.0009733472252264619,-0.0007620158139616251
2026-03-25 21:37:38.111,0.16855479776859283,-0.10877424478530884,-0.08422328531742096,-0.0006785874720662832,0.0010097110643982887,-0.0010006129741668701
2026-03-25 21:37:38.113,0.17107094824314117,-0.11138469725847244,-0.08367384970188141,-0.0009637069306336343,0.0008709378889761865,-0.0007329203654080629
2026-03-25 21:37:38.115,0.16682909429073334,-0.10383106768131256,-0.08823797851800919,-0.0006377637619152665,0.0010885335505008698,-0.000924191321246326
2026-03-25 21:37:38.117,0.163944810628891,-0.09438087046146393,-0.0783645287156105,-0.0008814841276034713,0.0010465977247804403,-0.0008247290388680995
2026-03-25 21:37:38.119,0.16427525877952576,-0.09986888617277145,-0.08131274580955505,-0.0010219302494078875,0.0009615398594178259,-0.0008911634213291109
2026-03-25 21:37:38.121,0.1653459072113037,-0.09946807473897934,-0.0817004069685936,-0.0007983171963132918,0.0008379307109862566,-0.00096506328554824
2026-03-25 21:37:38.124,0.16124528646469116,-0.10288430750370026,-0.07255001366138458,-0.000998154398985207,0.0009048395440913737,-0.0007774666883051395
2026-03-25 21:37:38.126,0.17265141010284424,-0.0973564013838768,-0.08353137969970703,-0.0008892596233636141,0.0010304116876795888,-0.0006578947068192065
2026-03-25 21:37:38.128,0.17846998572349548,-0.10109125822782516,-0.0833977460861206,-0.0007683968869969249,0.0009052936802618206,-0.0010362773900851607
2026-03-25 21:37:38.130,0.16752156615257263,-0.09911402314901352,-0.09147311747074127,-0.0009037822019308805,0.0010635110083967447,-0.0008722735801711679
2026-03-25 21:37:38.132,0.1636047512292862,-0.09789177030324936,-0.09154962748289108,-0.000739387993235141,0.001188022317364812,-0.0010088322451338172
2026-03-25 21:37:38.134,0.16746872663497925,-0.10186002403497696,-0.07798036187887192,-0.0009391590720042586,0.0009012118098326027,-0.0008639254374429584
2026-03-25 21:37:38.136,0.1638600081205368,-0.09982629120349884,-0.09411340951919556,-0.0009557181620039046,0.0011560097336769104,-0.0008096453966572881
2026-03-25 21:37:38.138,0.16527502238750458,-0.10019625723361969,-0.07433398813009262,-0.0008310952107422054,0.0010049198754131794,-0.0008480347460135818
2026-03-25 21:37:38.140,0.16290809214115143,-0.10750845819711685,-0.07472951710224152,-0.0008966739987954497,0.0010615075007081032,-0.0005700788460671902
2026-03-25 21:37:38.142,0.16735205054283142,-0.11091285198926926,-0.08593486249446869,-0.0009666434489190578,0.0011216325219720602,-0.0007034461013972759
2026-03-25 21:37:38.144,0.1619199514389038,-0.10483982414007187,-0.07146775722503662,-0.0008473274647258222,0.0008897606749087572,-0.0006760888500139117
2026-03-25 21:37:38.146,0.1703680008649826,-0.10828433185815811,-0.07857698202133179,-0.0008368815761059523,0.0009306248975917697,-0.000626382592599839
2026-03-25 21:37:38.148,0.16113902628421783,-0.10812520235776901,-0.08982373028993607,-0.0005851415917277336,0.0009328036103397608,-0.0008316801395267248
2026-03-25 21:37:38.150,0.1656728833913803,-0.10494308918714523,-0.07050913572311401,-0.0004385606443975121,0.001281759818084538,-0.001170469680801034
2026-03-25 21:37:38.152,0.20815685391426086,-0.09393472969532013,-0.05806022137403488,-0.0006229120772331953,0.0016538077034056187,-0.0010127375135198236
2026-03-25 21:37:38.154,0.21998877823352814,-0.09367943555116653,-0.04361122474074364,-0.0005353990709409118,0.0016518700867891312,-0.0010802876204252243
2026-03-25 21:37:38.156,0.2148546278476715,-0.10778249055147171,-0.0689927339553833,-0.0005673197447322309,0.0018118320731446147,-0.0013462736969813704
2026-03-25 21:37:38.158,0.1752910614013672,-0.11927811056375504,-0.07233306020498276,-0.00035985265276394784,0.0014353144215419888,-0.0014124700101092458
2026-03-25 21:37:38.160,0.16909363865852356,-0.11500607430934906,-0.08036569505929947,-0.00044452055590227246,0.0013344802428036928,-0.0012186540989205241
2026-03-25 21:37:38.162,0.18716400861740112,-0.1021730974316597,-0.08673901110887527,-0.0006803276482969522,0.0013386121718212962,-0.0011327833635732532
2026-03-25 21:37:38.164,0.19283224642276764,-0.09231122583150864,-0.058950018137693405,-0.0009383651195093989,0.001168895629234612,-0.0005831856979057193
2026-03-25 21:37:38.166,0.20675821602344513,-0.1216273158788681,-0.06842599809169769,-0.00038568751187995076,0.0016791586531326175,-0.0012899262364953756
2026-03-25 21:37:38.168,0.1840853989124298,-0.10731304436922073,-0.09815365821123123,-0.0008974028169177473,0.001437915489077568,-0.0006921664462424815
2026-03-25 21:37:38.170,0.1458102911710739,-0.10274026542901993,-0.06792226433753967,-0.000819161650724709,0.0008154080132953823,-0.0008103702566586435
2026-03-25 21:37:38.173,0.18610772490501404,-0.10989619791507721,-0.08364535868167877,-0.0004126251151319593,0.001494110794737935,-0.0007645359728485346
2026-03-25 21:37:38.175,0.19583460688591003,-0.11723601073026657,-0.06773106753826141,-0.0009157911408692598,0.0014610624639317393,-0.0005854677874594927
2026-03-25 21:37:38.177,0.18752235174179077,-0.11641193926334381,-0.0699426680803299,-0.0004351935349404812,0.00151236227247864,-0.000931148009840399
2026-03-25 21:37:38.179,0.18267084658145905,-0.11515208333730698,-0.07734204083681107,-0.0005774303572252393,0.0013367750216275454,-0.0007633431814610958
2026-03-25 21:37:38.181,0.1794942021369934,-0.11364749073982239,-0.08812154084444046,-0.0010697899851948023,0.0011672242544591427,-0.0006807667668908834
2026-03-25 21:37:38.183,0.18535804748535156,-0.10703792423009872,-0.0775277391076088,-0.0009977455483749509,0.00126924819778651,-0.0006212071748450398
2026-03-25 21:37:38.185,0.18863935768604279,-0.11110090464353561,-0.06938065588474274,-0.0007042053039185703,0.0012332773767411709,-0.0007216209196485579
2026-03-25 21:37:38.187,0.19823086261749268,-0.11188765615224838,-0.07832919806241989,-0.0005620454903692007,0.0013869426911696792,-0.00074121227953583
2026-03-25 21:37:38.189,0.17681704461574554,-0.11391112953424454,-0.06835892051458359,-0.0007202759734354913,0.0013239218387752771,-0.0005512511706911027
2026-03-25 21:37:38.191,0.18366122245788574,-0.10987535864114761,-0.08707929402589798,-0.0008639061124995351,0.001197153702378273,-0.00040682204416953027
2026-03-25 21:37:38.193,0.18255841732025146,-0.1162477657198906,-0.07651012390851974,-0.0009527630172669888,0.0012266605626791716,-0.0005188114009797573
2026-03-25 21:37:38.195,0.17728596925735474,-0.11267124116420746,-0.07646195590496063,-0.0009688163991086185,0.0012645263923332095,-0.00043540261685848236
2026-03-25 21:37:38.197,0.183272123336792,-0.10947612673044205,-0.07951229810714722,-0.0005359087372198701,0.001429022871889174,-0.0004944164538756013
2026-03-25 21:37:38.199,0.18333673477172852,-0.11593892425298691,-0.07647393643856049,-0.0008878324879333377,0.0010425143409520388,-0.000533322396222502
2026-03-25 21:37:38.201,0.1775537133216858,-0.11410364508628845,-0.08130829781293869,-0.001021069590933621,0.001124593778513372,-0.000411951303249225
2026-03-25 21:37:38.203,0.16903966665267944,-0.11644728481769562,-0.08574126660823822,-0.0008361308136954904,0.0011180780129507184,-0.0006395592936314642
2026-03-25 21:37:38.205,0.17587117850780487,-0.11543426662683487,-0.09494441002607346,-0.0007585694547742605,0.001398417167365551,-0.0006926975911483169
2026-03-25 21:37:38.207,0.17580381035804749,-0.10568800568580627,-0.08217635750770569,-0.001288602128624916,0.001243105623871088,-0.00039402523543685675
2026-03-25 21:37:38.209,0.18037089705467224,-0.11167863011360168,-0.09113513678312302,-0.0010910367127507925,0.0010360267478972673,-0.0006325046997517347
2026-03-25 21:37:38.211,0.18192988634109497,-0.11826175451278687,-0.10288579016923904,-0.0006364816217683256,0.0010782243916764855,-0.0005818170611746609
2026-03-25 21:37:38.213,0.17093026638031006,-0.10549572855234146,-0.10108456015586853,-0.0008752309950068593,0.0010668346658349037,-0.000396659888792783
2026-03-25 21:37:38.215,0.1781114935874939,-0.10469009727239609,-0.08831354230642319,-0.0007630322361364961,0.0011700959876179695,-0.0005857489886693656
2026-03-25 21:37:38.217,0.1686466932296753,-0.1000816822052002,-0.10369368642568588,-0.0008153964881785214,0.0013455143198370934,-0.0005789624992758036
2026-03-25 21:37:38.219,0.15541331470012665,-0.10497129708528519,-0.10548976063728333,-0.0008412384777329862,0.0010113973403349519,-0.0007282665465027094
2026-03-25 21:37:38.221,0.1527448147535324,-0.10698897391557693,-0.0958191454410553,-0.0008502383134327829,0.0007709773490205407,-0.0009386502206325531
2026-03-25 21:37:38.223,0.16297459602355957,-0.10726862400770187,-0.1019464060664177,-0.0009065757622011006,0.0009762994013726711,-0.0008116987301036716
2026-03-25 21:37:38.225,0.17560076713562012,-0.09578896313905716,-0.09959493577480316,-0.0008319346234202385,0.0010298837441951036,-0.0007789763621985912
2026-03-25 21:37:38.227,0.1700916737318039,-0.10007087886333466,-0.09365370869636536,-0.0009755499777384102,0.000919997924938798,-0.000779823400080204
2026-03-25 21:37:38.229,0.1683439314365387,-0.10392548888921738,-0.11055959761142731,-0.0007512387237511575,0.0010173586197197437,-0.0007640845724381506
2026-03-25 21:37:38.231,0.150985985994339,-0.09829878062009811,-0.10506953299045563,-0.0007643583812750876,0.0008277779561467469,-0.0008033507619984448
2026-03-25 21:37:38.233,0.1556888222694397,-0.1044461578130722,-0.11791478097438812,-0.0008114248630590737,0.0009632191504351795,-0.0007651526830159128
2026-03-25 21:37:38.234,0.1608065664768219,-0.10644852370023727,-0.10305487364530563,-0.0008033165941014886,0.0008864858536981046,-0.0007695869426243007
2026-03-25 21:37:38.236,0.1471681147813797,-0.10388781875371933,-0.09862752258777618,-0.0005150876822881401,0.0009562456980347633,-0.0010680889245122671
2026-03-25 21:37:38.238,0.1521623134613037,-0.10459152609109879,-0.11233972012996674,-0.0008685846696607769,0.0008595749386586249,-0.0007357734721153975
2026-03-25 21:37:38.240,0.15895937383174896,-0.09900663793087006,-0.12314087897539139,-0.0009247261332347989,0.0008017712389118969,-0.0006460633594542742
2026-03-25 21:37:38.242,0.15695463120937347,-0.10684502869844437,-0.10967252403497696,-0.0006608451367355883,0.0009926166385412216,-0.0008309967233799398
2026-03-25 21:37:38.244,0.14348144829273224,-0.10101224482059479,-0.10449305176734924,-0.0008081860141828656,0.0006024821777828038,-0.0005194765399210155
2026-03-25 21:37:38.246,0.15445388853549957,-0.10893313586711884,-0.12094438076019287,-0.0006758082890883088,0.0008322296780534089,-0.0007690569036640227
2026-03-25 21:37:38.248,0.1493884027004242,-0.10652633011341095,-0.12042459845542908,-0.0008506922167725861,0.0008965331362560391,-0.0008998966077342629
2026-03-25 21:37:38.250,0.14880016446113586,-0.09624557197093964,-0.11458446085453033,-0.0008194986148737371,0.0008228448568843305,-0.0007507337722927332
2026-03-25 21:37:38.252,0.16435769200325012,-0.11278707534074783,-0.1320149004459381,-0.0006793872453272343,0.0009127009543590248,-0.0008828058489598334
2026-03-25 21:37:38.254,0.15334108471870422,-0.11022704839706421,-0.12184351682662964,-0.0006889094947837293,0.0007624379359185696,-0.0008279514731839299
2026-03-25 21:37:38.256,0.14536188542842865,-0.10685652494430542,-0.12799528241157532,-0.000764272001106292,0.0008198160212486982,-0.000862102722749114
2026-03-25 21:37:38.258,0.167373389005661,-0.10871121287345886,-0.1268032342195511,-0.0007697591208852828,0.0010203305864706635,-0.0009761049295775592
2026-03-25 21:37:38.260,0.16025729477405548,-0.10908839106559753,-0.11949270218610764,-0.0005592612433247268,0.0009812085190787911,-0.0008513205102644861
2026-03-25 21:37:38.262,0.1444263607263565,-0.11256159096956253,-0.11679498851299286,-0.0007021557539701462,0.0007475304300896823,-0.0009767772862687707
2026-03-25 21:37:38.264,0.15407465398311615,-0.1114729717373848,-0.12867151200771332,-0.0005176054546609521,0.0006767141749151051,-0.000720937445294112
2026-03-25 21:37:38.266,0.16500705480575562,-0.11184698343276978,-0.1461103856563568,-0.0006850786739960313,0.0008312608115375042,-0.0006204760866239667
2026-03-25 21:37:38.268,0.14996084570884705,-0.10217117518186569,-0.10132383555173874,-0.0008850916638039052,0.0006856631953269243,-0.00040518585592508316
2026-03-25 21:37:38.270,0.16284887492656708,-0.10810141265392303,-0.1192871481180191,-0.0008124395390041173,0.0011829492868855596,-0.00037968321703374386
2026-03-25 21:37:38.272,0.16607822477817535,-0.1191648319363594,-0.11760792881250381,-0.0007230297778733075,0.0009432779625058174,-0.0006792554631829262
2026-03-25 21:37:38.274,0.14888650178909302,-0.1159072145819664,-0.11989784985780716,-0.0007007393287494779,0.0007632114575244486,-0.0007393912528641522
2026-03-25 21:37:38.276,0.1465590000152588,-0.11720174551010132,-0.11700864136219025,-0.0007840578909963369,0.0007378850714303553,-0.0007129492587409914
2026-03-25 21:37:38.278,0.15122520923614502,-0.11935343593358994,-0.11931712925434113,-0.0006390031194314361,0.0007532640593126416,-0.0008516607340425253
2026-03-25 21:37:38.280,0.17249231040477753,-0.11610515415668488,-0.14480744302272797,-0.0006986344233155251,0.000911993149202317,-0.0006669265567325056
2026-03-25 21:37:38.282,0.15627087652683258,-0.11445794254541397,-0.11814971268177032,-0.0008288141107186675,0.0008957541431300342,-0.0005426882999017835
2026-03-25 21:37:38.284,0.16958598792552948,-0.1218092143535614,-0.12738506495952606,-0.000861502077896148,0.0009776005754247308,-0.0008105906308628619
2026-03-25 21:37:38.286,0.164533331990242,-0.12332252413034439,-0.12381204217672348,-0.00045323040103539824,0.0010401119943708181,-0.0007127654389478266
2026-03-25 21:37:38.288,0.1489804983139038,-0.1210809051990509,-0.10832945257425308,-0.000525962735991925,0.000829467608127743,-0.0006878504646010697
2026-03-25 21:37:38.290,0.1511138677597046,-0.11642131954431534,-0.12821051478385925,-0.000577146012801677,0.0008555727545171976,-0.0005876484210602939
2026-03-25 21:37:38.292,0.16351713240146637,-0.1272762268781662,-0.13004890084266663,-0.00034790669451467693,0.0008056699298322201,-0.0006456004339270294
2026-03-25 21:37:38.294,0.15054363012313843,-0.12169976532459259,-0.1272493153810501,-0.0005864943959750235,0.0007899788906797767,-0.0007756129489280283
2026-03-25 21:37:38.296,0.1492198258638382,-0.11531394720077515,-0.12981078028678894,-0.0005227013025432825,0.0009788547176867723,-0.0005264945793896914
2026-03-25 21:37:38.298,0.1286483258008957,-0.10914045572280884,-0.1461745947599411,-0.0015158761525526643,0.000731027452275157,0.0014104987494647503
2026-03-25 21:37:38.300,-0.3349153697490692,-0.18052378296852112,-0.24970121681690216,-0.0013488043332472444,-0.009443648159503937,0.0020691044628620148
2026-03-25 21:37:38.302,-0.45724427700042725,-0.14508479833602905,-0.3308221101760864,4.287944466341287e-05,-0.007302193436771631,0.0020035794004797935
2026-03-25 21:37:38.304,-0.0065310331992805,-0.18777942657470703,-0.30374035239219666,-0.0008727746899239719,-0.0013231371995061636,-0.0012962522450834513
2026-03-25 21:37:38.306,0.33632346987724304,-0.19617894291877747,-0.3441472351551056,0.0009095123969018459,0.0038322866894304752,-0.0035407068207859993
2026-03-25 21:37:38.308,0.2912372350692749,-0.10487909615039825,-0.12950211763381958,-0.0008101534913294017,0.0022829382214695215,-0.0013828303199261427
2026-03-25 21:37:38.310,0.04860885441303253,-0.0077005410566926,0.02244262956082821,-0.002461089286953211,0.00018689986609388143,-0.00036805527633987367
2026-03-25 21:37:38.312,0.28544074296951294,-0.09766851365566254,-0.213169127702713,-0.0005493166390806437,0.002401285106316209,-0.001564753009006381
2026-03-25 21:37:38.314,0.18166297674179077,-0.10962684452533722,-0.13850794732570648,-7.08644074620679e-06,0.0008774125017225742,-0.0019634440541267395
2026-03-25 21:37:38.316,0.09563951939344406,-0.07045561820268631,-0.060435932129621506,-0.0009665652178227901,0.0003236312768422067,-0.0012130443938076496
2026-03-25 21:37:38.318,0.2067895084619522,-0.08222183585166931,-0.12141507118940353,-0.0006989653338678181,0.0017312035197392106,-0.0015931482193991542
2026-03-25 21:37:38.320,0.2267308533191681,-0.08019401133060455,-0.1058415025472641,-0.000942532264161855,0.0016048670513555408,-0.0016250392654910684
2026-03-25 21:37:38.322,0.21946601569652557,-0.053062669932842255,-0.1136634573340416,-0.001867994200438261,0.0015850146301090717,-0.000765780103392899
2026-03-25 21:37:38.324,0.0764707401394844,-0.06666303426027298,-0.11874467134475708,-0.0015654037706553936,-0.0003588465915527195,-0.000629220565315336
2026-03-25 21:37:38.326,0.09519331902265549,-0.1245589628815651,-0.21385054290294647,-0.00025181801174767315,0.00024159341410268098,-0.0013660499826073647
2026-03-25 21:37:38.329,-0.0018019331619143486,-0.09770172834396362,-0.19646692276000977,-0.0008946883608587086,-0.0016264618607237935,-0.000712168519385159
2026-03-25 21:37:38.331,0.07903516292572021,-0.07714810967445374,-0.24610461294651031,-0.0017839402426034212,-0.0004433401918504387,-0.0002774112217593938
2026-03-25 21:37:38.333,0.09236741065979004,-0.06229865550994873,-0.16670584678649902,-0.0013383947080001235,8.826226985547692e-05,-0.0012315450003370643
2026-03-25 21:37:38.335,0.13344796001911163,-0.049730829894542694,-0.12349992990493774,-0.0017520561814308167,0.0006370462360791862,-0.0010968709830194712
2026-03-25 21:37:38.337,0.26542678475379944,-0.08167886734008789,-0.14843684434890747,-0.0008119722479023039,0.0022724398877471685,-0.0016778090503066778
2026-03-25 21:37:38.339,0.20032253861427307,-0.08415351808071136,-0.08901108056306839,-0.00035201560240238905,0.001572794746607542,-0.002042365726083517
2026-03-25 21:37:38.341,0.16111426055431366,-0.052281517535448074,-0.11585111171007156,-0.0011296438751742244,0.0009061857126653194,-0.0016486506210640073
2026-03-25 21:37:38.343,0.18103979527950287,-0.04220973327755928,-0.1453815996646881,-0.0014655317645519972,0.0014423821121454239,-0.001453980221413076
2026-03-25 21:37:38.345,0.14079159498214722,-0.03428278863430023,-0.14603620767593384,-0.002124475548043847,0.00025202249526046216,-0.0006486338097602129
2026-03-25 21:37:38.347,0.07589907199144363,-0.06848398596048355,-0.17836812138557434,-0.001302739605307579,-2.876680991903413e-05,-0.0010641656117513776
2026-03-25 21:37:38.349,0.06878165900707245,-0.08299398422241211,-0.17588362097740173,-0.0011390344006940722,-0.0004647837777156383,-0.001076128100976348
2026-03-25 21:37:38.351,0.11196985095739365,-0.06862565875053406,-0.20014716684818268,-0.0010782459285110235,0.00012658147898036987,-0.0008291465346701443
2026-03-25 21:37:38.353,0.12872867286205292,-0.04711063951253891,-0.15482336282730103,-0.0018798860255628824,0.00031828120700083673,-0.0008403499377891421
2026-03-25 21:37:38.355,0.16892337799072266,-0.04883650317788124,-0.13405312597751617,-0.0014029665617272258,0.001407132251188159,-0.0013064611703157425
2026-03-25 21:37:38.357,0.1918431669473648,-0.06112423166632652,-0.11431841552257538,-0.0014287643134593964,0.0014746572123840451,-0.0014837532071396708
2026-03-25 21:37:38.359,0.210743710398674,-0.07336004823446274,-0.11465583741664886,-0.0011227537179365754,0.0013460045447573066,-0.001637189881876111
2026-03-25 21:37:38.361,0.17860108613967896,-0.07139413058757782,-0.1343221813440323,-0.0010392869589850307,0.001059592585079372,-0.001652848208323121
2026-03-25 21:37:38.363,0.13656796514987946,-0.06385540217161179,-0.14536648988723755,-0.0016190921887755394,0.0005080932169221342,-0.0008114597876556218
2026-03-25 21:37:38.365,0.1080423891544342,-0.06591787934303284,-0.1704864501953125,-0.00144271703902632,0.00022728063049726188,-0.0006696631899103522
2026-03-25 21:37:38.367,0.11591936647891998,-0.07163883745670319,-0.18000896275043488,-0.0013648939784616232,0.00022211736359167844,-0.0005601737648248672
2026-03-25 21:37:38.369,0.10746031999588013,-0.08070353418588638,-0.16598109900951385,-0.0014138811966404319,0.00020141268032602966,-0.0005035130307078362
2026-03-25 21:37:38.371,0.16364923119544983,-0.0817650705575943,-0.11611932516098022,-0.0010889290133491158,0.0009503641631454229,-0.0008601071313023567
2026-03-25 21:37:38.373,0.20253130793571472,-0.0931038185954094,-0.10934387147426605,-0.0010579867521300912,0.0013398142764344811,-0.0008545307791791856
2026-03-25 21:37:38.375,0.19225813448429108,-0.08128345757722855,-0.08197777718305588,-0.0010211484041064978,0.001429112977348268,-0.0009464047034271061
2026-03-25 21:37:38.377,0.19293619692325592,-0.0933406725525856,-0.11372879147529602,-0.0008379925275221467,0.0016175208147615194,-0.001115579390898347
2026-03-25 21:37:38.379,0.20065586268901825,-0.10227257013320923,-0.1264553666114807,-0.0007487953989766538,0.0014412509044632316,-0.0009876276599243283
2026-03-25 21:37:38.381,0.1790352761745453,-0.10662028193473816,-0.11986047029495239,-0.0009832162177190185,0.0011988007463514805,-0.00026853420422412455
2026-03-25 21:37:38.383,0.13350676000118256,-0.1257045567035675,-0.13993461430072784,-0.0008036402869038284,0.0004716709954664111,-0.00040719925891608
2026-03-25 21:37:38.385,0.11189302802085876,-0.13294321298599243,-0.16459126770496368,-0.00040590972639620304,0.00021578167797997594,-0.0006068295333534479
2026-03-25 21:37:38.388,0.09176227450370789,-0.1231391578912735,-0.15804070234298706,-0.0007687890320084989,1.8975692000822164e-05,-0.00046615503379143775
2026-03-25 21:37:38.390,0.1045227199792862,-0.11543095856904984,-0.14189249277114868,-0.0011686526704579592,0.00021643468062393367,-1.4702231965202373e-06
2026-03-25 21:37:38.392,0.18054626882076263,-0.12201973795890808,-0.1424131691455841,-0.0007653727661818266,0.0010870419209823012,-0.0003906823112629354
2026-03-25 21:37:38.394,0.19706496596336365,-0.11420762538909912,-0.11591221392154694,-0.000566275673918426,0.0012380192056298256,-0.0005056288209743798
2026-03-25 21:37:38.396,0.1827450394630432,-0.12231753021478653,-0.08392977714538574,-0.0006679255166091025,0.001381587004289031,-0.00045442450209520757
2026-03-25 21:37:38.398,0.1793116331100464,-0.1282760500907898,-0.11018837988376617,-0.0003420919238124043,0.0012861366849392653,-0.0008358987979590893
2026-03-25 21:37:38.400,0.15920710563659668,-0.12587472796440125,-0.11981748044490814,-0.00039729426498524845,0.0008914852514863014,-0.0008285631192848086
2026-03-25 21:37:38.402,0.1548050194978714,-0.11093670129776001,-0.12484949082136154,-0.0009695561602711678,0.0011359616182744503,-0.0005151786026544869
2026-03-25 21:37:38.405,0.1911335289478302,-0.1146424263715744,-0.10886242985725403,-0.0006493312539532781,0.0015301500679925084,-0.00048786893603391945
2026-03-25 21:37:38.407,0.2107277512550354,-0.14142249524593353,-0.1120048239827156,-0.00047095000627450645,0.0017021847888827324,-0.000544636626727879
2026-03-25 21:37:38.409,0.1758018434047699,-0.14573033154010773,-0.10456676036119461,-8.743420767132193e-05,0.0012601413764059544,-0.0007829150999896228
2026-03-25 21:37:38.411,0.14525340497493744,-0.13933420181274414,-0.12557688355445862,-0.00028429660596884787,0.0009819155093282461,-0.0006261288654059172
2026-03-25 21:37:38.413,0.15267471969127655,-0.1267029494047165,-0.13300710916519165,-0.000636377721093595,0.0009305430576205254,-0.0003712381876539439
2026-03-25 21:37:38.415,0.18824036419391632,-0.12256262451410294,-0.1186734214425087,-0.0007951910956762731,0.0012267188867554069,-0.00024315174960065633
2026-03-25 21:37:38.417,0.19653840363025665,-0.13365155458450317,-0.11296695470809937,-0.0008166904444806278,0.001351567218080163,-8.131669164868072e-05
2026-03-25 21:37:38.419,0.1393134891986847,-0.15698876976966858,-0.1310555338859558,-0.00014043728879187256,0.0008966575260274112,-0.0005122939473949373
2026-03-25 21:37:38.421,0.10727181285619736,-0.13316552340984344,-0.12888775765895844,-0.0006514824344776571,0.00027974715339951217,0.00033282762160524726
2026-03-25 21:37:38.423,0.16089123487472534,-0.15494966506958008,-0.13837066292762756,5.4693507991032675e-05,0.0011720516486093402,-0.00040198053466156125
2026-03-25 21:37:38.425,0.1795533299446106,-0.14505834877490997,-0.12003812938928604,-0.00015599108883179724,0.0012631313875317574,-0.00040991828427650034
2026-03-25 21:37:38.427,0.1782304048538208,-0.13399375975131989,-0.09696195274591446,-0.0008924374706111848,0.0012050586519762874,-0.00031501040211878717
2026-03-25 21:37:38.429,0.22255147993564606,-0.13511401414871216,-0.11160707473754883,-0.000291218952042982,0.0016588779399171472,-0.0006110239191912115
2026-03-25 21:37:38.431,0.1508912593126297,-0.1261443793773651,-0.10967018455266953,-0.0005316059105098248,0.001049883896484971,-0.0006731607136316597
2026-03-25 21:37:38.433,0.17401587963104248,-0.13083408772945404,-0.14387977123260498,-0.00048084958689287305,0.0011598209384828806,-0.0006336569786071777
2026-03-25 21:37:38.435,0.1626249998807907,-0.12860380113124847,-0.11399061977863312,-0.0003140612971037626,0.0010621092515066266,-0.0007506725378334522
2026-03-25 21:37:38.438,0.16439926624298096,-0.11834125220775604,-0.12317574769258499,-0.0008098469115793705,0.0009906337363645434,-0.00036521570291370153
2026-03-25 21:37:38.440,0.13838428258895874,-0.12722720205783844,-0.13909481465816498,-0.000585237517952919,0.0006796280504204333,-0.0006573994760401547
2026-03-25 21:37:38.442,0.13085997104644775,-0.1300344169139862,-0.14680948853492737,-0.0004518425848800689,0.000613843381870538,-0.0007512198644690216
2026-03-25 21:37:38.444,0.13053512573242188,-0.12437449395656586,-0.13243238627910614,-0.0004928052076138556,0.0004977425560355186,-0.0005122772417962551
2026-03-25 21:37:38.446,0.14781105518341064,-0.11574213206768036,-0.13505704700946808,-0.00025662127882242203,0.0007856143638491631,-0.0006224774406291544
2026-03-25 21:37:38.448,0.16453416645526886,-0.10937812179327011,-0.1345691829919815,-0.0005306724342517555,0.001097274012863636,-0.0007705485331825912
2026-03-25 21:37:38.450,0.15583720803260803,-0.09517443925142288,-0.10229469835758209,-0.0010513730812817812,0.0011363046942278743,-0.0006366608431562781
2026-03-25 21:37:38.452,0.1967245489358902,-0.10503651946783066,-0.12110288441181183,-0.0008699996396899223,0.001255959621630609,-0.0007548900903202593
2026-03-25 21:37:38.455,0.17815014719963074,-0.10416446626186371,-0.12813551723957062,-0.0008432649774476886,0.0012755413772538304,-0.0007591485627926886
2026-03-25 21:37:38.457,0.14717735350131989,-0.10789152979850769,-0.134291872382164,-0.0007630818872712553,0.0009303847327828407,-0.0010078481864184141
2026-03-25 21:37:38.459,0.1344360113143921,-0.10859472304582596,-0.1379319131374359,-0.0007577320793643594,0.0007220592233352363,-0.0010634615318849683
2026-03-25 21:37:38.461,0.13314953446388245,-0.10798217356204987,-0.1566874384880066,-0.0008904316928237677,0.0006169642438180745,-0.0007307446794584394
2026-03-25 21:37:38.463,0.14756986498832703,-0.10912543535232544,-0.1597645878791809,-0.0008170988294295967,0.0006746196886524558,-0.0007336149574257433
2026-03-25 21:37:38.465,0.1316392868757248,-0.11203309148550034,-0.1462734490633011,-0.0006277611246332526,0.0005733129801228642,-0.0007249875925481319
2026-03-25 21:37:38.467,0.1369856894016266,-0.10512254387140274,-0.1441994309425354,-0.0005525560118257999,0.0005838037468492985,-0.0008684525964781642
2026-03-25 21:37:38.469,0.14836843311786652,-0.09414928406476974,-0.13502255082130432,-0.0006732718902640045,0.0008230234961956739,-0.0009669829742051661
2026-03-25 21:37:38.471,0.16563034057617188,-0.08595936000347137,-0.11985737830400467,-0.001011247979477048,0.0009708899888209999,-0.001158782746642828
2026-03-25 21:37:38.473,0.16125214099884033,-0.08031457662582397,-0.1329285353422165,-0.0010956968180835247,0.0009953239932656288,-0.0010008603567257524
2026-03-25 21:37:38.475,0.18194793164730072,-0.08867941796779633,-0.147118479013443,-0.0008242747862823308,0.0012260031653568149,-0.001210156362503767
2026-03-25 21:37:38.477,0.1409059315919876,-0.0941675677895546,-0.12669722735881805,-0.0008985555614344776,0.000630536291282624,-0.000977221061475575
2026-03-25 21:37:38.479,0.12638452649116516,-0.0898498147726059,-0.15226306021213531,-0.000634332187473774,0.0005143097369000316,-0.001068592886440456
2026-03-25 21:37:38.481,0.12011559307575226,-0.09772320836782455,-0.15853340923786163,-0.0009963270276784897,0.0005039033712819219,-0.0011062270496040583
2026-03-25 21:37:38.483,0.1354738473892212,-0.08846375346183777,-0.17646028101444244,-0.0009349690517410636,0.00043945113429799676,-0.0010678631952032447
2026-03-25 21:37:38.485,0.1285925954580307,-0.07715383172035217,-0.15525470674037933,-0.001121768495067954,0.00030517089180648327,-0.0009918126743286848
2026-03-25 21:37:38.488,0.13217881321907043,-0.07544391602277756,-0.15477214753627777,-0.0010680023115128279,0.0008717398741282523,-0.0008133721421472728
2026-03-25 21:37:38.490,0.14983825385570526,-0.07953668385744095,-0.14735323190689087,-0.0010190933244302869,0.0008682768675498664,-0.0009989752434194088
2026-03-25 21:37:38.492,0.16561776399612427,-0.0894114151597023,-0.1364155113697052,-0.0007184740388765931,0.0006902290624566376,-0.0013230738695710897
2026-03-25 21:37:38.494,0.16538478434085846,-0.085486501455307,-0.13686804473400116,-0.0006521148607134819,0.001209193142130971,-0.0013867933303117752
2026-03-25 21:37:38.496,0.15100188553333282,-0.06803561747074127,-0.12800130248069763,-0.001196621567942202,0.0007363149779848754,-0.0009895253460854292
2026-03-25 21:37:38.498,0.1702616661787033,-0.0687590017914772,-0.16096927225589752,-0.001291415304876864,0.0011122020659968257,-0.0007891187560744584
2026-03-25 21:37:38.500,0.12662383913993835,-0.07138176262378693,-0.13054144382476807,-0.001055506756529212,0.0005646923673339188,-0.000988466083072126
2026-03-25 21:37:38.502,0.12197121232748032,-0.09877754002809525,-0.14971989393234253,-0.0008665777277201414,0.0005797180929221213,-0.0009133931598626077
2026-03-25 21:37:38.505,0.13047118484973907,-0.10115161538124084,-0.14957427978515625,-0.0007134390762075782,0.000488129211589694,-0.0011150336358696222
2026-03-25 21:37:38.507,0.14217138290405273,-0.08401181548833847,-0.14421352744102478,-0.0012720002559944987,0.0006851146463304758,-0.0008034522761590779
2026-03-25 21:37:38.509,0.14899252355098724,-0.06872329115867615,-0.1453661024570465,-0.0012692002346739173,0.0005333246663212776,-0.0009067212813533843
2026-03-25 21:37:38.511,0.1591583639383316,-0.08152629435062408,-0.1403626650571823,-0.0011804052628576756,0.000925511063542217,-0.0009670934523455799
2026-03-25 21:37:38.513,0.16368265450000763,-0.08489888906478882,-0.14033830165863037,-0.0009504679474048316,0.0010308625642210245,-0.0007465544040314853
2026-03-25 21:37:38.515,0.1607079803943634,-0.1026996374130249,-0.14059662818908691,-0.0005254948046058416,0.0008397843921557069,-0.0011270258110016584
2026-03-25 21:37:38.517,0.1584126353263855,-0.10190322995185852,-0.13863505423069,-0.0005547160399146378,0.0009055437403731048,-0.0010874016443267465
2026-03-25 21:37:38.519,0.1286691129207611,-0.0802059918642044,-0.1265137940645218,-0.0012184299994260073,0.000700152653735131,-0.000642257509753108
2026-03-25 21:37:38.521,0.1491735279560089,-0.09284945577383041,-0.136907696723938,-0.0010210920590907335,0.001028740662150085,-0.0007816762081347406
2026-03-25 21:37:38.523,0.1418289691209793,-0.09984172135591507,-0.13114964962005615,-0.0008572578080929816,0.0009625874226912856,-0.0007368447841145098
2026-03-25 21:37:38.525,0.14624540507793427,-0.10260600596666336,-0.12409540265798569,-0.0008290596306324005,0.0006071847747080028,-0.0008188483188860118
2026-03-25 21:37:38.527,0.1707635372877121,-0.09540804475545883,-0.1350121647119522,-0.0008680192986503243,0.0010461347410455346,-0.0008792789885774255
2026-03-25 21:37:38.529,0.16849151253700256,-0.0825178399682045,-0.1274666041135788,-0.0011525620939210057,0.0010410500690340996,-0.0006429775967262685
2026-03-25 21:37:38.531,0.15711580216884613,-0.0863705724477768,-0.13931940495967865,-0.0012978053418919444,0.0009845112217590213,-0.0007462138310074806
2026-03-25 21:37:38.533,0.16721051931381226,-0.1012490838766098,-0.14124882221221924,-0.0008977733668871224,0.0011677539441734552,-0.0007220978732220829
2026-03-25 21:37:38.535,0.1395091861486435,-0.1037500649690628,-0.13615046441555023,-0.0008016697829589248,0.0008007301948964596,-0.0007004875806160271
2026-03-25 21:37:38.538,0.1380520910024643,-0.10007961094379425,-0.14891627430915833,-0.0005499867256730795,0.0007496198522858322,-0.000704317179042846
2026-03-25 21:37:38.540,0.13143201172351837,-0.10516533255577087,-0.1300462782382965,-0.0005973653169348836,0.0005697063752450049,-0.000799837289378047
2026-03-25 21:37:38.542,0.15270216763019562,-0.10691282153129578,-0.13640102744102478,-0.0007927538827061653,0.0008708156528882682,-0.000670987123157829
2026-03-25 21:37:38.544,0.15914827585220337,-0.1091693714261055,-0.1344846487045288,-0.0008785215322859585,0.0008270572870969772,-0.0008944839937612414
2026-03-25 21:37:38.547,0.1553085595369339,-0.10535089671611786,-0.1252160519361496,-0.0009781275875866413,0.0007823104970157146,-0.0006020894506946206
2026-03-25 21:37:38.549,0.17203794419765472,-0.10038881003856659,-0.13873417675495148,-0.0006602291250601411,0.001052033039741218,-0.0007848786190152168
2026-03-25 21:37:38.551,0.17170976102352142,-0.10430468618869781,-0.12907955050468445,-0.0006921325111761689,0.0009212145232595503,-0.0007393830455839634
2026-03-25 21:37:38.553,0.17794865369796753,-0.11180643737316132,-0.13259656727313995,-0.0005651436513289809,0.0011746607488021255,-0.0009797037346288562
2026-03-25 21:37:38.555,0.14771384000778198,-0.10449643433094025,-0.12313488125801086,-0.0009209139388985932,0.0007328558713197708,-0.0007572554750367999
2026-03-25 21:37:38.557,0.15012770891189575,-0.11242184042930603,-0.13860872387886047,-0.0007990797166712582,0.0009829901391640306,-0.0007483171648345888
2026-03-25 21:37:38.559,0.13479535281658173,-0.12119944393634796,-0.1320275515317917,-0.00044973642798140645,0.0009242526139132679,-0.000602692598477006
2026-03-25 21:37:38.561,0.13515782356262207,-0.12045496702194214,-0.12965592741966248,-0.00038772643893025815,0.0006026567425578833,-0.0007513515884056687
2026-03-25 21:37:38.562,0.15148839354515076,-0.12334346026182175,-0.14549222588539124,-0.0004319402505643666,0.0007926507969386876,-0.0007241896237246692
2026-03-25 21:37:38.564,0.1549701690673828,-0.11789437383413315,-0.1369638293981552,-0.0005617262795567513,0.0006930330418981612,-0.0005219835438765585
2026-03-25 21:37:38.566,0.16330651938915253,-0.10827434808015823,-0.11893250793218613,-0.0006208813865669072,0.0009437784901820123,-0.0006988684763200581
2026-03-25 21:37:38.568,0.16138768196105957,-0.1080896258354187,-0.11894260346889496,-0.0005792376468889415,0.0010626015719026327,-0.0006779704126529396
2026-03-25 21:37:38.571,0.16356059908866882,-0.10964076220989227,-0.12555888295173645,-0.0006736853392794728,0.0011103475699201226,-0.0007609655731357634
2026-03-25 21:37:38.573,0.16171284019947052,-0.10974365472793579,-0.12775324285030365,-0.0008448137668892741,0.0010273937368765473,-0.0006560687907040119
2026-03-25 21:37:38.575,0.1649654060602188,-0.10850174725055695,-0.1268875002861023,-0.0008762397919781506,0.0008903326233848929,-0.0007691056816838682
2026-03-25 21:37:38.577,0.14716269075870514,-0.11270741373300552,-0.12300876528024673,-0.0008061421103775501,0.0009593713330104947,-0.0008115360396914184
2026-03-25 21:37:38.579,0.14635160565376282,-0.10966331511735916,-0.1388070434331894,-0.00077140360372141,0.0008328460971824825,-0.000788122764788568
2026-03-25 21:37:38.581,0.14569160342216492,-0.10846138000488281,-0.13792240619659424,-0.0005521504790522158,0.0007377052097581327,-0.0008162958547472954
2026-03-25 21:37:38.583,0.14109665155410767,-0.11277558654546738,-0.13626039028167725,-0.0006916874554008245,0.0007969065918587148,-0.000776931585278362
2026-03-25 21:37:38.585,0.1522994041442871,-0.11799333244562149,-0.1369718462228775,-0.000617930490989238,0.0009161631460301578,-0.0008417669450864196
2026-03-25 21:37:38.588,0.15184436738491058,-0.11223197728395462,-0.129240944981575,-0.00043245661072432995,0.0006621888605877757,-0.0006294501363299787
2026-03-25 21:37:38.590,0.15474337339401245,-0.1119246631860733,-0.13289624452590942,-0.0007608671439811587,0.0010220680851489305,-0.0008039066451601684
2026-03-25 21:37:38.592,0.1507767140865326,-0.10607597231864929,-0.1346796452999115,-0.0007434839499182999,0.0010471304412931204,-0.0005868385778740048
2026-03-25 21:37:38.594,0.16266891360282898,-0.11142266541719437,-0.12753525376319885,-0.0007350779487751424,0.0011369262356311083,-0.0006272132741287351
2026-03-25 21:37:38.596,0.16661566495895386,-0.10596943646669388,-0.12563903629779816,-0.0007553200121037662,0.0011157072149217129,-0.0005987412296235561
2026-03-25 21:37:38.598,0.1631367951631546,-0.10542287677526474,-0.11658478528261185,-0.0008532617939636111,0.0010102676460519433,-0.0004831685801036656
2026-03-25 21:37:38.600,0.1682322472333908,-0.1155228316783905,-0.13129109144210815,-0.0006828312180005014,0.0010025970404967666,-0.000749024620745331
2026-03-25 21:37:38.602,0.1517285704612732,-0.1170320138335228,-0.13321228325366974,-0.0006117727025412023,0.0007971940794959664,-0.0008443829137831926
2026-03-25 21:37:38.605,0.14382755756378174,-0.11809451133012772,-0.13211418688297272,-0.000602227752096951,0.0008016255451366305,-0.0006999002071097493
2026-03-25 21:37:38.607,0.1423567831516266,-0.12350098788738251,-0.12901410460472107,-0.00046941067557781935,0.0007671856437809765,-0.0006410348578356206
2026-03-25 21:37:38.609,0.14654169976711273,-0.12274080514907837,-0.14230357110500336,-0.00047549765440635383,0.0008274534484371543,-0.0005325736128725111
2026-03-25 21:37:38.611,0.15412330627441406,-0.12617194652557373,-0.13939708471298218,-0.00023859873181208968,0.0007540418300777674,-0.0007051604334264994
2026-03-25 21:37:38.613,0.14994403719902039,-0.1165158748626709,-0.12927879393100739,-0.0005726696108467877,0.00081514788325876,-0.000489027239382267
2026-03-25 21:37:38.615,0.1575806438922882,-0.11060567200183868,-0.13319554924964905,-0.000695079448632896,0.0011078593088313937,-0.0006714906776323915
2026-03-25 21:37:38.617,0.16771377623081207,-0.11049745976924896,-0.1317501813173294,-0.0008149025961756706,0.0009756915387697518,-0.0005646946374326944
2026-03-25 21:37:38.619,0.15831826627254486,-0.11151738464832306,-0.12401512265205383,-0.000842330395244062,0.0010051088174805045,-0.000586156384088099
2026-03-25 21:37:38.621,0.16027875244617462,-0.11484058946371078,-0.12571397423744202,-0.0005693739512935281,0.000916299584787339,-0.00068243796704337
2026-03-25 21:37:38.623,0.16983382403850555,-0.1180436983704567,-0.12908490002155304,-0.0005600759177468717,0.0009423287119716406,-0.0008086964953690767
2026-03-25 21:37:38.625,0.14970704913139343,-0.11047887057065964,-0.1238999143242836,-0.0007698987610638142,0.0008933624485507607,-0.0007766904891468585
2026-03-25 21:37:38.627,0.16158317029476166,-0.11408552527427673,-0.14008544385433197,-0.0007696604006923735,0.0010926889954134822,-0.0006230931612662971
2026-03-25 21:37:38.630,0.15288123488426208,-0.1128866970539093,-0.14048358798027039,-0.0005773698212578893,0.0008668102673254907,-0.0007453930447809398
2026-03-25 21:37:38.632,0.14312413334846497,-0.1115742176771164,-0.13626641035079956,-0.0005096325185149908,0.0007867497624829412,-0.0007156284991651773
2026-03-25 21:37:38.634,0.15431751310825348,-0.12029121816158295,-0.142940953373909,-0.00073690788121894,0.0009296967764385045,-0.0007963114767335355
2026-03-25 21:37:38.636,0.14337918162345886,-0.11229623854160309,-0.13888227939605713,-0.000568326679058373,0.0006658765487372875,-0.0006218821508809924
2026-03-25 21:37:38.638,0.14373010396957397,-0.11704565584659576,-0.1248452365398407,-0.0006637753685936332,0.001073014340363443,-0.0008254194399341941
2026-03-25 21:37:38.640,0.15125450491905212,-0.10642692446708679,-0.12951111793518066,-0.0007199488463811576,0.0007714532548561692,-0.0007864258950576186
2026-03-25 21:37:38.643,0.16420331597328186,-0.10731013119220734,-0.13508325815200806,-0.0006793276406824589,0.0010459405602887273,-0.000833889702335
2026-03-25 21:37:38.645,0.15362133085727692,-0.1013370081782341,-0.12171103060245514,-0.0006641229265369475,0.0009355262154713273,-0.0007568522123619914
2026-03-25 21:37:38.647,0.1553214192390442,-0.10664069652557373,-0.1212959960103035,-0.0009664106764830649,0.0009706035489216447,-0.0008064393186941743
2026-03-25 21:37:38.649,0.17527344822883606,-0.10789511352777481,-0.1385027915239334,-0.0009664940880611539,0.0009546601795591414,-0.0006401988212019205
2026-03-25 21:37:38.651,0.14196635782718658,-0.10325407981872559,-0.12422887980937958,-0.0009340406977571547,0.0007288409397006035,-0.0006576141458936036
2026-03-25 21:37:38.653,0.1589113473892212,-0.10474153608083725,-0.14470037817955017,-0.0007783588371239603,0.0006661427323706448,-0.0009260093793272972
2026-03-25 21:37:38.655,0.15937955677509308,-0.10333575308322906,-0.14269448816776276,-0.000793740211520344,0.0007175146020017564,-0.0008217887952923775
2026-03-25 21:37:38.657,0.1381307989358902,-0.10801040381193161,-0.13461673259735107,-0.0009245472610928118,0.0006716129137203097,-0.0009165758383460343
2026-03-25 21:37:38.659,0.13978992402553558,-0.1056828573346138,-0.14390581846237183,-0.0009316352079622447,0.0008315229788422585,-0.0008792104199528694
2026-03-25 21:37:38.661,0.1529029756784439,-0.10457046329975128,-0.14333505928516388,-0.0010059340856969357,0.0006303875707089901,-0.000752179475966841
2026-03-25 21:37:38.663,0.14643803238868713,-0.09970405697822571,-0.13921524584293365,-0.0008259094902314246,0.0009705637348815799,-0.0008312413119710982
2026-03-25 21:37:38.665,0.14023315906524658,-0.09483802318572998,-0.1330055147409439,-0.0007695745443925261,0.0009071874665096402,-0.0008302471251226962
2026-03-25 21:37:38.667,0.1586114913225174,-0.09251576662063599,-0.14504848420619965,-0.001017121714539826,0.0008131787180900574,-0.0005840467638336122
2026-03-25 21:37:38.669,0.1647266000509262,-0.09741023927927017,-0.1362137496471405,-0.0008699658792465925,0.0009746496216394007,-0.0007681957795284688
2026-03-25 21:37:38.671,0.1435232311487198,-0.09295105934143066,-0.12220194935798645,-0.0009853324154391885,0.0006388017791323364,-0.0010918315965682268
2026-03-25 21:37:38.673,0.1597764492034912,-0.08189724385738373,-0.14027106761932373,-0.0010243448195979,0.0009372422937303782,-0.0007781967869959772
2026-03-25 21:37:38.675,0.16085027158260345,-0.09116324782371521,-0.12849095463752747,-0.000794476130977273,0.0009868249762803316,-0.0009010723442770541
2026-03-25 21:37:38.677,0.13533015549182892,-0.0839325562119484,-0.12607121467590332,-0.0009638346964493394,0.0008995682583190501,-0.0009030773071572185
2026-03-25 21:37:38.679,0.1481454074382782,-0.08490977436304092,-0.13487140834331512,-0.001090177451260388,0.0006772031192667782,-0.0009698712383396924
2026-03-25 21:37:38.681,0.16146613657474518,-0.09150124341249466,-0.14913535118103027,-0.0007457745377905667,0.0009988700039684772,-0.0010861556511372328
2026-03-25 21:37:38.683,0.13706074655056,-0.08419594168663025,-0.14247506856918335,-0.000917944882530719,0.0007200036197900772,-0.0007478386396542192
2026-03-25 21:37:38.685,0.14314281940460205,-0.09055213630199432,-0.139186292886734,-0.0008366666734218597,0.00048485567094758153,-0.0008680573664605618
2026-03-25 21:37:38.687,0.14897994697093964,-0.08980152755975723,-0.1514284610748291,-0.0008137379190884531,0.0007062617223709822,-0.000963752914685756
2026-03-25 21:37:38.688,0.1486862599849701,-0.08789047598838806,-0.14041930437088013,-0.0007557749631814659,0.0006480066804215312,-0.0008135730749927461
2026-03-25 21:37:38.690,0.14439286291599274,-0.08958679437637329,-0.1361810266971588,-0.0008481672266498208,0.0005474628997035325,-0.0011218066792935133
2026-03-25 21:37:38.692,0.1448458582162857,-0.08064749091863632,-0.1308077722787857,-0.0009189657866954803,0.0007213042699731886,-0.0008804256794974208
2026-03-25 21:37:38.694,0.16892457008361816,-0.08709832280874252,-0.14368672668933868,-0.0009833791991695762,0.0009369715116918087,-0.0008162435842677951
2026-03-25 21:37:38.696,0.15082933008670807,-0.08979704976081848,-0.1321035474538803,-0.0009360870462842286,0.0007655706140212715,-0.0006457695853896439
2026-03-25 21:37:38.698,0.14365552365779877,-0.08743084967136383,-0.1240098774433136,-0.0010334363905712962,0.0008749933331273496,-0.0008297675522044301
2026-03-25 21:37:38.700,0.15828724205493927,-0.09578520804643631,-0.14482265710830688,-0.001160984393209219,0.000820391345769167,-0.0008876139763742685
2026-03-25 21:37:38.702,0.16294579207897186,-0.0935424193739891,-0.13651101291179657,-0.0008788707200437784,0.000928505789488554,-0.0008841117960400879
2026-03-25 21:37:38.705,0.1394820362329483,-0.09441424161195755,-0.13361914455890656,-0.0006950743263587356,0.0007007388048805296,-0.000986576545983553
2026-03-25 21:37:38.707,0.1379295140504837,-0.09164481610059738,-0.13824738562107086,-0.0007480193162336946,0.0006813412765040994,-0.0009712849278002977
2026-03-25 21:37:38.709,0.15687799453735352,-0.10193519294261932,-0.15981917083263397,-0.0009633338777348399,0.0008034834172576666,-0.0009917507413774729
2026-03-25 21:37:38.711,0.13531246781349182,-0.0990668386220932,-0.1413404494524002,-0.0008259716560132802,0.0005333178560249507,-0.0007796770078130066
2026-03-25 21:37:38.713,0.14808137714862823,-0.10040087252855301,-0.13745230436325073,-0.0007322462624870241,0.0008089661132544279,-0.0008869967423379421
2026-03-25 21:37:38.715,0.15221644937992096,-0.10280217975378036,-0.13501454889774323,-0.0007413256098516285,0.0008292642305605114,-0.0009477148414589465
2026-03-25 21:37:38.717,0.16315476596355438,-0.09770422428846359,-0.13717718422412872,-0.0009516396676190197,0.0008842150564305484,-0.0007211411721073091
2026-03-25 21:37:38.719,0.14938832819461823,-0.10014130175113678,-0.1268692910671234,-0.0008415957563556731,0.0007543794927187264,-0.0008510806947015226
2026-03-25 21:37:38.721,0.16174229979515076,-0.10259941965341568,-0.13801339268684387,-0.0010572231840342283,0.0009593999129720032,-0.0007852214621379972
2026-03-25 21:37:38.723,0.16839870810508728,-0.10343995690345764,-0.13988952338695526,-0.000776811211835593,0.0010778658324852586,-0.0009041454177349806
2026-03-25 21:37:38.725,0.16033607721328735,-0.10068324208259583,-0.12612447142601013,-0.0005188154173083603,0.00095915119163692,-0.0009242495871149004
2026-03-25 21:37:38.727,0.1505507528781891,-0.10314344614744186,-0.13448800146579742,-0.0006750227184966207,0.0008033948834054172,-0.0009565371437929571
2026-03-25 21:37:38.729,0.15913532674312592,-0.11266025900840759,-0.15327619016170502,-0.0007733976235613227,0.0010284172603860497,-0.0006309731979854405
2026-03-25 21:37:38.731,0.14561167359352112,-0.12089726328849792,-0.13574916124343872,-0.0005318170296959579,0.000785285490565002,-0.0009431816288270056
2026-03-25 21:37:38.733,0.14089277386665344,-0.12447943538427353,-0.13259166479110718,-0.0005973627557978034,0.0008520971168763936,-0.0009346998995169997
2026-03-25 21:37:38.735,0.14444617927074432,-0.11285887658596039,-0.14266075193881989,-0.0006317074876278639,0.0008530053892172873,-0.0004690866335295141
2026-03-25 21:37:38.738,0.15641054511070251,-0.12634247541427612,-0.1439940631389618,-0.00044439619523473084,0.001085619442164898,-0.0007705159368924797
2026-03-25 21:37:38.740,0.1506258100271225,-0.11965282261371613,-0.11742116510868073,-0.00042208845843560994,0.0008229332161135972,-0.0009217561455443501
2026-03-25 21:37:38.742,0.14440056681632996,-0.10765564441680908,-0.1303092986345291,-0.0008463365957140923,0.0009003428276628256,-0.0005131488433107734
2026-03-25 21:37:38.744,0.17209188640117645,-0.11837812513113022,-0.13215260207653046,-0.0005905934958718717,0.001072634942829609,-0.0005975138628855348
2026-03-25 21:37:38.746,0.1689804494380951,-0.1129639521241188,-0.1289113312959671,-0.0005495146033354104,0.001117853680625558,-0.0006905930349603295
2026-03-25 21:37:38.748,0.1550675481557846,-0.10220399498939514,-0.12063898891210556,-0.0007348367944359779,0.0011060788528993726,-0.0005040499963797629
2026-03-25 21:37:38.750,0.17167507112026215,-0.11469484120607376,-0.1272151917219162,-0.0006306847208179533,0.0009918349096551538,-0.00037387950578704476
2026-03-25 21:37:38.752,0.16733123362064362,-0.1290084719657898,-0.12589409947395325,-0.0005721177440136671,0.0010972971795126796,-0.0007420892943628132
2026-03-25 21:37:38.755,0.1483931988477707,-0.11645664274692535,-0.12719497084617615,-0.0006063158507458866,0.000916578690521419,-0.0007772065582685173
2026-03-25 21:37:38.757,0.1436796635389328,-0.11896560341119766,-0.14414818584918976,-0.0005859548691660166,0.0009124511852860451,-0.0005629018996842206
2026-03-25 21:37:38.759,0.1414691060781479,-0.12677855789661407,-0.13359446823596954,-0.0002572842931840569,0.0009738075896166265,-0.0007257343968376517
2026-03-25 21:37:38.761,0.1535104513168335,-0.12851376831531525,-0.14326895773410797,-0.000495870946906507,0.0008848880534060299,-0.0005917850066907704
2026-03-25 21:37:38.763,0.15719033777713776,-0.13039305806159973,-0.14086098968982697,-0.0005083085270598531,0.0009431264479644597,-0.0006966203800402582
2026-03-25 21:37:38.765,0.15252336859703064,-0.12974978983402252,-0.12627321481704712,-0.00047557984362356365,0.0010190223110839725,-0.0005514593794941902
2026-03-25 21:37:38.767,0.16048623621463776,-0.12378408759832382,-0.11238317936658859,-0.0005096565000712872,0.0008619492291472852,-0.00037567305844277143
2026-03-25 21:37:38.769,0.16326557099819183,-0.1148713082075119,-0.1266503930091858,-0.0006463784957304597,0.0010529764695093036,-0.0005041547701694071
2026-03-25 21:37:38.771,0.16582979261875153,-0.11480384320020676,-0.1299831122159958,-0.0007920057978481054,0.0010816031135618687,-0.0005398166249506176
2026-03-25 21:37:38.773,0.16211117804050446,-0.1169249638915062,-0.11603273451328278,-0.0005532462382689118,0.0010935821337625384,-0.0007223211578093469
2026-03-25 21:37:38.775,0.17061622440814972,-0.1132318377494812,-0.12536144256591797,-0.0005286505911499262,0.001264494494535029,-0.0007280323770828545
2026-03-25 21:37:38.777,0.16125819087028503,-0.11326698213815689,-0.12711189687252045,-0.0006071628886274993,0.0011749020777642727,-0.0007606688304804265
2026-03-25 21:37:38.779,0.14656493067741394,-0.11561416834592819,-0.12798503041267395,-0.0006943672196939588,0.0009830446215346456,-0.0006674169562757015
2026-03-25 21:37:38.781,0.14702844619750977,-0.12328377366065979,-0.13437898457050323,-0.0007183734560385346,0.0008366899564862251,-0.0006048895884305239
2026-03-25 21:37:38.783,0.1594064086675644,-0.1249639242887497,-0.1489608734846115,-0.000583235698286444,0.0008769956766627729,-0.0007822221959941089
2026-03-25 21:37:38.785,0.14345146715641022,-0.12200924754142761,-0.14417260885238647,-0.0005700273904949427,0.0009351404733024538,-0.0007598756928928196
2026-03-25 21:37:38.787,0.1362854242324829,-0.11513372510671616,-0.14345020055770874,-0.0005829165456816554,0.0008495457586832345,-0.0006763949058949947
2026-03-25 21:37:38.788,0.1489311158657074,-0.1191839948296547,-0.14441785216331482,-0.0006590463453903794,0.0008207724313251674,-0.0006223503150977194
2026-03-25 21:37:38.790,0.15628506243228912,-0.11974315345287323,-0.14094340801239014,-0.0007549633155576885,0.0010002620983868837,-0.000527385447639972
2026-03-25 21:37:38.792,0.15666763484477997,-0.10565123707056046,-0.12596137821674347,-0.0005901894764974713,0.001078733359463513,-0.0007918479386717081
2026-03-25 21:37:38.794,0.15862466394901276,-0.10745659470558167,-0.12198827415704727,-0.0007834333227947354,0.0010126219131052494,-0.0006747528095729649
2026-03-25 21:37:38.796,0.15508341789245605,-0.1087128296494484,-0.11952738463878632,-0.0007387942750938237,0.001123869325965643,-0.0007704260060563684
2026-03-25 21:37:38.798,0.163853719830513,-0.10002408176660538,-0.13308513164520264,-0.0008598344284109771,0.0010816105641424656,-0.000834435282740742
2026-03-25 21:37:38.800,0.16131150722503662,-0.0989668071269989,-0.13280342519283295,-0.0007770993979647756,0.0009061687742359936,-0.0006698833894915879
2026-03-25 21:37:38.802,0.1519816815853119,-0.09853065013885498,-0.14037302136421204,-0.0008531273924745619,0.0007678705733269453,-0.0007342544849961996
2026-03-25 21:37:38.804,0.14722616970539093,-0.10162752121686935,-0.14241334795951843,-0.0005980936111882329,0.0008672323892824352,-0.0007041466888040304
2026-03-25 21:37:38.806,0.14491607248783112,-0.10567179322242737,-0.14698921144008636,-0.0006409137859009206,0.0006703975959680974,-0.0006545746000483632
2026-03-25 21:37:38.808,0.14196372032165527,-0.10376881808042526,-0.14252309501171112,-0.0007476464379578829,0.0006596487364731729,-0.0009857913246378303
2026-03-25 21:37:38.810,0.1448267251253128,-0.1073731780052185,-0.15116064250469208,-0.0008724576910026371,0.0005904589779675007,-0.0009257753263227642
2026-03-25 21:37:38.812,0.1441928893327713,-0.10000565648078918,-0.14400309324264526,-0.0009753321064636111,0.000765509030316025,-0.0006288246950134635
2026-03-25 21:37:38.814,0.15443824231624603,-0.09539242833852768,-0.14505530893802643,-0.0007965802797116339,0.0007030150736682117,-0.0009165109950117767
2026-03-25 21:37:38.816,0.15141916275024414,-0.09136264771223068,-0.1391502171754837,-0.001033054431900382,0.0010416597360745072,-0.0009305846178904176
2026-03-25 21:37:38.818,0.1528577357530594,-0.089619942009449,-0.1335352510213852,-0.000935744377784431,0.0009624224621802568,-0.000840026477817446
2026-03-25 21:37:38.821,0.1530439704656601,-0.08905264735221863,-0.12679725885391235,-0.0009306574938818812,0.0008316321764141321,-0.0009814330842345953
2026-03-25 21:37:38.823,0.15251284837722778,-0.09292805194854736,-0.13338083028793335,-0.0009500609594397247,0.0009217366459779441,-0.0010043192887678742
2026-03-25 21:37:38.825,0.14954303205013275,-0.09164813160896301,-0.13263270258903503,-0.0007631339831277728,0.000665040803141892,-0.0009214656893163919
2026-03-25 21:37:38.827,0.14797638356685638,-0.09163901209831238,-0.14778034389019012,-0.0008797075133770704,0.0006299501983448863,-0.0007788424263708293
2026-03-25 21:37:38.829,0.14116212725639343,-0.09125610440969467,-0.1404288411140442,-0.0007679408881813288,0.0008328139665536582,-0.0010272057261317968
2026-03-25 21:37:38.831,0.14557258784770966,-0.09368061274290085,-0.14435259997844696,-0.0008779394556768239,0.0006409805500879884,-0.0007499032653868198
2026-03-25 21:37:38.833,0.1387394815683365,-0.09579095244407654,-0.14221633970737457,-0.0008166055777110159,0.0007002464262768626,-0.0011614867253229022
2026-03-25 21:37:38.835,0.143227219581604,-0.09002897888422012,-0.1433427929878235,-0.0008114807424135506,0.0006911196396686137,-0.000926061999052763
2026-03-25 21:37:38.838,0.14677868783473969,-0.0906798392534256,-0.14065217971801758,-0.0009026360930874944,0.0008474583155475557,-0.0010481346398591995
2026-03-25 21:37:38.840,0.1439739614725113,-0.08862563967704773,-0.13946816325187683,-0.0008707621600478888,0.0008647663635201752,-0.0011581656290218234
2026-03-25 21:37:38.842,0.14705698192119598,-0.08379087597131729,-0.13380366563796997,-0.000941579113714397,0.0008636265411041677,-0.0009602864156477153
2026-03-25 21:37:38.844,0.15399783849716187,-0.09079818427562714,-0.13318942487239838,-0.0010236032539978623,0.0009180311462841928,-0.0007899812189862132
2026-03-25 21:37:38.846,0.15834535658359528,-0.08658862859010696,-0.132050022482872,-0.0009130407124757767,0.0008879030356183648,-0.000837366096675396
2026-03-25 21:37:38.848,0.14710374176502228,-0.08273734152317047,-0.12920315563678741,-0.0009665116085670888,0.0009082093019969761,-0.000831342360470444
2026-03-25 21:37:38.850,0.15124723315238953,-0.09202047437429428,-0.14738944172859192,-0.0009535602293908596,0.0008660673629492521,-0.0008677673758938909
2026-03-25 21:37:38.852,0.14821715652942657,-0.0947527065873146,-0.14388920366764069,-0.0008935441728681326,0.0008093361393548548,-0.0007325359620153904
2026-03-25 21:37:38.855,0.1490643322467804,-0.09766731411218643,-0.14750751852989197,-0.0007871991256251931,0.000571210402995348,-0.0007568267174065113
2026-03-25 21:37:38.857,0.15059112012386322,-0.10097754746675491,-0.1416112184524536,-0.0007464824011549354,0.0007083759410306811,-0.0007827702211216092
2026-03-25 21:37:38.859,0.14645351469516754,-0.10034649819135666,-0.13074173033237457,-0.000647233217023313,0.0007060217903926969,-0.0008995653479360044
2026-03-25 21:37:38.861,0.15177582204341888,-0.09976830333471298,-0.13682404160499573,-0.000531681056600064,0.000714046647772193,-0.0009291908936575055
2026-03-25 21:37:38.863,0.14731912314891815,-0.09841500967741013,-0.13899677991867065,-0.000858310260809958,0.0008119564154185355,-0.0007824209169484675
2026-03-25 21:37:38.865,0.15089905261993408,-0.0987856313586235,-0.1358921378850937,-0.0008884387207217515,0.0008719998295418918,-0.0007669962360523641
2026-03-25 21:37:38.867,0.15872344374656677,-0.09302812814712524,-0.1268596351146698,-0.0007082592928782105,0.0009232173324562609,-0.0007061943178996444
2026-03-25 21:37:38.869,0.16173334419727325,-0.10319431871175766,-0.13499179482460022,-0.0008101847488433123,0.0010100698564201593,-0.0007055228343233466
2026-03-25 21:37:38.871,0.14790356159210205,-0.10677439719438553,-0.13087646663188934,-0.0009254883625544608,0.0009607213432900608,-0.0006730096647515893
2026-03-25 21:37:38.873,0.16127663850784302,-0.10885145515203476,-0.1337779015302658,-0.0007925492827780545,0.0008682779152877629,-0.000909716822206974
2026-03-25 21:37:38.876,0.15341432392597198,-0.11012869328260422,-0.13033170998096466,-0.0006781224510632455,0.001074918662197888,-0.0007659436669200659
2026-03-25 21:37:38.878,0.15204283595085144,-0.11171363294124603,-0.1350369155406952,-0.0008648359216749668,0.0010358509607613087,-0.0007608035230077803
2026-03-25 21:37:38.880,0.1563720554113388,-0.11226468533277512,-0.13550147414207458,-0.0005880361422896385,0.0008328763069584966,-0.0006180329946801066
2026-03-25 21:37:38.882,0.15133053064346313,-0.11769638955593109,-0.14782729744911194,-0.0008180983713828027,0.0007904827361926436,-0.0006026432383805513
2026-03-25 21:37:38.884,0.1514134556055069,-0.11506368219852448,-0.14019407331943512,-0.0006965072825551033,0.0007801317260600626,-0.00060836918419227
2026-03-25 21:37:38.886,0.14637435972690582,-0.1151735857129097,-0.13308711349964142,-0.0006864087772555649,0.000792974082287401,-0.000664757564663887
2026-03-25 21:37:38.888,0.1497107744216919,-0.11591915041208267,-0.14000573754310608,-0.0006482627359218895,0.000908799993339926,-0.0005345230456441641
2026-03-25 21:37:38.890,0.14776960015296936,-0.11905349045991898,-0.14032991230487823,-0.0008388467249460518,0.0007898826152086258,-0.0006667044362984598
2026-03-25 21:37:38.892,0.15235978364944458,-0.11016840487718582,-0.1221584901213646,-0.0006678174249827862,0.0009703624527901411,-0.0007120757945813239
2026-03-25 21:37:38.894,0.16647927463054657,-0.11812116950750351,-0.12679407000541687,-0.0007600420503877103,0.0010326493065804243,-0.0006874771788716316
2026-03-25 21:37:38.896,0.17209753394126892,-0.1106884777545929,-0.12387135624885559,-0.0007100050570443273,0.0011165073374286294,-0.0008085440495051444
2026-03-25 21:37:38.898,0.16536854207515717,-0.10778459906578064,-0.12462450563907623,-0.0007983685354702175,0.0011947425082325935,-0.000661135301925242
2026-03-25 21:37:38.900,0.1697114109992981,-0.10636445134878159,-0.1242760494351387,-0.0007710631471127272,0.0012115950230509043,-0.0006133366841822863
2026-03-25 21:37:38.902,0.1599186360836029,-0.11504039913415909,-0.12618425488471985,-0.0007379861199297011,0.0009769491152837873,-0.0006130884285084903
2026-03-25 21:37:38.904,0.1498921662569046,-0.11631368100643158,-0.1315651386976242,-0.0007129063596948981,0.0007957426714710891,-0.0006904206820763648
2026-03-25 21:37:38.907,0.14779509603977203,-0.11868458986282349,-0.1278003454208374,-0.0003414170059841126,0.000761408475227654,-0.00071143131935969
2026-03-25 21:37:38.909,0.14729240536689758,-0.131809264421463,-0.13440276682376862,-0.000709013023879379,0.000723754579667002,-0.0007655209628865123
2026-03-25 21:37:38.911,0.14485420286655426,-0.12852811813354492,-0.13925334811210632,-0.0005614511319436133,0.000772434810642153,-0.0005625719204545021
2026-03-25 21:37:38.913,0.14159584045410156,-0.11898007988929749,-0.13685353100299835,-0.0005276331212371588,0.0007858293829485774,-0.000639397359918803
2026-03-25 21:37:38.915,0.14646531641483307,-0.11500708013772964,-0.1396450251340866,-0.0005601596203632653,0.001061166520230472,-0.0008434277260676026
2026-03-25 21:37:38.916,0.14823155105113983,-0.11157359182834625,-0.12654051184654236,-0.0007387674413621426,0.0009462341549806297,-0.0006035573314875364
2026-03-25 21:37:38.918,0.16229280829429626,-0.10630110651254654,-0.12886886298656464,-0.0006932519609108567,0.0009823598666116595,-0.0007901448989287019
2026-03-25 21:37:38.921,0.1578669250011444,-0.10397950559854507,-0.12321566045284271,-0.0008063892601057887,0.0012147384695708752,-0.0007372286636382341
2026-03-25 21:37:38.923,0.16737914085388184,-0.10018504410982132,-0.122148297727108,-0.0004888505791313946,0.0010746244806796312,-0.0007021325873211026
2026-03-25 21:37:38.925,0.16445188224315643,-0.10838014632463455,-0.1198902428150177,-0.0005808172863908112,0.0010304778115823865,-0.0007743347669020295
2026-03-25 21:37:38.927,0.15562058985233307,-0.11529026925563812,-0.13462860882282257,-0.0008659335435368121,0.0008865545969456434,-0.0008370833820663393
2026-03-25 21:37:38.929,0.1430414617061615,-0.11055994778871536,-0.13771308958530426,-0.0007760159205645323,0.000731400738004595,-0.0006647598347626626
2026-03-25 21:37:38.931,0.1502145528793335,-0.11341141164302826,-0.14646632969379425,-0.0006742454133927822,0.0006118262535892427,-0.000759627262596041
2026-03-25 21:37:38.933,0.13985128700733185,-0.11507122218608856,-0.1551460325717926,-0.0005357763729989529,0.0007083454402163625,-0.0005861742538399994
2026-03-25 21:37:38.935,0.13412372767925262,-0.1121075451374054,-0.14594727754592896,-0.000547075062058866,0.0007615273352712393,-0.0007064013043418527
2026-03-25 21:37:38.938,0.14192746579647064,-0.11284118890762329,-0.13280047476291656,-0.0006170158158056438,0.0008879053639248013,-0.0007566013373434544
2026-03-25 21:37:38.940,0.14857028424739838,-0.10757829248905182,-0.1264805942773819,-0.0007275778334587812,0.0008596016559749842,-0.0008236410212703049
2026-03-25 21:37:38.942,0.1520559936761856,-0.10732969641685486,-0.12403122335672379,-0.0009025515173561871,0.0008921625558286905,-0.0006526995566673577
2026-03-25 21:37:38.944,0.15805155038833618,-0.09511194378137589,-0.1240343451499939,-0.0009088218212127686,0.001091369311325252,-0.0008503047283738852
2026-03-25 21:37:38.946,0.16733163595199585,-0.09220382571220398,-0.11616156250238419,-0.0008810797007754445,0.0011253172997385263,-0.0007460932829417288
2026-03-25 21:37:38.948,0.16463243961334229,-0.102650485932827,-0.11958948522806168,-0.0009146100492216647,0.0011231901589781046,-0.0006900209118612111
2026-03-25 21:37:38.950,0.15544582903385162,-0.09736675769090652,-0.1244741752743721,-0.000843354850076139,0.0011921615805476904,-0.0007306074257940054
2026-03-25 21:37:38.952,0.15837685763835907,-0.0996764674782753,-0.13026213645935059,-0.0007929296116344631,0.0008502432028762996,-0.00078349479008466
2026-03-25 21:37:38.955,0.14541040360927582,-0.10831424593925476,-0.14288465678691864,-0.0007802085601724684,0.0009655631729401648,-0.0009497376158833504
2026-03-25 21:37:38.957,0.14028167724609375,-0.1080564334988594,-0.14779266715049744,-0.0006460688309744,0.000718605937436223,-0.0007761719753034413
2026-03-25 21:37:38.959,0.13461457192897797,-0.1095789447426796,-0.14997714757919312,-0.0006377670215442777,0.0007523924577981234,-0.0008165988838300109
2026-03-25 21:37:38.961,0.14027920365333557,-0.11036813259124756,-0.14101164042949677,-0.0007094854372553527,0.0005409130826592445,-0.0007373535772785544
2026-03-25 21:37:38.963,0.15047548711299896,-0.10899060219526291,-0.14070746302604675,-0.0007647183956578374,0.0006256077322177589,-0.000762099283747375
2026-03-25 21:37:38.965,0.14762453734874725,-0.10598473995923996,-0.13601553440093994,-0.0007192161865532398,0.0008428959408774972,-0.0007029831176623702
2026-03-25 21:37:38.967,0.15686243772506714,-0.10303620994091034,-0.13250336050987244,-0.0008217379800044,0.0009606783278286457,-0.0008248445228673518
2026-03-25 21:37:38.969,0.15643452107906342,-0.09515172243118286,-0.13252346217632294,-0.0009055135305970907,0.0010409923270344734,-0.0009014287497848272
2026-03-25 21:37:38.971,0.16560445725917816,-0.09145760536193848,-0.12471892684698105,-0.0007659211987629533,0.0008511441410519183,-0.0006615255842916667
2026-03-25 21:37:38.973,0.15572738647460938,-0.095427505671978,-0.12633860111236572,-0.0007900760974735022,0.0009508407092653215,-0.0008919826941564679
2026-03-25 21:37:38.975,0.1554664820432663,-0.09995751082897186,-0.1416718065738678,-0.0008601628942415118,0.0010000853799283504,-0.0006335012149065733
2026-03-25 21:37:38.977,0.1524343192577362,-0.10292620956897736,-0.13361330330371857,-0.0006883426103740931,0.0009129626560024917,-0.0008393931784667075
2026-03-25 21:37:38.979,0.1448264867067337,-0.10614707320928574,-0.1400647610425949,-0.0007137468783184886,0.0009023034363053739,-0.0007752516539767385
2026-03-25 21:37:38.981,0.14287929236888885,-0.1115986630320549,-0.1460275501012802,-0.0006585869705304503,0.0008442109101451933,-0.0007773568504489958
2026-03-25 21:37:38.984,0.14425703883171082,-0.10517619550228119,-0.15460893511772156,-0.0004984812694601715,0.0007342646713368595,-0.000800505222287029
2026-03-25 21:37:38.986,0.14861413836479187,-0.1075432077050209,-0.13855241239070892,-0.000661707716062665,0.0008856224012561142,-0.0008356769685633481
2026-03-25 21:37:38.988,0.15172725915908813,-0.10087981820106506,-0.1363665610551834,-0.0006869258941151202,0.000844398105982691,-0.0006789704784750938
2026-03-25 21:37:38.990,0.15014442801475525,-0.09736232459545135,-0.13678325712680817,-0.0007208096794784069,0.0006793495849706233,-0.0007579109515063465
2026-03-25 21:37:38.992,0.1568700671195984,-0.09464921802282333,-0.13189971446990967,-0.0010166459251195192,0.000902639701962471,-0.000729361257981509
2026-03-25 21:37:38.994,0.1672518253326416,-0.09420516341924667,-0.13448399305343628,-0.001009813160635531,0.000979720032773912,-0.000655794923659414
2026-03-25 21:37:38.996,0.16841784119606018,-0.08952676504850388,-0.1270541101694107,-0.0007589447777718306,0.001006091944873333,-0.0007995027117431164
2026-03-25 21:37:38.998,0.16456814110279083,-0.09235166758298874,-0.1270744353532791,-0.0008258383022621274,0.0010029311524704099,-0.0008308808319270611
2026-03-25 21:37:38.999,0.15992037951946259,-0.09752045571804047,-0.13652773201465607,-0.0010874767322093248,0.0009404882439412177,-0.0009664849494583905
2026-03-25 21:37:39.001,0.1546776294708252,-0.09804075956344604,-0.14240071177482605,-0.0008573164814151824,0.0009142213966697454,-0.0006702555692754686
2026-03-25 21:37:39.005,0.14420010149478912,-0.10344160348176956,-0.1364678591489792,-0.0007939586066640913,0.0007397481822408736,-0.0009434208041056991
2026-03-25 21:37:39.007,0.13711783289909363,-0.1049511507153511,-0.13977107405662537,-0.0006440810393542051,0.0007276390097104013,-0.0009171381825581193
2026-03-25 21:37:39.009,0.144492506980896,-0.1104501262307167,-0.15002843737602234,-0.0007365335477516055,0.0005903065903112292,-0.0008449798915535212
2026-03-25 21:37:39.011,0.14639568328857422,-0.11041512340307236,-0.1391645222902298,-0.0006820342969149351,0.00047634521615691483,-0.0007667082827538252
2026-03-25 21:37:39.013,0.146973118185997,-0.1041145846247673,-0.12665878236293793,-0.0006300076493062079,0.000612220261245966,-0.0008290638797916472
2026-03-25 21:37:39.014,0.15237239003181458,-0.10369788110256195,-0.13238470256328583,-0.0009395225788466632,0.0008334671147167683,-0.0007935879402793944
2026-03-25 21:37:39.016,0.1591382771730423,-0.10164016485214233,-0.13494014739990234,-0.0009921510936692357,0.0012021128786727786,-0.0008544557495042682
2026-03-25 21:37:39.018,0.15772314369678497,-0.09222599118947983,-0.1363925188779831,-0.0007786323549225926,0.0011756080202758312,-0.0007273514056578279
2026-03-25 21:37:39.021,0.1600870043039322,-0.09394638985395432,-0.1250428855419159,-0.0008684159256517887,0.0008610878139734268,-0.0006304269190877676
2026-03-25 21:37:39.023,0.15906907618045807,-0.1035124808549881,-0.12626224756240845,-0.0008457416552118957,0.0006266625132411718,-0.0008952061762101948
2026-03-25 21:37:39.025,0.15277136862277985,-0.10229095071554184,-0.14062528312206268,-0.0009429784258827567,0.0007291033398360014,-0.0008135823300108314
2026-03-25 21:37:39.027,0.15590889751911163,-0.1052858754992485,-0.14372408390045166,-0.0008774289162829518,0.0009173650178126991,-0.0008153338567353785
2026-03-25 21:37:39.029,0.1426933854818344,-0.10564377903938293,-0.13837693631649017,-0.0007032553548924625,0.0006696305354125798,-0.0009563415660522878
2026-03-25 21:37:39.033,0.1413239985704422,-0.10772538185119629,-0.15535137057304382,-0.0007758921128697693,0.0007006404339335859,-0.0007325142505578697
2026-03-25 21:37:39.035,0.1460268795490265,-0.09918400645256042,-0.14903691411018372,-0.0004937741905450821,0.000676186173222959,-0.000743364857044071
2026-03-25 21:37:39.038,0.14416411519050598,-0.10535132139921188,-0.1330530047416687,-0.0006990675465203822,0.0007247443427331746,-0.0008748474065214396
2026-03-25 21:37:39.040,0.15031446516513824,-0.1087568923830986,-0.13200795650482178,-0.0008092903299257159,0.0007066844846121967,-0.0009174778242595494
2026-03-25 21:37:39.042,0.16060897707939148,-0.10522272437810898,-0.12781232595443726,-0.0006097038276493549,0.0008620754233561456,-0.0007436928572133183
2026-03-25 21:37:39.044,0.15738561749458313,-0.09676199406385422,-0.12371663004159927,-0.0008927455637603998,0.0009368479950353503,-0.0007550721638835967
2026-03-25 21:37:39.046,0.16423603892326355,-0.09877098351716995,-0.12289285659790039,-0.0009691213490441442,0.0009526193025521934,-0.0008026650175452232
2026-03-25 21:37:39.048,0.16329526901245117,-0.09330984950065613,-0.12094385921955109,-0.0009893456008285284,0.0009545157663524151,-0.0006874292739666998
2026-03-25 21:37:39.050,0.16498851776123047,-0.09875848144292831,-0.1358540803194046,-0.0009505103807896376,0.0009209203417412937,-0.0006861462024971843
2026-03-25 21:37:39.052,0.14585594832897186,-0.1039552167057991,-0.13040877878665924,-0.0008804895915091038,0.0009639268391765654,-0.0006861659348942339
2026-03-25 21:37:39.055,0.14746186137199402,-0.11099383980035782,-0.1407148838043213,-0.0008404701948165894,0.0008027383591979742,-0.0007424685172736645
2026-03-25 21:37:39.057,0.14613255858421326,-0.11089003831148148,-0.1405969262123108,-0.0006869143689982593,0.0006238200585357845,-0.0008499760297127068
2026-03-25 21:37:39.059,0.14320458471775055,-0.11007047444581985,-0.1432003527879715,-0.0004674129595514387,0.0008318282780237496,-0.0008676241268403828
2026-03-25 21:37:39.061,0.14008842408657074,-0.11078479886054993,-0.13627901673316956,-0.00045118675916455686,0.0006888038478791714,-0.0008589812787249684
2026-03-25 21:37:39.063,0.1505601555109024,-0.10816258937120438,-0.14899411797523499,-0.0005774958990514278,0.0006947485962882638,-0.0008973536896519363
2026-03-25 21:37:39.065,0.15721921622753143,-0.10096904635429382,-0.13923411071300507,-0.000701472454238683,0.0010158922523260117,-0.0007991756428964436
2026-03-25 21:37:39.067,0.15437404811382294,-0.09714893996715546,-0.13033553957939148,-0.0008044189307838678,0.0009412927320227027,-0.0006383196450769901
2026-03-25 21:37:39.069,0.16087530553340912,-0.09894265234470367,-0.12209643423557281,-0.0008530914201401174,0.000987854553386569,-0.0005909943720325828
2026-03-25 21:37:39.071,0.16569927334785461,-0.09948033094406128,-0.12530475854873657,-0.0006449838983826339,0.0009153876453638077,-0.0005980099085718393
2026-03-25 21:37:39.073,0.15757325291633606,-0.10739114135503769,-0.12225943803787231,-0.0007574076880700886,0.0008558081462979317,-0.000706798629835248
2026-03-25 21:37:39.075,0.15260303020477295,-0.11221214383840561,-0.12987732887268066,-0.0008800082723610103,0.000983467441983521,-0.0007266280008479953
2026-03-25 21:37:39.077,0.1531040221452713,-0.1159682497382164,-0.1358083337545395,-0.0008212153916247189,0.0008326380630023777,-0.0008139295387081802
2026-03-25 21:37:39.079,0.15353146195411682,-0.11756651103496552,-0.1314733773469925,-0.0007449322147294879,0.0010830244282260537,-0.0007564729312434793
2026-03-25 21:37:39.081,0.15009485185146332,-0.11563995480537415,-0.15240056812763214,-0.0008377127232961357,0.0009338022209703922,-0.0007178292726166546
2026-03-25 21:37:39.083,0.14851467311382294,-0.11182321608066559,-0.1434074342250824,-0.0007153080659918487,0.0008106919121928513,-0.0007329907384701073
2026-03-25 21:37:39.085,0.143272265791893,-0.10958036780357361,-0.1309414654970169,-0.0007254027877934277,0.0008616150007583201,-0.0007115535554476082
2026-03-25 21:37:39.088,0.15722697973251343,-0.10935193300247192,-0.1436391919851303,-0.0006611914723180234,0.0008763348450884223,-0.0008478035451844335
2026-03-25 21:37:39.090,0.1539887636899948,-0.1126544401049614,-0.12751369178295135,-0.0005167663912288845,0.0009841554565355182,-0.0006622221553698182
2026-03-25 21:37:39.092,0.15487729012966156,-0.1071077436208725,-0.11540096998214722,-0.0006129459361545742,0.0010011882986873388,-0.000681500299833715
2026-03-25 21:37:39.095,0.16463354229927063,-0.11204549670219421,-0.12339292466640472,-0.0007523805252276361,0.0010942276567220688,-0.0005940942210145295
2026-03-25 21:37:39.097,0.16067177057266235,-0.10899995267391205,-0.12145953625440598,-0.0009653170709498227,0.0011602463200688362,-0.0006698932265862823
2026-03-25 21:37:39.099,0.16517074406147003,-0.10376998037099838,-0.11542226374149323,-0.000759607704821974,0.0009922079043462873,-0.0007120494265109301
2026-03-25 21:37:39.100,0.15974049270153046,-0.10785607993602753,-0.128906711935997,-0.0007008613320067525,0.0010056677274405956,-0.0007662544958293438
2026-03-25 21:37:39.102,0.15166297554969788,-0.1129038855433464,-0.13208648562431335,-0.0007482421933673322,0.0011466402793303132,-0.0007166270515881479
2026-03-25 21:37:39.104,0.1447947472333908,-0.10932836681604385,-0.12518906593322754,-0.00041784910717979074,0.0009166726958937943,-0.000746397243347019
2026-03-25 21:37:39.106,0.14816130697727203,-0.11631942540407181,-0.13528503477573395,-0.0005916818045079708,0.0006133752758614719,-0.0007480898057110608
2026-03-25 21:37:39.109,0.14878660440444946,-0.12345296889543533,-0.13391107320785522,-0.0007621216936968267,0.0006744677666574717,-0.0007847389206290245
2026-03-25 21:37:39.111,0.15978525578975677,-0.12294675409793854,-0.1332128643989563,-0.000801429501734674,0.0008368487469851971,-0.0006206476246006787
2026-03-25 21:37:39.113,0.1550799012184143,-0.11303861439228058,-0.12915274500846863,-0.0007305382168851793,0.0008947431342676282,-0.0008649388328194618
2026-03-25 21:37:39.115,0.15151825547218323,-0.10349153727293015,-0.13530279695987701,-0.0006588859250769019,0.0008886923315003514,-0.0007187037263065577
2026-03-25 21:37:39.117,0.1569148153066635,-0.10139022767543793,-0.13187895715236664,-0.0008664894849061966,0.0008361790678463876,-0.0006168803083710372
2026-03-25 21:37:39.119,0.1542900800704956,-0.10420963913202286,-0.12581028044223785,-0.0007988656288944185,0.0008850412559695542,-0.0005712889833375812
2026-03-25 21:37:39.121,0.16129295527935028,-0.11065420508384705,-0.12929309904575348,-0.0006282019312493503,0.0009346327278763056,-0.0008099584956653416
2026-03-25 21:37:39.123,0.15696875751018524,-0.10917172580957413,-0.1264650821685791,-0.0007264026789925992,0.0008873798069544137,-0.0007638671668246388
2026-03-25 21:37:39.125,0.16472254693508148,-0.11020523309707642,-0.12118618190288544,-0.0006962286424823105,0.0009331543697044253,-0.0008442325633950531
2026-03-25 21:37:39.127,0.16132476925849915,-0.10722868144512177,-0.12597334384918213,-0.0006894416874274611,0.0008240954484790564,-0.0008918139501474798
2026-03-25 21:37:39.129,0.15436065196990967,-0.10813048481941223,-0.1396152228116989,-0.0007018171600066125,0.0009300680248998106,-0.0007716697291471064
2026-03-25 21:37:39.131,0.1557902693748474,-0.1042029857635498,-0.13248293101787567,-0.0007245268207043409,0.0006303122499957681,-0.0008033756748773158
2026-03-25 21:37:39.133,0.15578943490982056,-0.10729183256626129,-0.1279967725276947,-0.0006549569661729038,0.0006718217046000063,-0.0006649539573118091
2026-03-25 21:37:39.135,0.15303024649620056,-0.11120741814374924,-0.13047467172145844,-0.0009544779313728213,0.0008130985079333186,-0.0007834559073671699
2026-03-25 21:37:39.137,0.14639662206172943,-0.10749062895774841,-0.14760814607143402,-0.0007428949465975165,0.000785371579695493,-0.0007500524516217411
2026-03-25 21:37:39.139,0.1444331258535385,-0.10724372416734695,-0.143800750374794,-0.000689176085870713,0.0007821049657650292,-0.0009691088926047087
2026-03-25 21:37:39.141,0.15005286037921906,-0.10516089200973511,-0.13654640316963196,-0.0007655684603378177,0.0007984059047885239,-0.0006294331979006529
2026-03-25 21:37:39.143,0.1499568670988083,-0.1110147163271904,-0.13524295389652252,-0.0008309958502650261,0.0008526962483301759,-0.0006833981024101377
2026-03-25 21:37:39.145,0.15842361748218536,-0.10287459194660187,-0.12215356528759003,-0.0007022787467576563,0.0007834824500605464,-0.000725278805475682
2026-03-25 21:37:39.147,0.16398517787456512,-0.09186038374900818,-0.12936006486415863,-0.0007405541255138814,0.0009420392452739179,-0.0008493447094224393
2026-03-25 21:37:39.149,0.1695929616689682,-0.09564191848039627,-0.1301744431257248,-0.0009519582963548601,0.0009446216863580048,-0.0009451794321648777
2026-03-25 21:37:39.151,0.1601286679506302,-0.09501522034406662,-0.1407289057970047,-0.0010894513688981533,0.000872122123837471,-0.0008858972578309476
2026-03-25 21:37:39.153,0.15121707320213318,-0.09924256801605225,-0.13733047246932983,-0.0008935467922128737,0.0008019990636967123,-0.0008018538355827332
2026-03-25 21:37:39.155,0.14340831339359283,-0.09589036554098129,-0.14366118609905243,-0.0008983428706414998,0.0007966432604007423,-0.000982597703114152
2026-03-25 21:37:39.157,0.139950230717659,-0.1042054146528244,-0.1469251811504364,-0.0008375267498195171,0.000775284948758781,-0.0010172982001677155
2026-03-25 21:37:39.159,0.1381874680519104,-0.11153680086135864,-0.13146694004535675,-0.0007739743450656533,0.0006015571998432279,-0.0008263629861176014
2026-03-25 21:37:39.161,0.14656569063663483,-0.10023193806409836,-0.14404790103435516,-0.0005728030228056014,0.000791527854744345,-0.000864411354996264
2026-03-25 21:37:39.163,0.15044499933719635,-0.0994187742471695,-0.1448620855808258,-0.0008962470456026495,0.0008217621361836791,-0.0008415008196607232
2026-03-25 21:37:39.165,0.14464817941188812,-0.09921877831220627,-0.1364152580499649,-0.0008429190493188798,0.001006447128020227,-0.0008761713397689164
2026-03-25 21:37:39.167,0.15563243627548218,-0.09458227455615997,-0.13716094195842743,-0.0008642555912956595,0.0008187472121790051,-0.0007078710477799177
2026-03-25 21:37:39.169,0.1518053263425827,-0.0943475142121315,-0.13452273607254028,-0.0009866856271401048,0.0009212513687089086,-0.0009300310048274696
2026-03-25 21:37:39.171,0.15863509476184845,-0.09414388239383698,-0.13048669695854187,-0.0009972372790798545,0.0007801083847880363,-0.0008610551012679935
2026-03-25 21:37:39.173,0.15706035494804382,-0.09616443514823914,-0.12862393260002136,-0.0008560734568163753,0.0008996939868666232,-0.0010113193420693278
2026-03-25 21:37:39.175,0.16500000655651093,-0.0938427746295929,-0.1420917958021164,-0.0008007661672309041,0.0008442728430964053,-0.0009305938147008419
2026-03-25 21:37:39.177,0.15331491827964783,-0.096150703728199,-0.1280377358198166,-0.0008772821165621281,0.0007472284487448633,-0.000893921940587461
2026-03-25 21:37:39.179,0.15331144630908966,-0.09693428874015808,-0.14010301232337952,-0.0009498936706222594,0.0007877909229137003,-0.0007064234232529998
2026-03-25 21:37:39.181,0.1511625349521637,-0.10301120579242706,-0.14184482395648956,-0.0008139826823025942,0.0006973134004510939,-0.0008677537553012371
2026-03-25 21:37:39.183,0.1423853635787964,-0.10313113033771515,-0.14131398499011993,-0.0008740315097384155,0.0005675804568454623,-0.001031107734888792
2026-03-25 21:37:39.185,0.14681069552898407,-0.10403100401163101,-0.14770737290382385,-0.0006256612832657993,0.000706829538103193,-0.0010590552119538188
2026-03-25 21:37:39.187,0.14706148207187653,-0.10298534482717514,-0.14200951159000397,-0.0008240562747232616,0.0006030575605109334,-0.0006640898645855486
2026-03-25 21:37:39.189,0.15205854177474976,-0.10279539227485657,-0.1403130739927292,-0.0008344933739863336,0.000607015157584101,-0.0008049672469496727
2026-03-25 21:37:39.191,0.1591140776872635,-0.0977126806974411,-0.13977332413196564,-0.000847924908157438,0.0008222509059123695,-0.0008218546281568706
2026-03-25 21:37:39.193,0.16076818108558655,-0.09113510698080063,-0.1268550455570221,-0.000852374651003629,0.0008734781877137721,-0.0009607508545741439
2026-03-25 21:37:39.195,0.16529835760593414,-0.08673182874917984,-0.13457739353179932,-0.0009036255651153624,0.0009827902540564537,-0.0008069997420534492
2026-03-25 21:37:39.197,0.15955455601215363,-0.0872616246342659,-0.1358819156885147,-0.0009835821110755205,0.0009313725167885423,-0.0007709495257586241
2026-03-25 21:37:39.199,0.16270296275615692,-0.09498710930347443,-0.12928976118564606,-0.000892544980160892,0.0009715561172924936,-0.0007541418890468776
2026-03-25 21:37:39.201,0.15353073179721832,-0.09593310952186584,-0.13584458827972412,-0.0008341010543517768,0.0011313038412481546,-0.0007528041605837643
2026-03-25 21:37:39.203,0.15872910618782043,-0.09939734637737274,-0.13940946757793427,-0.0008086729794740677,0.0009017932461574674,-0.0008967351168394089
2026-03-25 21:37:39.205,0.14392323791980743,-0.10759148746728897,-0.14553989470005035,-0.000655937590636313,0.000682790414430201,-0.0007508823182433844
2026-03-25 21:37:39.207,0.13810813426971436,-0.1121537983417511,-0.13380439579486847,-0.0006100459140725434,0.0007483474910259247,-0.0009274345939047635
2026-03-25 21:37:39.209,0.14288772642612457,-0.1123330295085907,-0.14300990104675293,-0.0005826480337418616,0.0005230977549217641,-0.0007426589145325124
2026-03-25 21:37:39.211,0.14972597360610962,-0.1030309721827507,-0.13748498260974884,-0.0007407152443192899,0.000669697648845613,-0.0007061946671456099
2026-03-25 21:37:39.213,0.15716131031513214,-0.10691513121128082,-0.13973890244960785,-0.0005629945662803948,0.0009269402362406254,-0.0008151894435286522
2026-03-25 21:37:39.215,0.15289203822612762,-0.10466331243515015,-0.1393364518880844,-0.0008432507165707648,0.0008245914941653609,-0.0008150503854267299
2026-03-25 21:37:39.217,0.1601952165365219,-0.1077163964509964,-0.13362844288349152,-0.0009935114067047834,0.0010492202127352357,-0.0007855750736780465
2026-03-25 21:37:39.219,0.16197408735752106,-0.10915225744247437,-0.12270595878362656,-0.0007522876258008182,0.0008859614026732743,-0.0006643004016950727
2026-03-25 21:37:39.221,0.15876644849777222,-0.10601167380809784,-0.1173458993434906,-0.0007570699672214687,0.0009327439474873245,-0.000745639146771282
2026-03-25 21:37:39.223,0.16482160985469818,-0.10608763247728348,-0.12577927112579346,-0.0007810531533323228,0.0009611278655938804,-0.0006795634981244802
2026-03-25 21:37:39.225,0.16292904317378998,-0.11055359989404678,-0.12154129892587662,-0.0007296602125279605,0.0008187557687051594,-0.0005877320654690266
2026-03-25 21:37:39.227,0.15955117344856262,-0.11449851840734482,-0.13019074499607086,-0.0006250469014048576,0.0007712034275755286,-0.0006938836304470897
2026-03-25 21:37:39.229,0.15625780820846558,-0.11652401089668274,-0.1361953318119049,-0.0006020438740961254,0.0009334918577224016,-0.0008356372127309442
2026-03-25 21:37:39.231,0.14257000386714935,-0.11335870623588562,-0.13392898440361023,-0.000702982593793422,0.0007439747569151223,-0.0007525795954279602
2026-03-25 21:37:39.233,0.14278775453567505,-0.11517922580242157,-0.13759388029575348,-0.0006950573297217488,0.0005907764425501227,-0.0007470448617823422
2026-03-25 21:37:39.235,0.15967267751693726,-0.11970123648643494,-0.14053408801555634,-0.0005247563822194934,0.0011204686015844345,-0.0007735296385362744
2026-03-25 21:37:39.237,0.1441677361726761,-0.11522602289915085,-0.12167741358280182,-0.00044271984370425344,0.0008402945823036134,-0.0007047111866995692
2026-03-25 21:37:39.239,0.15993532538414001,-0.11682690680027008,-0.13189548254013062,-0.0006257715867832303,0.0008504902943968773,-0.0007929488783702254
2026-03-25 21:37:39.241,0.15776297450065613,-0.11642871797084808,-0.13719487190246582,-0.0008146216860041022,0.0008120444254018366,-0.000691257999278605
2026-03-25 21:37:39.243,0.16114583611488342,-0.1091066226363182,-0.13387715816497803,-0.0006438046111725271,0.0010283230803906918,-0.0005748724797740579
2026-03-25 21:37:39.245,0.1631491631269455,-0.10824719816446304,-0.13381299376487732,-0.0005858683143742383,0.00107893580570817,-0.000514448038302362
2026-03-25 21:37:39.247,0.16718998551368713,-0.10870028287172318,-0.1141003668308258,-0.0006752983899787068,0.0009133439161814749,-0.000645519292447716
2026-03-25 21:37:39.249,0.16219384968280792,-0.10677444189786911,-0.11819508671760559,-0.0007657026872038841,0.0006774045759811997,-0.0007031728164292872
2026-03-25 21:37:39.251,0.16834425926208496,-0.11167924106121063,-0.12414974719285965,-0.0006448649219237268,0.0008769519627094269,-0.0007128526922315359
2026-03-25 21:37:39.253,0.1655646413564682,-0.11018640547990799,-0.12241222709417343,-0.0006870426004752517,0.0011257678270339966,-0.0007472381694242358
2026-03-25 21:37:39.254,0.1543029248714447,-0.1091017872095108,-0.12693572044372559,-0.0006611386779695749,0.0008472364279441535,-0.0006614796002395451
2026-03-25 21:37:39.256,0.1579965353012085,-0.11793962121009827,-0.13409750163555145,-0.0008226234931498766,0.0007876039599068463,-0.00046282235416583717
2026-03-25 21:37:39.258,0.14722301065921783,-0.11539793014526367,-0.14079849421977997,-0.0005345662939362228,0.0008591499645262957,-0.0007152088219299912
2026-03-25 21:37:39.260,0.14449715614318848,-0.1210712268948555,-0.14291781187057495,-0.0005665341159328818,0.0009002675069496036,-0.0007651611231267452
2026-03-25 21:37:39.262,0.142194464802742,-0.1153876855969429,-0.11832459270954132,-0.0006365972221828997,0.0008385296096093953,-0.0007090308354236186
2026-03-25 21:37:39.264,0.158217653632164,-0.11372070759534836,-0.13978877663612366,-0.0007099041249603033,0.0008230847306549549,-0.0006727104773744941
2026-03-25 21:37:39.266,0.16093361377716064,-0.107480987906456,-0.129172220826149,-0.0006656349287368357,0.0009751156321726739,-0.0007290606736205518
2026-03-25 21:37:39.268,0.15165665745735168,-0.10145584493875504,-0.12638846039772034,-0.000865936919581145,0.0009752726182341576,-0.0005771120195277035
2026-03-25 21:37:39.270,0.17087945342063904,-0.10245880484580994,-0.1368200033903122,-0.0006838689441792667,0.0010140580125153065,-0.0006726958672516048
2026-03-25 21:37:39.272,0.16549327969551086,-0.10163264721632004,-0.11900732666254044,-0.0009524366469122469,0.0009960009483620524,-0.0007530826842412353
2026-03-25 21:37:39.274,0.1596950888633728,-0.10626819729804993,-0.12483911216259003,-0.0009140367619693279,0.0010317321866750717,-0.0009123281924985349
2026-03-25 21:37:39.276,0.15522834658622742,-0.1091834157705307,-0.12928587198257446,-0.00085555633995682,0.0008249202510342002,-0.0009118989109992981
2026-03-25 21:37:39.278,0.14675603806972504,-0.10734733194112778,-0.1347193568944931,-0.0009266753913834691,0.0006172145949676633,-0.0009069161023944616
2026-03-25 21:37:39.280,0.1542610079050064,-0.10608085244894028,-0.14652231335639954,-0.0007375833811238408,0.000814227678347379,-0.0008447341388091445
2026-03-25 21:37:39.282,0.1505458950996399,-0.10769011825323105,-0.13924042880535126,-0.0005910159088671207,0.0008642063476145267,-0.0006895162514410913
2026-03-25 21:37:39.284,0.14501070976257324,-0.1077541932463646,-0.1419198215007782,-0.0009213485172949731,0.0005110274069011211,-0.000725681777112186
2026-03-25 21:37:39.286,0.1562853753566742,-0.1108514666557312,-0.14512071013450623,-0.000890071620233357,0.0005695616127923131,-0.0007917220937088132
2026-03-25 21:37:39.288,0.15451034903526306,-0.10662201792001724,-0.1365523338317871,-0.0007868764223530889,0.000571850745473057,-0.0006529618985950947
2026-03-25 21:37:39.290,0.15344661474227905,-0.10080389678478241,-0.1281166523694992,-0.0007167021394707263,0.0007301992154680192,-0.000735509383957833
2026-03-25 21:37:39.292,0.16183000802993774,-0.10508178174495697,-0.12379303574562073,-0.0008941595442593098,0.0005754438461735845,-0.000769212725572288
2026-03-25 21:37:39.294,0.1584940254688263,-0.10221616178750992,-0.1271444857120514,-0.0010292691877111793,0.0010728794150054455,-0.0007759614964015782
2026-03-25 21:37:39.296,0.16654850542545319,-0.09627717733383179,-0.12721620500087738,-0.0009702655370347202,0.0012087534414604306,-0.0008869402809068561
2026-03-25 21:37:39.298,0.16515618562698364,-0.08971227705478668,-0.12535373866558075,-0.0008843856630846858,0.0010077481856569648,-0.0007547943387180567
2026-03-25 21:37:39.300,0.1666669249534607,-0.09288576245307922,-0.13204409182071686,-0.00101672753226012,0.0008147660410031676,-0.0006157325697131455
2026-03-25 21:37:39.302,0.14927102625370026,-0.09363573789596558,-0.14669407904148102,-0.0009292523609474301,0.0008043030393309891,-0.0009328931337222457
2026-03-25 21:37:39.304,0.14827804267406464,-0.09786984324455261,-0.14240680634975433,-0.0006836469401605427,0.0008921112166717649,-0.0008523018332198262
2026-03-25 21:37:39.306,0.14560472965240479,-0.10250680148601532,-0.1432386338710785,-0.0006296890205703676,0.00037100017652846873,-0.000862953660544008
2026-03-25 21:37:39.308,0.14646407961845398,-0.11100226640701294,-0.14540110528469086,-0.0005007207510061562,0.0005078638205304742,-0.0009770445758476853
2026-03-25 21:37:39.310,0.14312483370304108,-0.11643784493207932,-0.13554313778877258,-0.0008704965584911406,0.0006141109042800963,-0.0008859320660121739
2026-03-25 21:37:39.312,0.1504008173942566,-0.10260134935379028,-0.1329110711812973,-0.0008700491744093597,0.0008565952302888036,-0.0009909321088343859
2026-03-25 21:37:39.314,0.1508142650127411,-0.09197265654802322,-0.13123652338981628,-0.0008250987157225609,0.0007739841821603477,-0.0007218557293526828
2026-03-25 21:37:39.316,0.14840489625930786,-0.09309829771518707,-0.1196025162935257,-0.0010541995288804173,0.0008607391500845551,-0.0008170341025106609
2026-03-25 21:37:39.318,0.1602185219526291,-0.09467598795890808,-0.1431802362203598,-0.000898559985216707,0.001042972202412784,-0.0009351950138807297
2026-03-25 21:37:39.320,0.15175355970859528,-0.09491338580846786,-0.1220555454492569,-0.0009578392491675913,0.0008565725875087082,-0.0009279879741370678
2026-03-25 21:37:39.322,0.1589299738407135,-0.10071893781423569,-0.13316000998020172,-0.0008638353901915252,0.001086980802938342,-0.0010239577386528254
2026-03-25 21:37:39.324,0.15247449278831482,-0.09880970418453217,-0.13556331396102905,-0.0007970754522830248,0.0009161686757579446,-0.0008248487720265985
2026-03-25 21:37:39.327,0.154579758644104,-0.10185055434703827,-0.13677622377872467,-0.0007474400335922837,0.000704434874933213,-0.0008857542998157442
2026-03-25 21:37:39.329,0.14697664976119995,-0.09823817759752274,-0.13824224472045898,-0.0008089783368632197,0.0006295718485489488,-0.0008385645342059433
2026-03-25 21:37:39.331,0.14938673377037048,-0.10286623239517212,-0.13513509929180145,-0.0007166308350861073,0.0007515839533880353,-0.0007220237166620791
2026-03-25 21:37:39.333,0.14923518896102905,-0.1113809198141098,-0.14069393277168274,-0.0007840012549422681,0.0007929532439447939,-0.0007570265443064272
2026-03-25 21:37:39.335,0.15403224527835846,-0.11020836234092712,-0.13517257571220398,-0.0006851608632132411,0.0006983089842833579,-0.0008446142892353237
2026-03-25 21:37:39.337,0.143537700176239,-0.10250240564346313,-0.13738776743412018,-0.0008850577869452536,0.000922849343623966,-0.0008681833860464394
2026-03-25 21:37:39.339,0.16219206154346466,-0.09942580759525299,-0.13665592670440674,-0.0008545370656065643,0.0008244458003900945,-0.0008982702856883407
2026-03-25 21:37:39.341,0.1629301756620407,-0.10460343956947327,-0.1321878731250763,-0.000873708922881633,0.0009573283605277538,-0.0007683716248720884
2026-03-25 21:37:39.343,0.15788809955120087,-0.09754743427038193,-0.12248524278402328,-0.0007567734573967755,0.0010347932111471891,-0.0007623504498042166
2026-03-25 21:37:39.345,0.15909482538700104,-0.09816570580005646,-0.12801383435726166,-0.0009268453577533364,0.0010613008635118604,-0.0005955809028819203
2026-03-25 21:37:39.347,0.16382084786891937,-0.09970063716173172,-0.13261675834655762,-0.0007961657247506082,0.0010500665521249175,-0.0007483027293346822
2026-03-25 21:37:39.349,0.16408906877040863,-0.09990619868040085,-0.13098657131195068,-0.0009106638608500361,0.0008480296819470823,-0.0006227031699381769
2026-03-25 21:37:39.351,0.15751557052135468,-0.10238182544708252,-0.12923280894756317,-0.0007163681439124048,0.0009770665783435106,-0.0008070654002949595
2026-03-25 21:37:39.353,0.1544610857963562,-0.10596828907728195,-0.13709460198879242,-0.0009118230082094669,0.000746366276871413,-0.0007838467136025429
2026-03-25 21:37:39.355,0.14797857403755188,-0.10755609720945358,-0.13868223130702972,-0.0008485320140607655,0.0006314658676274121,-0.000680640630889684
2026-03-25 21:37:39.357,0.14095288515090942,-0.11400432884693146,-0.14428332448005676,-0.0007257394026964903,0.0006858305423520505,-0.0008295740117318928
2026-03-25 21:37:39.359,0.14498940110206604,-0.12036848813295364,-0.1409563571214676,-0.0008316956227645278,0.0008370240684598684,-0.0007882426725700498
2026-03-25 21:37:39.361,0.14640125632286072,-0.11071793735027313,-0.14120198786258698,-0.0005769149865955114,0.000794111518189311,-0.0007600271492265165
2026-03-25 21:37:39.363,0.15955595672130585,-0.10871443152427673,-0.13305531442165375,-0.0005486727459356189,0.0007660981500521302,-0.0007303477614186704
2026-03-25 21:37:39.365,0.15590275824069977,-0.11058929562568665,-0.1344120055437088,-0.0009605620289221406,0.0006447431514970958,-0.0008938696119002998
2026-03-25 21:37:39.367,0.16010050475597382,-0.10020869225263596,-0.13940437138080597,-0.0007659167749807239,0.0012170971604064107,-0.0009463542373850942
2026-03-25 21:37:39.371,0.16307713091373444,-0.09918025135993958,-0.13177932798862457,-0.0007974857580848038,0.001009542029350996,-0.0007437107269652188
2026-03-25 21:37:39.373,0.1549292951822281,-0.10853630304336548,-0.1208861917257309,-0.0009421421564184129,0.0009754777420312166,-0.0008637432474642992
2026-03-25 21:37:39.375,0.1575901210308075,-0.10413116961717606,-0.13318771123886108,-0.0005013446207158267,0.0008505027508363128,-0.0009568001260049641
2026-03-25 21:37:39.377,0.15389491617679596,-0.10777468234300613,-0.13494367897510529,-0.000892452837433666,0.0007977691129781306,-0.0008401923114433885
2026-03-25 21:37:39.379,0.14525236189365387,-0.10922359675168991,-0.13669486343860626,-0.0007876102463342249,0.0008934141951613128,-0.0007159211090765893
2026-03-25 21:37:39.381,0.1497783362865448,-0.11704006791114807,-0.13752809166908264,-0.0005599713185802102,0.0009136787848547101,-0.0008518204558640718
2026-03-25 21:37:39.385,0.1450035572052002,-0.11159823089838028,-0.140220507979393,-0.0005694873980246484,0.0007857191958464682,-0.0007281843572854996
2026-03-25 21:37:39.387,0.1528102308511734,-0.11326708644628525,-0.13379386067390442,-0.0007778544677421451,0.0008804022800177336,-0.0007784944609738886
2026-03-25 21:37:39.389,0.1504228711128235,-0.1065974086523056,-0.13029254972934723,-0.0007270746282301843,0.0008726845262572169,-0.0008509857580065727
2026-03-25 21:37:39.391,0.1587541252374649,-0.11105090379714966,-0.12510360777378082,-0.0007794923149049282,0.0010740754660218954,-0.0009214860037900507
2026-03-25 21:37:39.393,0.15179450809955597,-0.10061401128768921,-0.12387880682945251,-0.000763680029194802,0.0009047928615473211,-0.0007288757478818297
2026-03-25 21:37:39.395,0.1640387624502182,-0.10306709259748459,-0.13270528614521027,-0.0006167530664242804,0.0011067105224356055,-0.0007678449619561434
2026-03-25 21:37:39.397,0.16242220997810364,-0.09989836066961288,-0.1228819489479065,-0.0008243241463787854,0.0009610053384676576,-0.0008142904844135046
2026-03-25 21:37:39.399,0.1673140823841095,-0.10625753551721573,-0.12460730969905853,-0.0007886448292993009,0.0010567159624770284,-0.0009603174403309822
2026-03-25 21:37:39.401,0.16234655678272247,-0.10342790186405182,-0.13476835191249847,-0.0006459938595071435,0.0008892638143151999,-0.0008461290271952748
2026-03-25 21:37:39.403,0.1533571034669876,-0.10787516832351685,-0.13907915353775024,-0.0008040039101615548,0.0009427084005437791,-0.0008211681852117181
2026-03-25 21:37:39.405,0.14551468193531036,-0.1058618500828743,-0.14337866008281708,-0.0006802849820815027,0.0006239695940166712,-0.0007392094703391194
2026-03-25 21:37:39.407,0.14772646129131317,-0.11605510860681534,-0.15051621198654175,-0.0005034618079662323,0.0007178679225035012,-0.000835238432046026
2026-03-25 21:37:39.411,0.14566102623939514,-0.11185068637132645,-0.14599880576133728,-0.0005039716488681734,0.0007111220620572567,-0.000872097909450531
2026-03-25 21:37:39.413,0.1569063365459442,-0.10116682201623917,-0.14093537628650665,-0.0007167650037445128,0.000830348115414381,-0.0006130219553597271
2026-03-25 21:37:39.415,0.15201202034950256,-0.10813461244106293,-0.13437899947166443,-0.0008022939437068999,0.0008764349040575325,-0.000687272462528199
2026-03-25 21:37:39.417,0.16447065770626068,-0.10044899582862854,-0.12814058363437653,-0.0005093979416415095,0.0011650343658402562,-0.00077785924077034
2026-03-25 21:37:39.421,0.15371444821357727,-0.10483191907405853,-0.11925094574689865,-0.0008530052145943046,0.0009535033605061471,-0.0007614335627295077
2026-03-25 21:37:39.422,0.17348673939704895,-0.102375328540802,-0.13109968602657318,-0.0007054422167129815,0.0010312068043276668,-0.0007690107449889183
2026-03-25 21:37:39.424,0.1521056443452835,-0.10477004200220108,-0.11713510751724243,-0.0009933941764757037,0.0008824908290989697,-0.0008270633406937122
2026-03-25 21:37:39.426,0.15978184342384338,-0.10440416634082794,-0.12439949810504913,-0.0007196496590040624,0.0009315015631727874,-0.000818790344055742
2026-03-25 21:37:39.428,0.14923247694969177,-0.10735984146595001,-0.12659969925880432,-0.0007392627303488553,0.000736592395696789,-0.0005522239371202886
2026-03-25 21:37:39.430,0.1495741903781891,-0.11020112782716751,-0.1301424205303192,-0.0006939418381080031,0.0008725944207981229,-0.0007524844841100276
2026-03-25 21:37:39.432,0.15643666684627533,-0.10941051691770554,-0.1399998962879181,-0.0007579478551633656,0.0006930967792868614,-0.0006208623526617885
2026-03-25 21:37:39.434,0.1459425538778305,-0.11132863163948059,-0.1314820945262909,-0.0007169268210418522,0.0006031055236235261,-0.0006905893096700311
2026-03-25 21:37:39.436,0.15041391551494598,-0.10711120814085007,-0.14387163519859314,-0.0007874722359701991,0.0008097995305433869,-0.0006626427639275789
2026-03-25 21:37:39.438,0.14798767864704132,-0.11194523423910141,-0.13134129345417023,-0.000642436440102756,0.0007143126567825675,-0.0008346614777110517
2026-03-25 21:37:39.440,0.16659143567085266,-0.11514568328857422,-0.12926848232746124,-0.0006426309118978679,0.0009347544400952756,-0.0007870480767451227
2026-03-25 21:37:39.442,0.1402822881937027,-0.10707242041826248,-0.12888343632221222,-0.0008187801577150822,0.0007950558210723102,-0.0007541180239059031
2026-03-25 21:37:39.444,0.16169607639312744,-0.10209911316633224,-0.13260094821453094,-0.0009465374751016498,0.0009329924359917641,-0.0007710779318585992
2026-03-25 21:37:39.446,0.1631721556186676,-0.09668382257223129,-0.12429144233465195,-0.0009496366255916655,0.0008002612157724798,-0.0005775578902103007
2026-03-25 21:37:39.448,0.16914689540863037,-0.09843499213457108,-0.12221838533878326,-0.0006883197347633541,0.0010461722267791629,-0.0007711299112997949
2026-03-25 21:37:39.450,0.14812727272510529,-0.09670523554086685,-0.11827893555164337,-0.0007049671257846057,0.0009726130519993603,-0.000688304950017482
2026-03-25 21:37:39.452,0.16009432077407837,-0.10222171247005463,-0.1379738748073578,-0.0006034545949660242,0.000970262277405709,-0.0007831456023268402
2026-03-25 21:37:39.454,0.14283554255962372,-0.1073249951004982,-0.13124214112758636,-0.0007543237879872322,0.000755920191295445,-0.0008628088980913162
2026-03-25 21:37:39.456,0.1389864981174469,-0.11192155629396439,-0.14199931919574738,-0.0008465669816359878,0.000777052016928792,-0.0008819088689051569
2026-03-25 21:37:39.458,0.1331201195716858,-0.10539031028747559,-0.1422102451324463,-0.0005240026512183249,0.0006600882625207305,-0.001020656549371779
2026-03-25 21:37:39.460,0.1444029062986374,-0.1033075824379921,-0.14413321018218994,-0.000688985688611865,0.0007877250318415463,-0.000680364842992276
2026-03-25 21:37:39.462,0.151882603764534,-0.10850398987531662,-0.1419713795185089,-0.0007986441487446427,0.0009178963955491781,-0.0007882700301706791
2026-03-25 21:37:39.464,0.15570087730884552,-0.10480911284685135,-0.12854520976543427,-0.0006202842923812568,0.0008258132729679346,-0.0008796891197562218
2026-03-25 21:37:39.466,0.1625886857509613,-0.09979978948831558,-0.13582436740398407,-0.0008110615890473127,0.0010476944735273719,-0.0007649494218640029
2026-03-25 21:37:39.468,0.1502963900566101,-0.09453887492418289,-0.12869170308113098,-0.0010752159869298339,0.0009161355555988848,-0.0007525288383476436
2026-03-25 21:37:39.470,0.16497525572776794,-0.09531377255916595,-0.13532361388206482,-0.0009479536092840135,0.0011548314942047,-0.0007300873403437436
2026-03-25 21:37:39.472,0.14680109918117523,-0.09580979496240616,-0.1196269616484642,-0.0009313919581472874,0.0008660014718770981,-0.000746582867577672
2026-03-25 21:37:39.474,0.1622047871351242,-0.10320258140563965,-0.13723449409008026,-0.0007956775953061879,0.0008487550658173859,-0.0008984020096249878
2026-03-25 21:37:39.476,0.15251903235912323,-0.10621826350688934,-0.14107254147529602,-0.0007715390529483557,0.0009037147974595428,-0.0009537503938190639
2026-03-25 21:37:39.478,0.1472805291414261,-0.10276076197624207,-0.13460205495357513,-0.0010051728459075093,0.0009882845915853977,-0.0006219271454028785
2026-03-25 21:37:39.480,0.14773312211036682,-0.10863164812326431,-0.14909587800502777,-0.0007386977667920291,0.0008744498481974006,-0.0009705058764666319
2026-03-25 21:37:39.482,0.13817130029201508,-0.10431351512670517,-0.1290232390165329,-0.0011012001195922494,0.0005451227189041674,-0.0007001788471825421
2026-03-25 21:37:39.484,0.14724178612232208,-0.1062023937702179,-0.1548282355070114,-0.0009746291325427592,0.0006967968656681478,-0.0008402523235417902
2026-03-25 21:37:39.486,0.1450185775756836,-0.1033320426940918,-0.12773318588733673,-0.0006169397966004908,0.0007217200472950935,-0.0009269227739423513
2026-03-25 21:37:39.488,0.15381039679050446,-0.11086486279964447,-0.13344047963619232,-0.0006669764989055693,0.000856904371175915,-0.0008907322189770639
2026-03-25 21:37:39.490,0.1587165743112564,-0.10294786840677261,-0.1328502744436264,-0.0007775296689942479,0.0009102332987822592,-0.0010239679832011461
2026-03-25 21:37:39.492,0.15948933362960815,-0.09637745469808578,-0.12559330463409424,-0.0008227306534536183,0.0006658465135842562,-0.0007369682425633073
2026-03-25 21:37:39.494,0.16357102990150452,-0.09447886794805527,-0.12573783099651337,-0.0008179718861356378,0.0009827592875808477,-0.0008340902859345078
2026-03-25 21:37:39.496,0.1581762135028839,-0.0942063257098198,-0.12002237886190414,-0.0009880312718451023,0.0007606735453009605,-0.0007441762718372047
2026-03-25 21:37:39.498,0.15645469725131989,-0.09791534394025803,-0.12445039302110672,-0.0008294337312690914,0.0011631669476628304,-0.0009084740886464715
2026-03-25 21:37:39.500,0.15377411246299744,-0.10230594873428345,-0.11493785679340363,-0.0007909603882580996,0.0008642116445116699,-0.0007352543761953712
2026-03-25 21:37:39.502,0.14814303815364838,-0.1022193506360054,-0.14007830619812012,-0.0007968462887220085,0.0007950221188366413,-0.0008315366576425731
2026-03-25 21:37:39.504,0.14491689205169678,-0.09533542394638062,-0.1444326937198639,-0.0006846846081316471,0.0006652201991528273,-0.0009269091533496976
2026-03-25 21:37:39.506,0.14312250912189484,-0.10139772295951843,-0.1395118683576584,-0.000669926346745342,0.0005895682261325419,-0.0006889869109727442
2026-03-25 21:37:39.508,0.1502067893743515,-0.11272305995225906,-0.14519184827804565,-0.0008537299581803381,0.0007672916981391609,-0.0007450073608197272
2026-03-25 21:37:39.510,0.15028050541877747,-0.11017195135354996,-0.14817330241203308,-0.0006083406624384224,0.0005580441793426871,-0.0008688310044817626
2026-03-25 21:37:39.512,0.14956218004226685,-0.10439370572566986,-0.13547444343566895,-0.0006710242014378309,0.0008786791586317122,-0.0007684301817789674
2026-03-25 21:37:39.514,0.1525823324918747,-0.10525933653116226,-0.1335171014070511,-0.0007327913190238178,0.000930656970012933,-0.0008134136442095041
2026-03-25 21:37:39.516,0.15053938329219818,-0.1026897057890892,-0.12814432382583618,-0.0009867028566077352,0.0010655656224116683,-0.0007786198402754962
2026-03-25 21:37:39.517,0.15569984912872314,-0.09408926963806152,-0.11886883527040482,-0.0009496452985331416,0.0010104081593453884,-0.0006981982733123004
2026-03-25 21:37:39.519,0.15494473278522491,-0.09473591297864914,-0.11479990929365158,-0.00077822309685871,0.0009651219588704407,-0.0007348819053731859
2026-03-25 21:37:39.521,0.1591949760913849,-0.09834098815917969,-0.12710869312286377,-0.0007828478119336069,0.0008391563314944506,-0.0009502142784185708
2026-03-25 21:37:39.523,0.15796495974063873,-0.10620691627264023,-0.14462034404277802,-0.0006346816080622375,0.0006427782936953008,-0.000832259189337492
2026-03-25 21:37:39.525,0.15191979706287384,-0.10044702887535095,-0.13733628392219543,-0.0005949758342467248,0.0008979298872873187,-0.0006485851481556892
2026-03-25 21:37:39.527,0.15186503529548645,-0.10303270816802979,-0.14165297150611877,-0.0005455231294035912,0.0006722753751091659,-0.0009265000699087977
2026-03-25 21:37:39.531,0.14343266189098358,-0.1034279465675354,-0.134025439620018,-0.0005404578405432403,0.0009418816771358252,-0.0009643931407481432
2026-03-25 21:37:39.533,0.1467033177614212,-0.10701058059930801,-0.12963037192821503,-0.0008196206181310117,0.0007983953109942377,-0.0007397998124361038
2026-03-25 21:37:39.535,0.14701798558235168,-0.10638844966888428,-0.13471631705760956,-0.0007783882902003825,0.0008165158797055483,-0.0007146353018470109
2026-03-25 21:37:39.537,0.1515635848045349,-0.10722886025905609,-0.14150576293468475,-0.0004910365678369999,0.0006928210495971143,-0.0009151973645202816
2026-03-25 21:37:39.539,0.14919820427894592,-0.1027936264872551,-0.1332307755947113,-0.0008191444212570786,0.0009445179020985961,-0.0007403637282550335
2026-03-25 21:37:39.541,0.14842045307159424,-0.10608736425638199,-0.1348685324192047,-0.0007790419040247798,0.0009650572901591659,-0.0006621163338422775
2026-03-25 21:37:39.543,0.15666206181049347,-0.1009063646197319,-0.1385805904865265,-0.0007003526552580297,0.0010453220456838608,-0.000825689930934459
2026-03-25 21:37:39.545,0.15370242297649384,-0.09857869893312454,-0.11468780785799026,-0.0007796395220793784,0.0005656564026139677,-0.0007985830307006836
2026-03-25 21:37:39.547,0.16751249134540558,-0.10755407065153122,-0.1285616159439087,-0.0007377166766673326,0.000846154463943094,-0.0007478881743736565
2026-03-25 21:37:39.549,0.16218814253807068,-0.10532855987548828,-0.11970029771327972,-0.0005924642900936306,0.0009873531525954604,-0.0009046324412338436
2026-03-25 21:37:39.551,0.16174864768981934,-0.10428211092948914,-0.1295502930879593,-0.0006979391910135746,0.0011892489856109023,-0.000715480069629848
2026-03-25 21:37:39.553,0.15319640934467316,-0.09962186962366104,-0.12648487091064453,-0.0008601322188042104,0.0009367730235680938,-0.0006851440411992371
2026-03-25 21:37:39.555,0.151719868183136,-0.09889998286962509,-0.14243319630622864,-0.0007185700233094394,0.0010626399889588356,-0.000790621095802635
2026-03-25 21:37:39.557,0.14260755479335785,-0.10178384184837341,-0.13190650939941406,-0.0006861059810034931,0.0007611825130879879,-0.0006721135578118265
2026-03-25 21:37:39.559,0.14874619245529175,-0.11311808973550797,-0.13502319157123566,-0.0007381578907370567,0.0008961011189967394,-0.000776102242525667
2026-03-25 21:37:39.561,0.14752624928951263,-0.12136077880859375,-0.14443668723106384,-0.000366921944078058,0.000882302294485271,-0.001057672780007124
2026-03-25 21:37:39.563,0.14313094317913055,-0.11569081246852875,-0.1401110738515854,-0.0007292650989256799,0.0006212063599377871,-0.0007151532336138189
2026-03-25 21:37:39.565,0.14747169613838196,-0.11033432185649872,-0.13542801141738892,-0.0006176931201480329,0.0007994046900421381,-0.0006741065299138427
2026-03-25 21:37:39.567,0.15695644915103912,-0.10385992377996445,-0.13492050766944885,-0.0006276346393860877,0.0008761366480030119,-0.0009219235507771373
2026-03-25 21:37:39.569,0.15641038119792938,-0.09731590002775192,-0.12631478905677795,-0.0007287031039595604,0.000898564700037241,-0.0007728550117462873
2026-03-25 21:37:39.571,0.17186690866947174,-0.10496789962053299,-0.13638445734977722,-0.0007768521318212152,0.0010741830337792635,-0.0006929715746082366
2026-03-25 21:37:39.573,0.16383637487888336,-0.1113433837890625,-0.1306772232055664,-0.0009501538588665426,0.0010682520223781466,-0.0006033740355633199
2026-03-25 21:37:39.575,0.16191565990447998,-0.11183444410562515,-0.12774373590946198,-0.0009492132230661809,0.0008476839866489172,-0.0007279773126356304
2026-03-25 21:37:39.577,0.14872029423713684,-0.10867919772863388,-0.1365431845188141,-0.0008219694718718529,0.0008331938297487795,-0.0007953086169436574
2026-03-25 21:37:39.579,0.15082722902297974,-0.10673443228006363,-0.13405609130859375,-0.0005959707777947187,0.0008281798218376935,-0.0007605029968544841
2026-03-25 21:37:39.580,0.15170235931873322,-0.10951443016529083,-0.12980769574642181,-0.00046909364755265415,0.0008813727181404829,-0.0008253622218035161
2026-03-25 21:37:39.582,0.15517102181911469,-0.11740659177303314,-0.15036426484584808,-0.0006079839076846838,0.0010832041734829545,-0.0005031085456721485
2026-03-25 21:37:39.584,0.14938299357891083,-0.11501584947109222,-0.12801982462406158,-0.0004581809916999191,0.0009709789301268756,-0.0009321689722128212
2026-03-25 21:37:39.587,0.15011462569236755,-0.11238076537847519,-0.12872430682182312,-0.0008264741045422852,0.000724727928172797,-0.0007321312441490591
2026-03-25 21:37:39.588,0.1526934802532196,-0.10777579993009567,-0.13337372243404388,-0.0008867459837347269,0.0007518194033764303,-0.0007620427059009671
2026-03-25 21:37:39.590,0.15435518324375153,-0.10585986077785492,-0.12911586463451385,-0.0006752172484993935,0.0008197854040190578,-0.0008158915443345904
2026-03-25 21:37:39.592,0.15215420722961426,-0.10817539691925049,-0.12070994079113007,-0.0007494239252991974,0.000805110961664468,-0.0008387209381908178
2026-03-25 21:37:39.594,0.16468599438667297,-0.11045549809932709,-0.12713775038719177,-0.0006816568202339113,0.0008858517394401133,-0.0008415385382249951
2026-03-25 21:37:39.596,0.1666845828294754,-0.1073480099439621,-0.12692409753799438,-0.0008101903949864209,0.0010953631717711687,-0.0009426625329069793
2026-03-25 21:37:39.598,0.15660181641578674,-0.09994766116142273,-0.11592774093151093,-0.0008080928237177432,0.001070433878339827,-0.0007372540421783924
2026-03-25 21:37:39.600,0.15972892940044403,-0.09960561990737915,-0.1305636614561081,-0.0008256320143118501,0.001072125625796616,-0.000611963274423033
2026-03-25 21:37:39.602,0.15547782182693481,-0.10613467544317245,-0.1336144655942917,-0.0009326428407803178,0.0009850444039329886,-0.0006772243650630116
2026-03-25 21:37:39.604,0.14718973636627197,-0.1045294851064682,-0.13568659126758575,-0.0008443989790976048,0.0010662251152098179,-0.0008770365384407341
2026-03-25 21:37:39.606,0.1488921344280243,-0.11195101588964462,-0.13479578495025635,-0.0007102335803210735,0.0009813247015699744,-0.0008200483862310648
2026-03-25 21:37:39.608,0.1559779793024063,-0.11433225870132446,-0.1371823102235794,-0.0007222553831525147,0.0008114762604236603,-0.0007010975386947393
2026-03-25 21:37:39.610,0.14879339933395386,-0.10991103202104568,-0.13434821367263794,-0.0007951838779263198,0.0006585708470083773,-0.0007223307620733976
2026-03-25 21:37:39.612,0.14674384891986847,-0.10577317327260971,-0.14458058774471283,-0.000721926218830049,0.0008241857285611331,-0.0007673922809772193
2026-03-25 21:37:39.614,0.15776637196540833,-0.10229526460170746,-0.1469648778438568,-0.0008370941504836082,0.0007736510597169399,-0.0006985737127251923
2026-03-25 21:37:39.616,0.1578071266412735,-0.10675731301307678,-0.13943763077259064,-0.0010455150622874498,0.0008167579071596265,-0.0007869699620641768
2026-03-25 21:37:39.618,0.1608811467885971,-0.10332874208688736,-0.12947973608970642,-0.0007663252763450146,0.0008854361949488521,-0.0008451780304312706
2026-03-25 21:37:39.621,0.15783655643463135,-0.10647382587194443,-0.12451273947954178,-0.0007786665228195488,0.0009761967230588198,-0.0009557529701851308
2026-03-25 21:37:39.622,0.1537209302186966,-0.1039784848690033,-0.12884272634983063,-0.0008505505975335836,0.0008801167132332921,-0.0006607226678170264
2026-03-25 21:37:39.624,0.1561301350593567,-0.10192383825778961,-0.1348736584186554,-0.0006912639946676791,0.0007462482317350805,-0.0007758933352306485
2026-03-25 21:37:39.627,0.16192498803138733,-0.1023852527141571,-0.13503096997737885,-0.0008434268529526889,0.0008908591698855162,-0.0007214812794700265
2026-03-25 21:37:39.629,0.15495461225509644,-0.1026487797498703,-0.13148735463619232,-0.0007087670383043587,0.0007058859919197857,-0.0009163630311377347
2026-03-25 21:37:39.631,0.1582924723625183,-0.10276663303375244,-0.13672731816768646,-0.0006988278473727405,0.0007186452858150005,-0.000945942651014775
2026-03-25 21:37:39.633,0.1539837270975113,-0.09683536738157272,-0.1414136290550232,-0.0007431806297972798,0.0008302266360260546,-0.0009407374309375882
2026-03-25 21:37:39.635,0.14980562031269073,-0.10068061947822571,-0.14595334231853485,-0.0008788115228526294,0.0007665705634281039,-0.000662522274069488
2026-03-25 21:37:39.637,0.14180442690849304,-0.0992845892906189,-0.1519766002893448,-0.0007643566932529211,0.0008217821014113724,-0.0008827748242765665
2026-03-25 21:37:39.639,0.15106748044490814,-0.10488943010568619,-0.14123614132404327,-0.0009251842275261879,0.0006968547240830958,-0.0010573591571301222
2026-03-25 21:37:39.641,0.14863915741443634,-0.1042531430721283,-0.14178645610809326,-0.0008199237636290491,0.0009363052085973322,-0.0010396174620836973
2026-03-25 21:37:39.643,0.140971377491951,-0.10474453866481781,-0.14119844138622284,-0.0009049619548022747,0.0007098230416886508,-0.0008163428283296525
2026-03-25 21:37:39.645,0.15320545434951782,-0.09891536831855774,-0.14056554436683655,-0.0007400859612971544,0.0008191352826543152,-0.0010344756301492453
2026-03-25 21:37:39.647,0.15041466057300568,-0.10141807049512863,-0.12796476483345032,-0.0007417299784719944,0.0007322623278014362,-0.0009439012501388788
2026-03-25 21:37:39.649,0.15703217685222626,-0.09477601945400238,-0.13307741284370422,-0.000719793897587806,0.0009384470758959651,-0.0008962314459495246
2026-03-25 21:37:39.651,0.16002441942691803,-0.09747547656297684,-0.13224327564239502,-0.000921734725125134,0.0008428868022747338,-0.0005966140306554735
2026-03-25 21:37:39.653,0.16729065775871277,-0.09234727174043655,-0.14104576408863068,-0.0007261825958266854,0.0010770073859021068,-0.0008582280715927482
2026-03-25 21:37:39.655,0.15727253258228302,-0.09514182806015015,-0.13590390980243683,-0.0008599289576523006,0.0008757580071687698,-0.0008546516764909029
2026-03-25 21:37:39.657,0.1455901712179184,-0.10100070387125015,-0.14554448425769806,-0.0007531202281825244,0.0008151076035574079,-0.0009514038101769984
2026-03-25 21:37:39.659,0.13653814792633057,-0.10704600811004639,-0.13213114440441132,-0.0008143790764734149,0.0007269722409546375,-0.0009089914383366704
2026-03-25 21:37:39.661,0.1374194622039795,-0.1109502986073494,-0.13492949306964874,-0.0007322564488276839,0.000635717820841819,-0.0008294983999803662
2026-03-25 21:37:39.663,0.14388436079025269,-0.10730311274528503,-0.14325128495693207,-0.0005761109059676528,0.0007328659412451088,-0.0008466580184176564
2026-03-25 21:37:39.665,0.1502477377653122,-0.10310963541269302,-0.13940247893333435,-0.0007326878258027136,0.0008195735281333327,-0.0009119327296502888
2026-03-25 21:37:39.667,0.1596391350030899,-0.10054486244916916,-0.1309012472629547,-0.000732867163605988,0.000985270831733942,-0.0008369341376237571
2026-03-25 21:37:39.669,0.16968704760074615,-0.09817442297935486,-0.13612474501132965,-0.0008848270517773926,0.0008853541221469641,-0.0008801454096101224
2026-03-25 21:37:39.671,0.1564079225063324,-0.09694819897413254,-0.12464971840381622,-0.0010380427120253444,0.0009110101964324713,-0.0008073769859038293
2026-03-25 21:37:39.673,0.15149183571338654,-0.09786663949489594,-0.12864963710308075,-0.000771685445215553,0.0008220690069720149,-0.0008363479864783585
2026-03-25 21:37:39.675,0.14982719719409943,-0.09737465530633926,-0.12724991142749786,-0.0007647580350749195,0.0009622129728086293,-0.0006520674214698374
2026-03-25 21:37:39.677,0.1552664041519165,-0.10182970017194748,-0.1407490223646164,-0.0008919329848140478,0.0007745572365820408,-0.0007426831289194524
2026-03-25 21:37:39.679,0.14761212468147278,-0.09947260469198227,-0.1385408639907837,-0.0006350225885398686,0.0010451165726408362,-0.0008543201256543398
2026-03-25 21:37:39.681,0.1519840806722641,-0.10639490187168121,-0.1360211819410324,-0.0007834573043510318,0.000653267721645534,-0.0006347097223624587
2026-03-25 21:37:39.683,0.1497039794921875,-0.1115020364522934,-0.14648695290088654,-0.0008564522722736001,0.0010491454740986228,-0.0006313796620815992
2026-03-25 21:37:39.685,0.14238937199115753,-0.12114868313074112,-0.13364876806735992,-0.0006807447643950582,0.0004540751106105745,-0.0008013881160877645
2026-03-25 21:37:39.687,0.14854420721530914,-0.11378797888755798,-0.14259517192840576,-0.00036913345684297383,0.0009365672594867647,-0.000985500286333263
2026-03-25 21:37:39.689,0.1400105208158493,-0.10824931412935257,-0.13435450196266174,-0.0004910699790343642,0.00046565011143684387,-0.000839130487293005
2026-03-25 21:37:39.690,0.1597612053155899,-0.11436774581670761,-0.14493593573570251,-0.0002924723085016012,0.0008328805561177433,-0.000681831210386008
2026-03-25 21:37:39.692,0.14139696955680847,-0.10319334268569946,-0.11880142241716385,-0.0007300169090740383,0.0007335268892347813,-0.0007411309634335339
2026-03-25 21:37:39.694,0.15833362936973572,-0.10531170666217804,-0.10659303516149521,-0.0008377702906727791,0.0008529647602699697,-0.0008328111725859344
2026-03-25 21:37:39.696,0.18420252203941345,-0.11504193395376205,-0.1488008350133896,-0.0007762259338051081,0.0017019676743075252,-0.0008096621022559702
2026-03-25 21:37:39.698,0.13967303931713104,-0.10821103304624557,-0.12389469891786575,-0.0006781338597647846,0.0006522369803860784,-0.0009065362391993403
2026-03-25 21:37:39.700,0.15033259987831116,-0.10595424473285675,-0.13158071041107178,-0.000625837710686028,0.0009025162435136735,-0.0008107693283818662
2026-03-25 21:37:39.702,0.15330886840820312,-0.1056888997554779,-0.13911186158657074,-0.0005528470501303673,0.0008549524936825037,-0.0006742319092154503
2026-03-25 21:37:39.705,0.1619126945734024,-0.10131394863128662,-0.13425737619400024,-0.0004104023100808263,0.0008461574325338006,-0.000709760410245508
2026-03-25 21:37:39.707,0.1477256566286087,-0.1081485003232956,-0.12201303243637085,-0.0007180084940046072,0.0008628165232948959,-0.0007022084319032729
2026-03-25 21:37:39.709,0.15063422918319702,-0.11008913815021515,-0.1358804702758789,-0.0007060536881908774,0.0009130136459134519,-0.0008775188471190631
2026-03-25 21:37:39.711,0.1522248536348343,-0.11238657683134079,-0.14752815663814545,-0.000672661408316344,0.0008168916101567447,-0.0008453430491499603
2026-03-25 21:37:39.713,0.1495639681816101,-0.10074010491371155,-0.13282789289951324,-0.000917336787097156,0.0005349687417037785,-0.00046174993622116745
2026-03-25 21:37:39.715,0.14878985285758972,-0.1129281222820282,-0.1251535564661026,-0.0010543917305767536,0.0006734439521096647,-0.00030531309312209487
2026-03-25 21:37:39.717,0.09318078309297562,-0.14128772914409637,-0.16224788129329681,-0.0005643951590172946,3.936833672923967e-05,2.563820089562796e-08
2026-03-25 21:37:39.719,0.0171306561678648,-0.18577615916728973,-0.21668066084384918,0.0003813224902842194,-0.0012565846554934978,-0.0002786029363051057
2026-03-25 21:37:39.721,-0.04790721461176872,-0.17860302329063416,-0.25382399559020996,0.00017870492592919618,-0.0018820896511897445,3.539169119903818e-05
2026-03-25 21:37:39.722,-0.031961843371391296,-0.16701273620128632,-0.241798534989357,-0.000481296592624858,-0.001817178912460804,0.0005779267521575093
2026-03-25 21:37:39.724,0.009065922349691391,-0.18865631520748138,-0.2333965301513672,-0.00025602109963074327,-0.0016143947141245008,0.00043970494880340993
2026-03-25 21:37:39.726,-0.012599888257682323,-0.19738346338272095,-0.23540973663330078,0.0002540013811085373,-0.0017573749646544456,0.00033237881143577397
2026-03-25 21:37:39.729,-0.055541619658470154,-0.19617803394794464,-0.24217869341373444,0.0004261675931047648,-0.002458842471241951,5.0538877985673025e-05
2026-03-25 21:37:39.730,-0.04568086192011833,-0.1826842576265335,-0.25455716252326965,0.0003161706554237753,-0.002336455276235938,-0.00031738553661853075
2026-03-25 21:37:39.732,0.024409210309386253,-0.1474764198064804,-0.2178083211183548,-0.00013829254021402448,-0.0009830306516960263,-0.0006347995949909091
2026-03-25 21:37:39.734,0.08762657642364502,-0.10539903491735458,-0.15749472379684448,-0.0010107464622706175,-3.561841003829613e-05,-0.0005672149127349257
2026-03-25 21:37:39.737,0.13120320439338684,-0.09529118239879608,-0.155168354511261,-0.0008560291607864201,0.0002968955086544156,-0.001007964019663632
2026-03-25 21:37:39.738,0.123789943754673,-0.08676610141992569,-0.16163751482963562,-0.0006065143970772624,0.0003108921810053289,-0.0014384905807673931
2026-03-25 21:37:39.740,0.1056206226348877,-0.06594611704349518,-0.14274302124977112,-0.000981166958808899,0.0003030531224794686,-0.0016758213751018047
2026-03-25 21:37:39.742,0.15916229784488678,-0.04526935890316963,-0.12908121943473816,-0.0014971117489039898,0.0010060338536277413,-0.0012685866095125675
2026-03-25 21:37:39.744,0.20464970171451569,-0.037549614906311035,-0.08287601917982101,-0.0012968970695510507,0.0014066039584577084,-0.0018587796948850155
2026-03-25 21:37:39.746,0.22403857111930847,-0.027325982227921486,-0.09564592689275742,-0.0017413536552339792,0.0017602742882445455,-0.0014588243793696165
2026-03-25 21:37:39.748,0.1878676861524582,-0.040890567004680634,-0.11761844903230667,-0.001163599663414061,0.001338152214884758,-0.0018682383233681321
2026-03-25 21:37:39.751,0.14833173155784607,-0.05387937277555466,-0.1255670189857483,-0.0007454217993654311,0.0008024291601032019,-0.0020237609278410673
2026-03-25 21:37:39.753,0.16186293959617615,-0.03312680125236511,-0.12850415706634521,-0.0012383426073938608,0.001195714809000492,-0.0015581630868837237
2026-03-25 21:37:39.755,0.20332668721675873,-0.019214950501918793,-0.0954984575510025,-0.001672798884101212,0.0016974848695099354,-0.0016457410529255867
2026-03-25 21:37:39.757,0.2110660970211029,-0.019877130165696144,-0.09438222646713257,-0.0015553198754787445,0.0016231279587373137,-0.001508593326434493
2026-03-25 21:37:39.759,0.19938968122005463,-0.04817473515868187,-0.10490330308675766,-0.001145895104855299,0.0016738323029130697,-0.0017322404310107231
2026-03-25 21:37:39.761,0.15814679861068726,-0.04713587835431099,-0.12581707537174225,-0.001010043895803392,0.0008917058585211635,-0.0016980440123006701
2026-03-25 21:37:39.763,0.16784581542015076,-0.033059943467378616,-0.13018380105495453,-0.001323256641626358,0.0012702974490821362,-0.0015525188064202666
2026-03-25 21:37:39.765,0.19873982667922974,-0.023638330399990082,-0.10271663963794708,-0.0016279412666335702,0.0017256998689845204,-0.0013354708207771182
2026-03-25 21:37:39.767,0.19875963032245636,-0.02495381608605385,-0.0858110710978508,-0.0018269751453772187,0.0015902911545708776,-0.0014714637072756886
2026-03-25 21:37:39.769,0.2022620141506195,-0.038389287889003754,-0.1031143069267273,-0.0014481106773018837,0.001543146325275302,-0.0015614147996529937
2026-03-25 21:37:39.771,0.17054086923599243,-0.04905599728226662,-0.10500045120716095,-0.0014141316059976816,0.0011449125595390797,-0.0015680763171985745
2026-03-25 21:37:39.773,0.18128374218940735,-0.039712026715278625,-0.11361557245254517,-0.0014606722397729754,0.0014038477092981339,-0.0014143430162221193
2026-03-25 21:37:39.775,0.18746346235275269,-0.03111880272626877,-0.09712621569633484,-0.0016744984313845634,0.0012565613724291325,-0.0012465104227885604
2026-03-25 21:37:39.777,0.21158552169799805,-0.0371536985039711,-0.10292161256074905,-0.001467193360440433,0.0016780301230028272,-0.0015167706878855824
2026-03-25 21:37:39.779,0.19997219741344452,-0.0473320335149765,-0.0993647575378418,-0.0014790534041821957,0.0016044663498178124,-0.00143140007276088
2026-03-25 21:37:39.781,0.1673658937215805,-0.043765150010585785,-0.08287753164768219,-0.001439852174371481,0.0012337422231212258,-0.0013820386957377195
2026-03-25 21:37:39.783,0.17941495776176453,-0.05591834709048271,-0.10953078418970108,-0.0013462866190820932,0.0014334970619529486,-0.0013575217453762889
2026-03-25 21:37:39.785,0.18862862884998322,-0.055230043828487396,-0.09456184506416321,-0.0014788556145504117,0.0014236317947506905,-0.001112165511585772
2026-03-25 21:37:39.787,0.1828910857439041,-0.05008485168218613,-0.09039569646120071,-0.001486647524870932,0.0013707473408430815,-0.0010649120667949319
2026-03-25 21:37:39.789,0.18845102190971375,-0.06992042809724808,-0.11443043500185013,-0.00120053521823138,0.0011934430804103613,-0.0008276109583675861
2026-03-25 21:37:39.791,0.1549026221036911,-0.08981583267450333,-0.11811668425798416,-0.0009302633698098361,0.0009725903510116041,-0.000778636836912483
2026-03-25 21:37:39.793,0.12638616561889648,-0.09564001113176346,-0.10971555858850479,-0.0008488955209031701,0.000445705110905692,-0.0004954580217599869
2026-03-25 21:37:39.795,0.11944834887981415,-0.10203073918819427,-0.11913352459669113,-0.0009346515289507806,0.0003760728577617556,-0.0003870299260597676
2026-03-25 21:37:39.797,0.1401681900024414,-0.11769994348287582,-0.13744108378887177,-0.0008022821275517344,0.0005903229466639459,-0.00025476119481027126
2026-03-25 21:37:39.799,0.10929089784622192,-0.12922661006450653,-0.12934131920337677,-0.0006379634723998606,0.00031012235558591783,-0.0001136440914706327
2026-03-25 21:37:39.801,0.08597660809755325,-0.14136822521686554,-0.13875015079975128,-0.000404967024223879,-9.284787665819749e-05,-9.674044122220948e-05
2026-03-25 21:37:39.803,0.10062275826931,-0.1465894877910614,-0.1572365164756775,-0.0002539718116167933,-3.489342634566128e-05,-0.00017402814410161227
2026-03-25 21:37:39.804,0.11109025031328201,-0.13894023001194,-0.13474346697330475,-0.00045183542533777654,0.0003143760550301522,-9.950002095138188e-06
2026-03-25 21:37:39.806,0.12313332408666611,-0.13530699908733368,-0.11408980190753937,-0.0004054786404594779,0.0006411318317987025,-0.0002599785220809281
2026-03-25 21:37:39.808,0.13762028515338898,-0.14059945940971375,-0.10748378187417984,-4.204475408187136e-05,0.0006765724974684417,-0.0004836249281652272
2026-03-25 21:37:39.810,0.14598102867603302,-0.13454879820346832,-0.1162373423576355,-0.0003512194671202451,0.0009428304038010538,-0.0006979851750656962
2026-03-25 21:37:39.812,0.16964179277420044,-0.11957678943872452,-0.09723613411188126,-0.0007250604685395956,0.0010653228964656591,-0.000618974503595382
2026-03-25 21:37:39.814,0.17639689147472382,-0.10870898514986038,-0.09054969996213913,-0.0006549489335156977,0.0011298555182293057,-0.00042778009083122015
2026-03-25 21:37:39.816,0.17694434523582458,-0.11525196582078934,-0.09805349260568619,-0.00053559330990538,0.0013374927220866084,-0.0007664814474992454
2026-03-25 21:37:39.818,0.17440345883369446,-0.11457615345716476,-0.08263462781906128,-0.0003284636477474123,0.0011575347743928432,-0.0008466049330309033
2026-03-25 21:37:39.820,0.1787513792514801,-0.11046910285949707,-0.07439432293176651,-0.0005099770496599376,0.0011987776961177588,-0.0008133130613714457
2026-03-25 21:37:39.822,0.19110776484012604,-0.10349016636610031,-0.08296984434127808,-0.0007810072274878621,0.00139383296482265,-0.0006649789283983409
2026-03-25 21:37:39.824,0.18352749943733215,-0.10391304641962051,-0.0802394300699234,-0.0005984884919598699,0.0014596430119127035,-0.0008398828213103116
2026-03-25 21:37:39.826,0.17702578008174896,-0.11229300498962402,-0.09050348401069641,-0.0005901285912841558,0.001365588279440999,-0.0008395028416998684
2026-03-25 21:37:39.828,0.17549602687358856,-0.10649687796831131,-0.09208688139915466,-0.000745958648622036,0.0013527165865525603,-0.0008349682902917266
2026-03-25 21:37:39.830,0.1853124350309372,-0.10782323777675629,-0.08898012340068817,-0.000623923959210515,0.0014596651308238506,-0.0009217393817380071
2026-03-25 21:37:39.832,0.19702978432178497,-0.10693858563899994,-0.07660316675901413,-0.0006820676499046385,0.0015490885125473142,-0.0006062927423045039
2026-03-25 21:37:39.834,0.18403610587120056,-0.10825970768928528,-0.07756737619638443,-0.0005068338941782713,0.0013700693380087614,-0.0007872548885643482
2026-03-25 21:37:39.836,0.17749254405498505,-0.10934954136610031,-0.08140404522418976,-0.0006654211319983006,0.0011354737216606736,-0.0007257289835251868
2026-03-25 21:37:39.839,0.179782897233963,-0.10212939977645874,-0.09631523489952087,-0.0006175940507091582,0.0011836932972073555,-0.0007172573241405189
2026-03-25 21:37:39.841,0.1785607784986496,-0.10193627327680588,-0.07460638135671616,-0.0007127835415303707,0.0015096463030204177,-0.0007082794909365475
2026-03-25 21:37:39.843,0.1883547008037567,-0.1082247868180275,-0.06503629684448242,-0.0005633087130263448,0.001500438549555838,-0.0007790717063471675
2026-03-25 21:37:39.845,0.18540270626544952,-0.11077813059091568,-0.06707274168729782,-0.0007144330302253366,0.0013801472960039973,-0.0006233075982891023
2026-03-25 21:37:39.847,0.1775224804878235,-0.10156531631946564,-0.06391868740320206,-0.0008263972122222185,0.0013048643013462424,-0.0004911872674711049
2026-03-25 21:37:39.849,0.17628635466098785,-0.11125289648771286,-0.08340853452682495,-0.0007254568045027554,0.0015060525620356202,-0.000768962549045682
2026-03-25 21:37:39.851,0.1841549277305603,-0.11366629600524902,-0.07817937433719635,-0.0007666368619538844,0.0013212495250627398,-0.0007613229681737721
2026-03-25 21:37:39.853,0.1885591298341751,-0.10779066383838654,-0.06813083589076996,-0.0005127197946421802,0.001486168592236936,-0.0006715020281262696
2026-03-25 21:37:39.855,0.18664048612117767,-0.11181263625621796,-0.06347182393074036,-0.0007406497607007623,0.0015119938179850578,-0.000926350534427911
2026-03-25 21:37:39.857,0.18278947472572327,-0.10498130321502686,-0.08539821952581406,-0.0007309686043299735,0.0015442365547642112,-0.000719074159860611
2026-03-25 21:37:39.859,0.1756836175918579,-0.10839606821537018,-0.0833837240934372,-0.0008747067768126726,0.001351307611912489,-0.0006955224089324474
2026-03-25 21:37:39.861,0.17977720499038696,-0.11210377514362335,-0.07074007391929626,-0.0009213038720190525,0.0014531691558659077,-0.0005668068770319223
2026-03-25 21:37:39.863,0.1986103504896164,-0.10544515401124954,-0.06476835906505585,-0.0006483602919615805,0.0013811503304168582,-0.0006466281483881176
2026-03-25 21:37:39.865,0.19370754063129425,-0.1279037594795227,-0.06527552008628845,-0.000845066097099334,0.0012284239055588841,-0.00043154097511433065
2026-03-25 21:37:39.867,0.18449334800243378,-0.12719883024692535,-0.08328519016504288,-0.0003445555339567363,0.0014301086775958538,-0.00022075850574765354
2026-03-25 21:37:39.869,0.15787430107593536,-0.13277271389961243,-0.06390190124511719,-0.00025611885939724743,0.0011645314516499639,-0.0007427810342051089
2026-03-25 21:37:39.871,0.17735342681407928,-0.10459308326244354,-0.07015570253133774,-0.0008653899421915412,0.0011319054756313562,-0.00018941366579383612
2026-03-25 21:37:39.873,0.20591211318969727,-0.10987352579832077,-0.06126008555293083,-0.001142612542025745,0.0016101449728012085,-0.0003049840743187815
2026-03-25 21:37:39.875,0.20672012865543365,-0.10861639678478241,-0.05419021099805832,-0.00023638206766918302,0.0018148660892620683,-0.0014879520749673247
2026-03-25 21:37:39.877,0.23825040459632874,-0.06022067368030548,-0.03479017689824104,-0.0013774686958640814,0.002200500573962927,-0.00024160541943274438
2026-03-25 21:37:39.879,0.2583642303943634,-0.10971575230360031,0.0037157912738621235,-0.0006136848824098706,0.0023442781530320644,-0.001351848361082375
2026-03-25 21:37:39.881,0.2622428238391876,-0.09380268305540085,-0.09240906685590744,-0.0004628632450476289,0.002207546029239893,-0.000934277311898768
2026-03-25 21:37:39.883,0.14918069541454315,-0.07799098640680313,-0.03038199618458748,-0.0012652463046833873,0.0011586742475628853,-0.0011158869601786137
2026-03-25 21:37:39.885,0.19098831713199615,-0.07823777943849564,-0.05254882201552391,-0.0009221648215316236,0.0017202197341248393,-0.0005729585536755621
2026-03-25 21:37:39.887,0.27195894718170166,-0.12547951936721802,-0.10731598734855652,-0.0001868194667622447,0.0025328376796096563,-0.001239147037267685
2026-03-25 21:37:39.889,0.18246150016784668,-0.11442732065916061,-0.003850835608318448,-0.0002911084739025682,0.0011761325877159834,-0.001353163504973054
2026-03-25 21:37:39.891,0.20601364970207214,-0.08933078497648239,-0.038586150854825974,-0.0007268109475262463,0.0021061894949525595,-0.0006115506985224783
2026-03-25 21:37:39.893,0.24581460654735565,-0.10470680147409439,-0.06522855162620544,-0.0007518480997532606,0.002040441846475005,-0.0009034624672494829
2026-03-25 21:37:39.895,0.20999003946781158,-0.09842110425233841,-0.06443782895803452,-0.0007451927522197366,0.0015973843401297927,-0.0007442814530804753
2026-03-25 21:37:39.897,0.14478269219398499,-0.10997218638658524,-0.031500495970249176,-0.00031393932295031846,0.00110391725320369,-0.000890152296051383
2026-03-25 21:37:39.899,0.19800500571727753,-0.13395191729068756,-0.07146771252155304,0.00018382680718787014,0.0016553729074075818,-0.0015328507870435715
2026-03-25 21:37:39.901,0.23586876690387726,-0.12062311917543411,-0.06995899230241776,-0.0006107254885137081,0.0020507758017629385,-0.0008497462840750813
2026-03-25 21:37:39.903,0.21344690024852753,-0.09788844734430313,-0.03264231234788895,-0.0007270907517522573,0.0020535031799227,-0.000799811037722975
2026-03-25 21:37:39.904,0.2173522710800171,-0.11009551584720612,-0.04175657778978348,-0.0004220952105242759,0.0019538095220923424,-0.0009492558310739696
2026-03-25 21:37:39.907,0.22769910097122192,-0.11150026321411133,-0.07338348776102066,-0.00017749542894307524,0.0020349754486232996,-0.0010529103456065059
2026-03-25 21:37:39.908,0.19417190551757812,-0.11198466271162033,-0.03033321537077427,-0.0006980347097851336,0.0014461649116128683,-0.0007855109288357198
2026-03-25 21:37:39.910,0.19702985882759094,-0.11741325259208679,-0.06943713128566742,-0.0007118008215911686,0.0017475802451372147,-0.0006677362835034728
2026-03-25 21:37:39.912,0.18533173203468323,-0.13165977597236633,-0.05840115249156952,-0.00016142093227244914,0.0012555166613310575,-0.0012590596452355385
2026-03-25 21:37:39.914,0.19994334876537323,-0.12081871181726456,-0.05273326858878136,-0.00020141915592830628,0.001688794232904911,-0.0007762062596157193
2026-03-25 21:37:39.916,0.20964232087135315,-0.11254262924194336,-0.025963490828871727,-0.0004927081172354519,0.0016656339867040515,-0.0010377567959949374
2026-03-25 21:37:39.918,0.23374639451503754,-0.10484137386083603,-0.06615927070379257,-0.0005556331016123295,0.0020192493684589863,-0.0008576017571613193
2026-03-25 21:37:39.920,0.20538485050201416,-0.10904672741889954,-0.038966454565525055,-0.0008022048859857023,0.0015099375741556287,-0.001107974094338715
2026-03-25 21:37:39.922,0.22189532220363617,-0.10313677787780762,-0.06847446411848068,-0.0008508699829690158,0.0019480460323393345,-0.0005307459505274892
2026-03-25 21:37:39.924,0.19557759165763855,-0.11888517439365387,-0.04756290838122368,-0.0004263243463356048,0.0015077247517183423,-0.0007071728468872607
2026-03-25 21:37:39.926,0.1740780472755432,-0.12744103372097015,-0.06431756168603897,-3.6145698686596006e-05,0.0012736887438222766,-0.0011585978791117668
2026-03-25 21:37:39.928,0.18572543561458588,-0.12733541429042816,-0.06512505561113358,-0.00027237887843512,0.0011523254215717316,-0.0010448030661791563
2026-03-25 21:37:39.930,0.2239752858877182,-0.11718232184648514,-0.04768325015902519,-0.0006984610226936638,0.0019581385422497988,-0.0006101492326706648
2026-03-25 21:37:39.932,0.21563658118247986,-0.10454251617193222,-0.0338733084499836,-0.0009034107206389308,0.0020509634632617235,-0.00046816145186312497
2026-03-25 21:37:39.934,0.22931216657161713,-0.11524321138858795,-0.05977335944771767,-0.00033121040905825794,0.0020133419893682003,-0.0009924561018124223
2026-03-25 21:37:39.936,0.21555908024311066,-0.11957874149084091,-0.0612727589905262,-0.0005940780392847955,0.0017725382931530476,-0.0007641185075044632
2026-03-25 21:37:39.938,0.2040109634399414,-0.11777972429990768,-0.05475984513759613,-0.0009103351621888578,0.0018206386594101787,-0.0002562547451816499
2026-03-25 21:37:39.940,0.18448157608509064,-0.12541915476322174,-0.04980813339352608,-0.000638532277662307,0.0012064651818946004,-0.0004452534194570035
2026-03-25 21:37:39.942,0.20584826171398163,-0.13313716650009155,-0.09408485889434814,-0.00033214394352398813,0.0016538130585104227,-0.0007890525739639997
2026-03-25 21:37:39.944,0.15507057309150696,-0.10841455310583115,-0.05208501219749451,-0.0006684867548756301,0.000893951568286866,-0.00045310345012694597
2026-03-25 21:37:39.946,0.21314139664173126,-0.11560092866420746,-0.07500176876783371,-0.0005597244016826153,0.0017025874694809318,-0.0005271646077744663
2026-03-25 21:37:39.948,0.21032658219337463,-0.11403916031122208,-0.06530047953128815,-0.0007757496787235141,0.0017764921067282557,-0.00064990168903023
2026-03-25 21:37:39.950,0.20608024299144745,-0.1157132238149643,-0.0458495169878006,-0.0005000424571335316,0.0015974065754562616,-0.0004918083432130516
2026-03-25 21:37:39.952,0.19891725480556488,-0.12599916756153107,-0.06903262436389923,-0.00010532313899602741,0.0016147829592227936,-0.0011935129296034575
2026-03-25 21:37:39.954,0.19653742015361786,-0.10870790481567383,-0.07368692010641098,-0.0005022715777158737,0.0013796433340758085,-0.0007535627810284495
2026-03-25 21:37:39.956,0.22661283612251282,-0.10384058207273483,-0.07601956278085709,-0.000871016294695437,0.0019545170944184065,-0.0006990855326876044
2026-03-25 21:37:39.958,0.17652811110019684,-0.10258933156728745,-0.0668400302529335,-0.000724632351193577,0.001372436061501503,-0.0007157487561926246
2026-03-25 21:37:39.960,0.196772038936615,-0.11725112795829773,-0.08042632043361664,-0.0007550989394076169,0.0015259933425113559,-0.0008416702621616423
2026-03-25 21:37:39.962,0.18755508959293365,-0.12175529450178146,-0.09076999127864838,-0.000731362437363714,0.001365478034131229,-0.0007085754186846316
2026-03-25 21:37:39.964,0.18514639139175415,-0.1150827407836914,-0.07989300042390823,-0.00035049827420152724,0.0012978860177099705,-0.0007893844740465283
2026-03-25 21:37:39.966,0.19461186230182648,-0.09658584743738174,-0.061324018985033035,-0.0008170310757122934,0.0014775943709537387,-0.0007269899360835552
2026-03-25 21:37:39.968,0.20789772272109985,-0.1017378717660904,-0.06834058463573456,-0.0007469920092262328,0.0015520652523264289,-0.0006570318364538252
2026-03-25 21:37:39.970,0.19284585118293762,-0.11126620322465897,-0.09464740753173828,-0.00035945253330282867,0.0013217529049143195,-0.0010000842157751322
2026-03-25 21:37:39.972,0.16430874168872833,-0.09542673826217651,-0.08741897344589233,-0.000634503667242825,0.0011018855730071664,-0.0009969478705897927
2026-03-25 21:37:39.974,0.20908255875110626,-0.1010608822107315,-0.08431008458137512,-0.000822058878839016,0.0018143398920074105,-0.0008025742718018591
2026-03-25 21:37:39.976,0.20058496296405792,-0.10952170938253403,-0.0860423743724823,-0.0008848165161907673,0.001772264949977398,-0.0005917443195357919
2026-03-25 21:37:39.978,0.16466163098812103,-0.11706846952438354,-0.08867324143648148,-0.0006661108927801251,0.0011695128632709384,-0.0012728258734568954
2026-03-25 21:37:39.980,0.17281895875930786,-0.10444379597902298,-0.08813092112541199,-0.0005732769495807588,0.0010720904683694243,-0.0012695793993771076
2026-03-25 21:37:39.982,0.23808902502059937,-0.10082389414310455,-0.09393422305583954,-0.0011118630645796657,0.0020818174816668034,-0.0005613630055449903
2026-03-25 21:37:39.984,0.19838379323482513,-0.10001357644796371,-0.06867709755897522,-0.0009185241651721299,0.001647039083763957,-0.0008069546893239021
2026-03-25 21:37:39.986,0.15727443993091583,-0.11200844496488571,-0.09224093705415726,-0.00029946514405310154,0.0011161459842696786,-0.0010849360842257738
2026-03-25 21:37:39.988,0.17823494970798492,-0.1249033510684967,-0.12795314192771912,0.00012480327859520912,0.001435704412870109,-0.001204249681904912
2026-03-25 21:37:39.990,0.1734701544046402,-0.09747795760631561,-0.07713290303945541,-0.0010080107022076845,0.001005070866085589,-0.0006600261549465358
2026-03-25 21:37:39.992,0.20018182694911957,-0.09147514402866364,-0.0746782049536705,-0.0012770816683769226,0.0016368040814995766,-0.00046992889838293195
2026-03-25 21:37:39.994,0.19827595353126526,-0.11682327836751938,-0.10658703744411469,-0.0005765848909504712,0.0013679733965545893,-0.0010072384029626846
2026-03-25 21:37:39.996,0.17214088141918182,-0.13152919709682465,-0.11024604737758636,-0.00018715324404183775,0.0013235232327133417,-0.0010941717773675919
2026-03-25 21:37:39.998,0.15379096567630768,-0.11618096381425858,-0.09726265072822571,-0.0005992411752231419,0.0008302326314151287,-0.0008551620412617922
2026-03-25 21:37:40.000,0.20048686861991882,-0.10759764164686203,-0.11139367520809174,-0.0006175789749249816,0.0016485775122419,-0.0007753021200187504
2026-03-25 21:37:40.002,0.20132721960544586,-0.1069091334939003,-0.09489331394433975,-0.0008187608909793198,0.0018061435548588634,-0.0007505754474550486
2026-03-25 21:37:40.004,0.1801915466785431,-0.1058071032166481,-0.07623283565044403,-0.0008777513867244124,0.001259814016520977,-0.0007108058198355138
2026-03-25 21:37:40.006,0.19363464415073395,-0.13260480761528015,-0.11818914115428925,-0.00035119199310429394,0.0014906724682077765,-0.0008135345997288823
2026-03-25 21:37:40.008,0.16459599137306213,-0.13410983979701996,-0.13083550333976746,-0.00045447939191944897,0.0011222303146496415,-0.0004420874756760895
2026-03-25 21:37:40.010,-0.14880329370498657,-0.07298983633518219,-0.24217596650123596,-0.006686862092465162,-0.004775789566338062,0.010485266335308552
2026-03-25 21:37:40.012,-1.401513934135437,-0.1803613007068634,-0.21122722327709198,0.004129596520215273,-0.02663051150739193,0.010903827846050262
2026-03-25 21:37:40.015,-0.9308501482009888,-0.135084331035614,-0.23969946801662445,0.0012560494942590594,-0.014868302270770073,0.00037070855614729226
2026-03-25 21:37:40.017,1.0128010511398315,-0.3127986490726471,-0.506069004535675,0.003735234495252371,0.011529622599482536,-0.007599480915814638
2026-03-25 21:37:40.022,-0.5392839908599854,0.047800980508327484,0.0007046399405226111,-0.00405875826254487,-0.007202256936579943,-0.0004287447954993695
2026-03-25 21:37:40.024,0.30645453929901123,-0.05645789951086044,-0.309221476316452,-0.0030765554402023554,0.0025100517086684704,0.0009346513543277979
2026-03-25 21:37:40.026,0.30511462688446045,-0.17207109928131104,-0.2507106065750122,-0.000538368767593056,0.0005555616808123887,-0.0013220583787187934
2026-03-25 21:37:40.028,-0.1736260950565338,-0.0863061174750328,-0.16518066823482513,6.825248419772834e-05,-0.0028435434214770794,-0.001086777774617076
2026-03-25 21:37:40.030,-0.017238017171621323,-0.15373589098453522,-0.11331488937139511,0.00035907275741919875,-0.001130698132328689,-0.0024019444826990366
2026-03-25 21:37:40.032,0.2636875808238983,-0.09587803483009338,-0.26707130670547485,-0.0009358209208585322,0.0015813542995601892,-0.000491528888233006
2026-03-25 21:37:40.034,0.24007657170295715,-0.06033548712730408,-0.14752845466136932,-0.0016899920301511884,0.0015781995607540011,-0.000728666374925524
2026-03-25 21:37:40.036,0.03588568791747093,-0.025155525654554367,-0.009636050090193748,-0.001493955496698618,0.00045846911962144077,-0.0013065842213109136
2026-03-25 21:37:40.039,0.20852074027061462,-0.08297142386436462,-0.14790184795856476,-0.0006170065025798976,0.0011576368706300855,-0.0018928704084828496
2026-03-25 21:37:40.041,0.2994926869869232,-0.0767926424741745,-0.17621123790740967,-0.0010713625233620405,0.001831469009630382,-0.0015741096576675773
2026-03-25 21:37:40.043,0.2034272998571396,-0.020495407283306122,-0.06516654044389725,-0.0024654793087393045,0.0022461714688688517,-0.00022135126346256584
2026-03-25 21:37:40.045,0.10155700892210007,-0.04912208393216133,-0.1034993976354599,-0.0007304020691663027,0.0006808608886785805,-0.0014456341741606593
2026-03-25 21:37:40.047,0.07910966128110886,-0.11071988195180893,-0.13973137736320496,0.00027848262106999755,-0.0011293893912807107,-0.0019334459211677313
2026-03-25 21:37:40.049,0.1708398461341858,-0.12631914019584656,-0.2587520480155945,-0.0008773570298217237,0.0002698038297239691,-0.0006743996636942029
2026-03-25 21:37:40.051,0.0819108635187149,-0.11979728937149048,-0.19730187952518463,-0.0005311385029926896,0.0006716307252645493,-0.0016193335177376866
2026-03-25 21:37:40.053,-0.04168862849473953,-0.05038458853960037,-0.15221166610717773,-0.0014338791370391846,-0.0014631601516157389,-0.0010222470154985785
2026-03-25 21:37:40.054,0.08256565779447556,-0.05643114820122719,-0.1893516629934311,-0.0014825013931840658,-0.0004951324081048369,-0.0010682214051485062
2026-03-25 21:37:40.056,0.2547318637371063,-0.08522510528564453,-0.215310737490654,-0.0008949387120082974,0.0015167287783697248,-0.001519578043371439
2026-03-25 21:37:40.058,0.14941047132015228,-0.04565466195344925,-0.12121852487325668,-0.0013366679195314646,0.0012892453232780099,-0.001409276039339602
2026-03-25 21:37:40.060,0.08849720656871796,-0.029437674209475517,-0.052072253078222275,-0.0016714426456019282,0.00017307396046817303,-0.0014015742344781756
2026-03-25 21:37:40.062,0.2722961902618408,-0.07999955117702484,-0.18292361497879028,-0.0010878110770136118,0.0022030009422451258,-0.0013133478350937366
2026-03-25 21:37:40.064,0.18926431238651276,-0.0698816254734993,-0.11548595875501633,-0.001320576062425971,0.0013526339316740632,-0.0010946039110422134
2026-03-25 21:37:40.066,0.07707621157169342,-0.04341787472367287,-0.11628817021846771,-0.0014968194300308824,0.000218787623452954,-0.0005348905688151717
2026-03-25 21:37:40.068,0.10898720473051071,-0.06703325361013412,-0.1689111292362213,-0.0012570746475830674,0.0002597000857349485,-0.001085540046915412
2026-03-25 21:37:40.070,0.16159959137439728,-0.08346667885780334,-0.20856933295726776,-0.0013031868729740381,0.0002531074278522283,-0.0007486562244594097
2026-03-25 21:37:40.072,0.08745765686035156,-0.06031693518161774,-0.13974764943122864,-0.0010532921878620982,-0.00012415160017553717,-0.0013397953007370234
2026-03-25 21:37:40.074,0.07198158651590347,-0.041047170758247375,-0.11407577246427536,-0.0017646921332925558,-8.721867197891697e-05,-0.0010755839757621288
2026-03-25 21:37:40.076,0.20789287984371185,-0.07034586369991302,-0.18329642713069916,-0.001492937095463276,0.001256257644854486,-0.0009017611155286431
2026-03-25 21:37:40.078,0.20725664496421814,-0.07862981408834457,-0.14226220548152924,-0.001081739435903728,0.001494061085395515,-0.0011454308405518532
2026-03-25 21:37:40.080,0.1442786157131195,-0.0654810220003128,-0.11057479679584503,-0.0010861592600122094,0.0009556753211654723,-0.0012029327917844057
2026-03-25 21:37:40.082,0.14177744090557098,-0.07684710621833801,-0.11886465549468994,-0.0008657772559672594,0.0007525208638980985,-0.0011579921701923013
2026-03-25 21:37:40.084,0.17273011803627014,-0.09207455813884735,-0.15829364955425262,-0.0012475972762331367,0.0007849610992707312,-0.0009901425801217556
2026-03-25 21:37:40.086,0.15688158571720123,-0.09834151715040207,-0.166895791888237,-0.0009241749066859484,0.0008121212595142424,-0.0009487968636676669
2026-03-25 21:37:40.088,0.10332009941339493,-0.09959391504526138,-0.13533833622932434,-0.0006417309632524848,0.00028377401758916676,-0.0009077144786715508
2026-03-25 21:37:40.090,0.11729532480239868,-0.1019655093550682,-0.1476895958185196,-0.0009121840121224523,0.0004668520123232156,-0.0007257468532770872
2026-03-25 21:37:40.092,0.1582040637731552,-0.101648710668087,-0.15207473933696747,-0.0006493416731245816,0.0005264343926683068,-0.000625024491455406
2026-03-25 21:37:40.093,0.1652248650789261,-0.10075294971466064,-0.1330161690711975,-0.0006441844161599874,0.0010843271156772971,-0.0006342136184684932
2026-03-25 21:37:40.095,0.15142317116260529,-0.09577532857656479,-0.11468620598316193,-0.0008619908476248384,0.0010860420297831297,-0.0006812737556174397
2026-03-25 21:37:40.097,0.17551934719085693,-0.10847243666648865,-0.12457804381847382,-0.000868597358930856,0.0013354055117815733,-0.0007600400131195784
2026-03-25 21:37:40.099,0.1832740753889084,-0.11475489288568497,-0.12842166423797607,-0.0005056913942098618,0.0012138740858063102,-0.0007922037621028721
2026-03-25 21:37:40.101,0.13479048013687134,-0.103997603058815,-0.11269772797822952,-0.0008560082642361522,0.0006972872070036829,-0.0008641311433166265
2026-03-25 21:37:40.104,0.14649437367916107,-0.10541156679391861,-0.13742296397686005,-0.0009657241171225905,0.0009708869038149714,-0.0008693001582287252
2026-03-25 21:37:40.106,0.1735786646604538,-0.11258625239133835,-0.16950444877147675,-0.0008860229281708598,0.0009369339095428586,-0.0005472375778481364
2026-03-25 21:37:40.108,0.13642030954360962,-0.10552603006362915,-0.149668350815773,-0.0007972819148562849,0.0006375893135555089,-0.0007173283956944942
2026-03-25 21:37:40.110,0.08519531786441803,-0.09052730351686478,-0.12170335650444031,-0.0009509925730526447,0.00019750921637751162,-0.0008607450290583074
2026-03-25 21:37:40.112,0.12813995778560638,-0.09840573370456696,-0.13595451414585114,-0.0010800441959872842,0.0006395485834218562,-0.0005610670777969062
2026-03-25 21:37:40.114,0.18405523896217346,-0.11103517562150955,-0.15768015384674072,-0.0006867807824164629,0.0010291440412402153,-0.000898088444955647
2026-03-25 21:37:40.116,0.14413109421730042,-0.0962141752243042,-0.12689122557640076,-0.0007827625959180295,0.0007071790751069784,-0.0008058824460022151
2026-03-25 21:37:40.118,0.14267243444919586,-0.10456330329179764,-0.10689894109964371,-0.000921045255381614,0.0010719371493905783,-0.0009367678430862725
2026-03-25 21:37:40.121,0.18892663717269897,-0.11489546298980713,-0.12216067314147949,-0.00035417170147411525,0.0012765463907271624,-0.0010282908333465457
2026-03-25 21:37:40.123,0.188069149851799,-0.11224010586738586,-0.1191001683473587,-0.0005155073013156652,0.0012451410293579102,-0.000806525640655309
2026-03-25 21:37:40.125,0.1520070731639862,-0.10897955298423767,-0.10380939394235611,-0.0007330381777137518,0.0009983086492866278,-0.0007938452181406319
2026-03-25 21:37:40.127,0.16935719549655914,-0.11988523602485657,-0.13410305976867676,-0.0006501081516034901,0.001138964667916298,-0.0006258325302042067
2026-03-25 21:37:40.129,0.1561887413263321,-0.1187843456864357,-0.13909748196601868,-0.0007132526952773333,0.0008186555933207273,-0.0003339315007906407
2026-03-25 21:37:40.131,0.11737481504678726,-0.12437871843576431,-0.12492259591817856,-0.0007956300396472216,0.0005275609437376261,-0.0005036526126787066
2026-03-25 21:37:40.133,0.13035283982753754,-0.12585334479808807,-0.1343543976545334,-0.0005090388585813344,0.0006013252423144877,-0.00033580404124222696
2026-03-25 21:37:40.135,0.17277586460113525,-0.14454273879528046,-0.15307675302028656,-0.00047215691301971674,0.0011073885252699256,-0.00046853613457642496
2026-03-25 21:37:40.137,0.1843644231557846,-0.13772590458393097,-0.1315719038248062,-0.0004249076882842928,0.0012547321384772658,-0.0004107774293515831
2026-03-25 21:37:40.139,0.1475364863872528,-0.13208718597888947,-0.08519692718982697,-0.0006658395286649466,0.001129235839471221,-0.00042377901263535023
2026-03-25 21:37:40.141,0.1680561602115631,-0.1418440192937851,-0.10241562873125076,-0.0005126399919390678,0.0012708326103165746,-0.0005163174355402589
2026-03-25 21:37:40.143,0.19486956298351288,-0.15099981427192688,-0.10995896905660629,-0.0003280524688307196,0.001458928338252008,-0.0005928304162807763
2026-03-25 21:37:40.145,0.18013255298137665,-0.1354874223470688,-0.10245217382907867,-0.000434862362453714,0.0011810719734057784,-0.0005783385131508112
2026-03-25 21:37:40.147,0.17300163209438324,-0.1335238814353943,-0.11094857007265091,-0.0003924210905097425,0.0010884386720135808,-0.00036994917900301516
2026-03-25 21:37:40.149,0.16714400053024292,-0.1361897587776184,-0.11610126495361328,-0.0005533390212804079,0.0009809230687096715,-0.0006424844032153487
2026-03-25 21:37:40.151,0.15271742641925812,-0.1376103013753891,-0.12143762409687042,-0.00042626733193174005,0.0006633547018282115,-0.0004230380291119218
2026-03-25 21:37:40.153,0.14063049852848053,-0.1447301208972931,-0.1365833282470703,-0.0004595294303726405,0.0006252919556573033,-0.0005926796002313495
2026-03-25 21:37:40.155,0.1418982744216919,-0.14471258223056793,-0.13386937975883484,-0.00025814230320975184,0.0007423978531733155,-0.0004338496073614806
2026-03-25 21:37:40.157,0.15713265538215637,-0.1404201239347458,-0.13726113736629486,-0.000548273790627718,0.0008671750547364354,-0.0004262675647623837
2026-03-25 21:37:40.159,0.15596628189086914,-0.1312873810529709,-0.12273939698934555,-0.0004425958904903382,0.0009827850153669715,-0.0006954108830541372
2026-03-25 21:37:40.161,0.1612117737531662,-0.1317279040813446,-0.11288763582706451,-0.0004030946583952755,0.0010821399046108127,-0.0005978026310913265
2026-03-25 21:37:40.163,0.17801447212696075,-0.13980403542518616,-0.11920492351055145,-0.0003382558934390545,0.0012117220321670175,-0.0006613163859583437
2026-03-25 21:37:40.165,0.18183112144470215,-0.1450154334306717,-0.11517506837844849,-0.00037057523149996996,0.0011820127256214619,-0.0005347250844351947
2026-03-25 21:37:40.167,0.16240426898002625,-0.1372930258512497,-0.10023169219493866,-0.0004012012796010822,0.000940587604418397,-0.0004305741749703884
2026-03-25 21:37:40.169,0.14753834903240204,-0.13843485713005066,-0.1027190312743187,-0.00040917404112406075,0.001114517915993929,-0.00046150272828526795
2026-03-25 21:37:40.171,0.15939414501190186,-0.14231495559215546,-0.11350385844707489,-0.0004271230718586594,0.0008850707672536373,-0.0002848458243533969
2026-03-25 21:37:40.172,0.16798318922519684,-0.1458817422389984,-0.11853762716054916,-0.00033406534930691123,0.0011664259945973754,-0.0002508565376047045
2026-03-25 21:37:40.174,0.17088307440280914,-0.15032991766929626,-0.11048643290996552,-0.0002937421086244285,0.0010183402337133884,-0.0003319582901895046
2026-03-25 21:37:40.176,0.16374647617340088,-0.14775905013084412,-0.11320588737726212,-0.00037884520133957267,0.0011827353155240417,-0.0002536378742661327
2026-03-25 21:37:40.178,0.15976408123970032,-0.14311081171035767,-0.10445357114076614,-0.0003966086369473487,0.0012159791076555848,-0.0004437548341229558
2026-03-25 21:37:40.180,0.16826452314853668,-0.14660389721393585,-0.11492031812667847,-0.0001830186665756628,0.0009860469726845622,-0.000560409389436245
2026-03-25 21:37:40.182,0.16866110265254974,-0.14730587601661682,-0.12300810217857361,-0.00023940853134263307,0.0011000554077327251,-0.0007368873921222985
2026-03-25 21:37:40.184,0.1624099761247635,-0.14752323925495148,-0.10944657027721405,-0.00015439030539710075,0.0009603399084880948,-0.0004633695643860847
2026-03-25 21:37:40.186,0.16316072642803192,-0.1422392874956131,-0.124758780002594,-0.0003106830990873277,0.0009057032875716686,-0.0005255129653960466
2026-03-25 21:37:40.188,0.15355946123600006,-0.141095370054245,-0.1268082708120346,-0.00030735073960386217,0.0009301793179474771,-0.0004448665422387421
2026-03-25 21:37:40.191,0.15102402865886688,-0.14412061870098114,-0.12374959141016006,-0.00027682288782671094,0.0008017328218556941,-0.00041640069684945047
2026-03-25 21:37:40.193,0.1575699895620346,-0.14294420182704926,-0.1333361715078354,-0.0002212185790995136,0.0010703530861064792,-0.0004960925434716046
2026-03-25 21:37:40.195,0.16707903146743774,-0.1431385576725006,-0.1401326060295105,-0.00037635277840308845,0.00100336829200387,-0.0005478522507473826
2026-03-25 21:37:40.197,0.1531558632850647,-0.13326452672481537,-0.13014845550060272,-0.0003070596430916339,0.0010728396009653807,-0.0005505734588950872
2026-03-25 21:37:40.199,0.15107718110084534,-0.1338009536266327,-0.11919120699167252,-0.0003066641802433878,0.001042853808030486,-0.0006946304347366095
2026-03-25 21:37:40.201,0.1616188883781433,-0.13282623887062073,-0.11535601317882538,-0.00016833259724080563,0.0012474451214075089,-0.0007727215997874737
2026-03-25 21:37:40.202,0.16943994164466858,-0.12501055002212524,-0.12812435626983643,-0.0002275699662277475,0.0010734095703810453,-0.0006648830603808165
2026-03-25 21:37:40.204,0.1619977504014969,-0.12929925322532654,-0.12225686013698578,-0.0004409233224578202,0.0009806369198486209,-0.0007923899684101343
2026-03-25 21:37:40.206,0.15847451984882355,-0.12478645145893097,-0.1292991042137146,-0.0006701006786897779,0.0008883176487870514,-0.000666314794216305
2026-03-25 21:37:40.208,0.1491241157054901,-0.12430083751678467,-0.12687891721725464,-0.0006622678483836353,0.0006051078089512885,-0.0006708322325721383
2026-03-25 21:37:40.210,0.14279067516326904,-0.11750286817550659,-0.13991937041282654,-0.0006189187988638878,0.0006326025468297303,-0.0007395854336209595
2026-03-25 21:37:40.212,0.13796347379684448,-0.11474276334047318,-0.1409730613231659,-0.0004985538544133306,0.00044972856994718313,-0.0006097437581047416
2026-03-25 21:37:40.214,0.14846785366535187,-0.10587641596794128,-0.13908006250858307,-0.0007628438761457801,0.0008137398981489241,-0.0005272534326650202
2026-03-25 21:37:40.216,0.15703518688678741,-0.09827221184968948,-0.14509691298007965,-0.0007390993414446712,0.0008300237241201103,-0.0008198139257729053
2026-03-25 21:37:40.218,0.15678811073303223,-0.09711839258670807,-0.12513086199760437,-0.0008480976102873683,0.001154004130512476,-0.000860349740833044
2026-03-25 21:37:40.220,0.15844866633415222,-0.09380106627941132,-0.13141299784183502,-0.0007557941135019064,0.0012114453129470348,-0.0010404417989775538
2026-03-25 21:37:40.222,0.16555653512477875,-0.09317244589328766,-0.1285463273525238,-0.000611407624091953,0.0010166375432163477,-0.0009891962399706244
2026-03-25 21:37:40.224,0.15992042422294617,-0.09159044176340103,-0.1302695870399475,-0.0008497069939039648,0.0008333598962053657,-0.0009110262617468834
2026-03-25 21:37:40.226,0.14322814345359802,-0.08634411543607712,-0.13066330552101135,-0.0008412558236159384,0.0007166559807956219,-0.0008703091880306602
2026-03-25 21:37:40.228,0.14426659047603607,-0.0841527134180069,-0.14730025827884674,-0.0009589832043275237,0.0006304618436843157,-0.001008831080980599
2026-03-25 21:37:40.230,0.13982969522476196,-0.08884702622890472,-0.15045195817947388,-0.0008973936783149838,0.000676700146868825,-0.0010156485950574279
2026-03-25 21:37:40.232,0.1390337347984314,-0.08958327025175095,-0.15873871743679047,-0.000918035744689405,0.0006822121795266867,-0.0008406322449445724
2026-03-25 21:37:40.234,0.13309651613235474,-0.08285441994667053,-0.14872696995735168,-0.0011525055160745978,0.0007179833482950926,-0.0008009080775082111
2026-03-25 21:37:40.236,0.14118285477161407,-0.08188363164663315,-0.15543460845947266,-0.0011350935092195868,0.0007315595867112279,-0.0010011744452640414
2026-03-25 21:37:40.238,0.14082570374011993,-0.0696636363863945,-0.149420827627182,-0.0009978290181607008,0.0007757172570563853,-0.0009072422981262207
2026-03-25 21:37:40.240,0.15079963207244873,-0.07137463986873627,-0.1457723081111908,-0.0010051846038550138,0.0009516532300040126,-0.001053514308296144
2026-03-25 21:37:40.242,0.14705891907215118,-0.07020575553178787,-0.14600476622581482,-0.001082558068446815,0.0009797671809792519,-0.0011272160336375237
2026-03-25 21:37:40.244,0.15457768738269806,-0.06735370308160782,-0.14262495934963226,-0.0012592464918270707,0.0009084844496101141,-0.0011737230233848095
2026-03-25 21:37:40.246,0.14209961891174316,-0.05764441937208176,-0.14747758209705353,-0.0010952043812721968,0.0008420788799412549,-0.0011711388360708952
2026-03-25 21:37:40.248,0.13567876815795898,-0.06091117113828659,-0.14437298476696014,-0.001280157477594912,0.0007166946306824684,-0.0010570111917331815
2026-03-25 21:37:40.250,0.1319858282804489,-0.0608413890004158,-0.1387576162815094,-0.0013402601471170783,0.0006943776970729232,-0.0011002121027559042
2026-03-25 21:37:40.252,0.1399959921836853,-0.05845565348863602,-0.14794224500656128,-0.001285324222408235,0.0006792807835154235,-0.001305370475165546
2026-03-25 21:37:40.254,0.13574102520942688,-0.052392616868019104,-0.14450792968273163,-0.0014842484379187226,0.0004557482898235321,-0.0012671573786064982
2026-03-25 21:37:40.256,0.1441907435655594,-0.04785848781466484,-0.1620749682188034,-0.001401283429004252,0.0008584644529037178,-0.0013066416140645742
2026-03-25 21:37:40.258,0.1411319226026535,-0.050986018031835556,-0.1603391170501709,-0.0012845240999013186,0.0006742440746165812,-0.0011388284619897604
2026-03-25 21:37:40.260,0.13807827234268188,-0.052836645394563675,-0.16239683330059052,-0.0014846797566860914,0.00047490635188296437,-0.0012182079954072833
2026-03-25 21:37:40.262,0.1262151300907135,-0.05017850548028946,-0.15862220525741577,-0.0014510962646454573,0.0005331024876795709,-0.0013180498499423265
2026-03-25 21:37:40.264,0.13399749994277954,-0.05162039026618004,-0.15459471940994263,-0.0014587922487407923,0.000355603639036417,-0.0011707147350534797
2026-03-25 21:37:40.266,0.13223424553871155,-0.05546014755964279,-0.146074578166008,-0.0015112743712961674,0.0007168630254454911,-0.0013363583711907268
2026-03-25 21:37:40.268,0.14378035068511963,-0.052371103316545486,-0.16055716574192047,-0.001460845465771854,0.0008613596437498927,-0.0011649855878204107
2026-03-25 21:37:40.270,0.1502196043729782,-0.04994972050189972,-0.15314432978630066,-0.0012917020358145237,0.0008845779811963439,-0.0010596764041110873
2026-03-25 21:37:40.272,0.1565495729446411,-0.051408883184194565,-0.13829293847084045,-0.0013914421433582902,0.0010499800555408,-0.0010939018102362752
2026-03-25 21:37:40.274,0.15411745011806488,-0.055997349321842194,-0.1405775099992752,-0.0013316754484549165,0.0009238947532139719,-0.0012184152146801353
2026-03-25 21:37:40.276,0.15497012436389923,-0.06249507889151573,-0.14625175297260284,-0.0014304256765171885,0.0007925605168566108,-0.001109438482671976
2026-03-25 21:37:40.278,0.14403560757637024,-0.0663442611694336,-0.15529511868953705,-0.0013266203459352255,0.0007319161668419838,-0.0011444842675700784
2026-03-25 21:37:40.280,0.1355159729719162,-0.06966123729944229,-0.1462688446044922,-0.0011411468731239438,0.0006782407290302217,-0.0011633405229076743
2026-03-25 21:37:40.282,0.13947921991348267,-0.07546249032020569,-0.15293794870376587,-0.001239802106283605,0.0004988135187886655,-0.001012888504192233
2026-03-25 21:37:40.284,0.13783054053783417,-0.07320073992013931,-0.14428739249706268,-0.0012588808313012123,0.0005680342437699437,-0.0011559831909835339
2026-03-25 21:37:40.286,0.14341798424720764,-0.07599493116140366,-0.147872656583786,-0.0013590202433988452,0.0005235355347394943,-0.000932861294131726
2026-03-25 21:37:40.288,0.14902743697166443,-0.075404591858387,-0.1507398933172226,-0.0011508443858474493,0.0008642257307656109,-0.0009718588553369045
2026-03-25 21:37:40.290,0.1557362824678421,-0.08037320524454117,-0.14322592318058014,-0.0011661776807159185,0.0008412506431341171,-0.0009264372638426721
2026-03-25 21:37:40.292,0.14954791963100433,-0.07895828783512115,-0.1466817557811737,-0.0010355819249525666,0.0008511824416927993,-0.000997044611722231
2026-03-25 21:37:40.294,0.14784735441207886,-0.08253946900367737,-0.13676278293132782,-0.0010650571202859282,0.0008352079312317073,-0.0008898564265109599
2026-03-25 21:37:40.297,0.15202325582504272,-0.08125162869691849,-0.13037116825580597,-0.0008976793033070862,0.000763825373724103,-0.0009151884587481618
2026-03-25 21:37:40.299,0.14961139857769012,-0.09708161652088165,-0.1367224007844925,-0.0010451690759509802,0.0009495780104771256,-0.0006818629917688668
2026-03-25 21:37:40.301,0.15484216809272766,-0.10262459516525269,-0.12895485758781433,-0.0007704391027800739,0.0009859472047537565,-0.0008511681808158755
2026-03-25 21:37:40.303,0.15907859802246094,-0.10384224355220795,-0.1356765180826187,-0.000779905472882092,0.0009241937077604234,-0.0007480949279852211
2026-03-25 21:37:40.305,0.15861351788043976,-0.10584931075572968,-0.13172341883182526,-0.0008875899366103113,0.0009475342812947929,-0.0007087286212481558
2026-03-25 21:37:40.307,0.15785056352615356,-0.10978563874959946,-0.13200531899929047,-0.0006884878966957331,0.0011825981782749295,-0.000580666761379689
2026-03-25 21:37:40.309,0.15546217560768127,-0.11046122014522552,-0.12968160212039948,-0.0004352072428446263,0.0010695138480514288,-0.0006260897498577833
2026-03-25 21:37:40.311,0.1463731974363327,-0.1173151284456253,-0.13426637649536133,-0.00036481372080743313,0.0008054068312048912,-0.0007372342515736818
2026-03-25 21:37:40.312,0.14693674445152283,-0.12271203100681305,-0.13553379476070404,-0.0005160707514733076,0.0007821939652785659,-0.0006793479551561177
2026-03-25 21:37:40.314,0.14971394836902618,-0.12733787298202515,-0.13792277872562408,-0.0005221494357101619,0.0007566357962787151,-0.0007120496011339128
2026-03-25 21:37:40.316,0.15210507810115814,-0.13061738014221191,-0.1271759569644928,-0.00038077341741882265,0.0008450722089037299,-0.0007028122199699283
2026-03-25 21:37:40.318,0.15504249930381775,-0.12612104415893555,-0.1274055540561676,-0.00030252544092945755,0.0010695973178371787,-0.0006900178268551826
2026-03-25 21:37:40.320,0.16458237171173096,-0.12952089309692383,-0.12338762730360031,-0.0003731918113771826,0.001124087953940034,-0.00044810769031755626
2026-03-25 21:37:40.322,0.166519895195961,-0.13028830289840698,-0.12354308366775513,-0.0005139097920618951,0.0011508292518556118,-0.00043076107976958156
2026-03-25 21:37:40.324,0.16680172085762024,-0.1333659589290619,-0.12232663482427597,-0.0004768502258230001,0.0011913045309484005,-0.00040767461177892983
2026-03-25 21:37:40.326,0.16752076148986816,-0.134305939078331,-0.12057209759950638,-0.0004928194102831185,0.0012976936995983124,-0.00046650064177811146
2026-03-25 21:37:40.328,0.167542964220047,-0.13750188052654266,-0.11337516456842422,-0.00022349807841237634,0.0013187226140871644,-0.0003983638889621943
2026-03-25 21:37:40.330,0.1683397740125656,-0.14158736169338226,-0.11812926083803177,-0.0002816232736222446,0.0012225297978147864,-0.0005034895148128271
2026-03-25 21:37:40.332,0.17101065814495087,-0.14183498919010162,-0.11320728808641434,-0.00032222107984125614,0.0011361781507730484,-0.0006053711986169219
2026-03-25 21:37:40.334,0.16501952707767487,-0.14599287509918213,-0.11941810697317123,-0.00036027724854648113,0.0012740009697154164,-0.00044649047777056694
2026-03-25 21:37:40.336,0.15940406918525696,-0.15066325664520264,-0.12064442038536072,-0.0004979274235665798,0.0012182624777778983,-0.00042139788274653256
2026-03-25 21:37:40.338,0.15188856422901154,-0.1485033929347992,-0.12420383840799332,-0.0002501593844499439,0.0012187971733510494,-0.00035583102726377547
2026-03-25 21:37:40.340,0.15653379261493683,-0.15320424735546112,-0.1273254007101059,-0.00021759729133918881,0.0009243604145012796,-0.000487729994347319
2026-03-25 21:37:40.342,0.15490956604480743,-0.15224689245224,-0.1212017685174942,-0.00019840270397253335,0.0009430506033822894,-0.00038088083965703845
2026-03-25 21:37:40.344,0.15718483924865723,-0.14628639817237854,-0.1252955049276352,-0.00010282157018082216,0.0008271591505035758,-0.0006671620649285614
2026-03-25 21:37:40.346,0.16515690088272095,-0.14422589540481567,-0.11683669686317444,3.0138489819364622e-06,0.000979081611149013,-0.0005033858469687402
2026-03-25 21:37:40.348,0.16887111961841583,-0.1408938467502594,-0.11304327845573425,-0.0003256188938394189,0.001102339825592935,-0.00039273558650165796
2026-03-25 21:37:40.350,0.17018499970436096,-0.1449618637561798,-0.10984822362661362,-0.0004844502836931497,0.0013347300700843334,-0.00043815234676003456
2026-03-25 21:37:40.352,0.17031918466091156,-0.13826632499694824,-0.10556783527135849,-0.00025526221725158393,0.0013754615793004632,-0.0006813500076532364
2026-03-25 21:37:40.354,0.17364512383937836,-0.14353935420513153,-0.1167474240064621,-0.0004993922775611281,0.0013548050774261355,-0.000488554360345006
2026-03-25 21:37:40.356,0.16854114830493927,-0.14178341627120972,-0.11140589416027069,-0.0004790527746081352,0.0012558272574096918,-0.00045754012535326183
2026-03-25 21:37:40.358,0.1573484092950821,-0.1416545808315277,-0.11945880204439163,-0.0003006181796081364,0.0010385767091065645,-0.0005902410484850407
2026-03-25 21:37:40.360,0.155153289437294,-0.14256194233894348,-0.13005702197551727,-0.00025048141833394766,0.0008060814579948783,-0.0007331976667046547
2026-03-25 21:37:40.362,0.14223559200763702,-0.14789818227291107,-0.12971258163452148,-0.00022080574126448482,0.0006806160672567785,-0.0006134383147582412
2026-03-25 21:37:40.364,0.13756553828716278,-0.14653697609901428,-0.13140001893043518,-0.00017688401567284018,0.000872527074534446,-0.0005402080132625997
2026-03-25 21:37:40.366,0.14126794040203094,-0.1352289915084839,-0.12719324231147766,-7.214341167127714e-05,0.0007967433775775135,-0.00039658742025494576
2026-03-25 21:37:40.368,0.15367823839187622,-0.13600517809391022,-0.13728231191635132,-0.00036605040077120066,0.0008564245654270053,-0.0005692995036952198
2026-03-25 21:37:40.371,0.15744483470916748,-0.13507749140262604,-0.12189052253961563,-0.00014548366016242653,0.0010536800837144256,-0.0007001559715718031
2026-03-25 21:37:40.373,0.16692912578582764,-0.131883904337883,-0.1253374069929123,-0.0004268468474037945,0.0010243648430332541,-0.0007137001375667751
2026-03-25 21:37:40.377,0.15068058669567108,-0.12307589501142502,-0.12943528592586517,-0.0008329566917382181,0.0009638952906243503,-0.000802294525783509
2026-03-25 21:37:40.379,0.1488284319639206,-0.11333104223012924,-0.13187773525714874,-0.0007312704110518098,0.0007788647781126201,-0.0008829713915474713
2026-03-25 21:37:40.383,0.14832241833209991,-0.11066544055938721,-0.13117481768131256,-0.0006260416121222079,0.0007383069023489952,-0.0007384407799690962
2026-03-25 21:37:40.387,0.16103796660900116,-0.10352698713541031,-0.1285373568534851,-0.0007314952090382576,0.0009289781446568668,-0.0008771715802140534
2026-03-25 21:37:40.389,0.157303124666214,-0.09942133724689484,-0.13290534913539886,-0.0008730561239644885,0.0009005441097542644,-0.000790225516539067
2026-03-25 21:37:40.390,0.15286755561828613,-0.0999140664935112,-0.12069011479616165,-0.0008655466954223812,0.0008694351417943835,-0.0008665455970913172
2026-03-25 21:37:40.392,0.15330109000205994,-0.09756093472242355,-0.1306227445602417,-0.0009481222368776798,0.00073451321804896,-0.0008356724865734577
2026-03-25 21:37:40.394,0.14516551792621613,-0.0910400003194809,-0.131497323513031,-0.0009849427733570337,0.0008218176080845296,-0.0008379523060284555
2026-03-25 21:37:40.396,0.1419774442911148,-0.09429871290922165,-0.1372326761484146,-0.000991611392237246,0.0009483431349508464,-0.0006348236929625273
2026-03-25 21:37:40.398,0.14370381832122803,-0.09211353212594986,-0.13252265751361847,-0.0011688553495332599,0.0009387254249304533,-0.0009132953709922731
2026-03-25 21:37:40.400,0.15050454437732697,-0.09400231391191483,-0.13008785247802734,-0.0010938583873212337,0.000681689998600632,-0.0009267168934457004
2026-03-25 21:37:40.402,0.15301570296287537,-0.09622026234865189,-0.1255439966917038,-0.0010109491413459182,0.0006813292857259512,-0.0010289977071806788
2026-03-25 21:37:40.404,0.1600055992603302,-0.09744949638843536,-0.13225559890270233,-0.0010048090480268002,0.0006683046813122928,-0.0010123072424903512
2026-03-25 21:37:40.406,0.14575834572315216,-0.09148430824279785,-0.1301756501197815,-0.0010328121716156602,0.0006840924033895135,-0.0009236231562681496
2026-03-25 21:37:40.409,0.14351235330104828,-0.08856192976236343,-0.13938719034194946,-0.0009950369130820036,0.000759769813157618,-0.0007880865014158189
2026-03-25 21:37:40.411,0.14514385163784027,-0.09078805148601532,-0.1445641815662384,-0.0011968048056587577,0.0006927408976480365,-0.0009592994465492666
2026-03-25 21:37:40.413,0.14648891985416412,-0.08654788881540298,-0.13465939462184906,-0.0008634629775770009,0.0008685614448040724,-0.0008322538924403489
2026-03-25 21:37:40.417,0.15373992919921875,-0.0814308449625969,-0.14126746356487274,-0.0008900476386770606,0.000715469301212579,-0.0009525003843009472
2026-03-25 21:37:40.419,0.14258863031864166,-0.0803614929318428,-0.1397353559732437,-0.0009810012998059392,0.0008722647908143699,-0.0009434681851416826
2026-03-25 21:37:40.421,0.14210884273052216,-0.07872692495584488,-0.1296801120042801,-0.0010503398953005672,0.0007497582118958235,-0.000994022935628891
2026-03-25 21:37:40.425,0.15865589678287506,-0.08196084946393967,-0.13651344180107117,-0.001035802997648716,0.0007583467522636056,-0.0008743324433453381
2026-03-25 21:37:40.427,0.15557964146137238,-0.0832950696349144,-0.1344570517539978,-0.001100126071833074,0.000628060195595026,-0.0007458663894794881
2026-03-25 21:37:40.429,0.14511403441429138,-0.0891546830534935,-0.14676445722579956,-0.0012490726076066494,0.0007832061965018511,-0.0009089129162020981
2026-03-25 21:37:40.431,0.14701789617538452,-0.08272499591112137,-0.13912968337535858,-0.0010737513657659292,0.0006430110661312938,-0.0011155079118907452
2026-03-25 21:37:40.433,0.13865074515342712,-0.07765859365463257,-0.13713186979293823,-0.0008822862873785198,0.0006487354403361678,-0.0009577285964041948
2026-03-25 21:37:40.435,0.13948875665664673,-0.0874934047460556,-0.139103502035141,-0.0010250520426779985,0.0007543073734268546,-0.0010642425622791052
2026-03-25 21:37:40.437,0.1428329050540924,-0.08690351247787476,-0.14275310933589935,-0.0011174650862812996,0.0006910901865921915,-0.0011355025926604867
2026-03-25 21:37:40.439,0.14429055154323578,-0.08188563585281372,-0.1397911012172699,-0.0009235969046130776,0.0008543645380996168,-0.0008571542566642165
2026-03-25 21:37:40.441,0.15035299956798553,-0.08525457233190536,-0.13396410644054413,-0.0009911508532240987,0.0007965841796249151,-0.0009505655034445226
2026-03-25 21:37:40.443,0.15247057378292084,-0.08788593858480453,-0.13827694952487946,-0.001076860586181283,0.0007909124833531678,-0.0007455158047378063
2026-03-25 21:37:40.447,0.14901840686798096,-0.08607468754053116,-0.1336165815591812,-0.0010035658488050103,0.0007198135717771947,-0.0009365554433315992
2026-03-25 21:37:40.449,0.15090078115463257,-0.08483075350522995,-0.13661308586597443,-0.0010334192775189877,0.0007117738714441657,-0.0010073806624859571
2026-03-25 21:37:40.451,0.14812014997005463,-0.08889741450548172,-0.14911456406116486,-0.0009928330546244979,0.0006629421259276569,-0.0009555215947329998
2026-03-25 21:37:40.453,0.15203411877155304,-0.08695150911808014,-0.14758560061454773,-0.0008601538720540702,0.0007506423280574381,-0.0009278660290874541
2026-03-25 21:37:40.455,0.15375937521457672,-0.08669403195381165,-0.14235888421535492,-0.0009554856223985553,0.0007592906476929784,-0.0008447023574262857
2026-03-25 21:37:40.457,0.14706739783287048,-0.09023367613554001,-0.13420431315898895,-0.0009961446048691869,0.0010502655059099197,-0.0009076523128896952
2026-03-25 21:37:40.461,0.15044285356998444,-0.09593500196933746,-0.1362532675266266,-0.0009622737998142838,0.0007544017280451953,-0.0008923518471419811
2026-03-25 21:37:40.463,0.147342249751091,-0.0942615270614624,-0.14085827767848969,-0.0009913932299241424,0.0007369579980149865,-0.0010263025760650635
2026-03-25 21:37:40.465,0.14912118017673492,-0.100711390376091,-0.1426505744457245,-0.0010337104322388768,0.0007749758660793304,-0.0008187470375560224
2026-03-25 21:37:40.467,0.15611986815929413,-0.09281917661428452,-0.13976706564426422,-0.000701467040926218,0.0008170903893187642,-0.0007917018956504762
2026-03-25 21:37:40.469,0.15590277314186096,-0.09989362955093384,-0.13831017911434174,-0.0008405835833400488,0.0008435199270024896,-0.0007776888669468462
2026-03-25 21:37:40.471,0.15979766845703125,-0.09883914142847061,-0.12911027669906616,-0.0008550049969926476,0.0008686701767146587,-0.00080385513138026
2026-03-25 21:37:40.473,0.16296757757663727,-0.09775654226541519,-0.1298396736383438,-0.0008578650886192918,0.0008472361951135099,-0.0006859032437205315
2026-03-25 21:37:40.475,0.16109023988246918,-0.09916861355304718,-0.13233506679534912,-0.0008679067832417786,0.0008831450249999762,-0.0007658251561224461
2026-03-25 21:37:40.477,0.1505206674337387,-0.10151193290948868,-0.12878720462322235,-0.0009702276438474655,0.00101091421674937,-0.0006913605029694736
2026-03-25 21:37:40.479,0.15484510362148285,-0.1078755334019661,-0.13407252728939056,-0.0008440689416602254,0.0009542122134007514,-0.0006714644259773195
2026-03-25 21:37:40.481,0.1508258730173111,-0.10048379749059677,-0.1334775984287262,-0.000738664879463613,0.0010179821401834488,-0.0008356688194908202
2026-03-25 21:37:40.483,0.1493455171585083,-0.11563580483198166,-0.1371091604232788,-0.0006834580563008785,0.001001858152449131,-0.0007686780882067978
2026-03-25 21:37:40.485,0.1525990068912506,-0.11392315477132797,-0.14188002049922943,-0.0007356763235293329,0.0008215803536586463,-0.0007092753075994551
2026-03-25 21:37:40.487,0.16012327373027802,-0.11183664947748184,-0.14411614835262299,-0.0007639761897735298,0.0007752756355330348,-0.0007664595614187419
2026-03-25 21:37:40.489,0.14783677458763123,-0.1133822575211525,-0.13204120099544525,-0.0007025779923424125,0.0009069320512935519,-0.000678488751873374
2026-03-25 21:37:40.491,0.14808566868305206,-0.1099584624171257,-0.13175618648529053,-0.0006961526814848185,0.0008535463712178171,-0.0006652170559391379
2026-03-25 21:37:40.493,0.15542790293693542,-0.11272577941417694,-0.13002686202526093,-0.0005680088070221245,0.0008344945963472128,-0.0008543236763216555
2026-03-25 21:37:40.495,0.15067578852176666,-0.11543448269367218,-0.12784212827682495,-0.0007331282831728458,0.00101063447073102,-0.000792121805716306
2026-03-25 21:37:40.497,0.1592133492231369,-0.1157788634300232,-0.12910012900829315,-0.000797230051830411,0.001028666039928794,-0.0006556456792168319
2026-03-25 21:37:40.499,0.16127924621105194,-0.11328926682472229,-0.12075082957744598,-0.0007357294671237469,0.0009843853767961264,-0.0006288904114626348
2026-03-25 21:37:40.501,0.16205567121505737,-0.11379159986972809,-0.11930925399065018,-0.0007799816085025668,0.0009595915907993913,-0.0007268539047800004
2026-03-25 21:37:40.503,0.15465085208415985,-0.11875758320093155,-0.12631423771381378,-0.0010025666560977697,0.0009251968003809452,-0.0005842361715622246
2026-03-25 21:37:40.505,0.159992516040802,-0.11849413067102432,-0.13060930371284485,-0.0006794188520871103,0.0007917754701338708,-0.000674605427775532
2026-03-25 21:37:40.507,0.1605430245399475,-0.12008174508810043,-0.12502236664295197,-0.0005591125809587538,0.0008277384331449866,-0.000767557299695909
2026-03-25 21:37:40.509,0.15208469331264496,-0.12175048887729645,-0.1314123272895813,-0.0005807153065688908,0.0009251696174032986,-0.0006982612540014088
2026-03-25 21:37:40.511,0.15078885853290558,-0.12338096648454666,-0.12640748918056488,-0.0005715815932489932,0.0009338438394479454,-0.000533582060597837
2026-03-25 21:37:40.513,0.15971963107585907,-0.12426348030567169,-0.13563883304595947,-0.0006622544606216252,0.0008997883996926248,-0.0005596020491793752
2026-03-25 21:37:40.515,0.1513340026140213,-0.12421028316020966,-0.1207256093621254,-0.0007694099913351238,0.0010283560259267688,-0.0006768040475435555
2026-03-25 21:37:40.517,0.15338853001594543,-0.12485268712043762,-0.12962749600410461,-0.0007076120236888528,0.001039867172949016,-0.0007178079686127603
2026-03-25 21:37:40.519,0.1540483981370926,-0.12226596474647522,-0.12861701846122742,-0.0007345307385548949,0.0008981532882899046,-0.0006499476730823517
2026-03-25 21:37:40.521,0.15666933357715607,-0.11673706769943237,-0.13223445415496826,-0.0006111525581218302,0.0010315395193174481,-0.0006777027156203985
2026-03-25 21:37:40.523,0.16228872537612915,-0.11503709852695465,-0.12005718797445297,-0.0006613098084926605,0.0010094272438436747,-0.0005513836513273418
2026-03-25 21:37:40.525,0.16118285059928894,-0.12000151723623276,-0.12362603843212128,-0.0007169232703745365,0.0011086385929957032,-0.0007458973559550941
2026-03-25 21:37:40.527,0.15952067077159882,-0.12052327394485474,-0.1293545961380005,-0.0006360002444125712,0.0011332409922033548,-0.0007633875939063728
2026-03-25 21:37:40.529,0.15846139192581177,-0.11818376928567886,-0.13207638263702393,-0.0003948033263441175,0.0009771663462743163,-0.0007645506411790848
2026-03-25 21:37:40.531,0.1546659618616104,-0.12020357698202133,-0.1253412812948227,-0.000598080107010901,0.0009715959895402193,-0.0006467683124355972
2026-03-25 21:37:40.533,0.15231002867221832,-0.1292628049850464,-0.12929362058639526,-0.0005227762158028781,0.001065006828866899,-0.0006736302748322487
2026-03-25 21:37:40.535,0.14728997647762299,-0.12968149781227112,-0.1323738545179367,-0.000556803890503943,0.000957634299993515,-0.0007814846467226744
2026-03-25 21:37:40.537,0.14895743131637573,-0.12592445313930511,-0.12251684069633484,-0.0005084948497824371,0.0010021585039794445,-0.000723153876606375
2026-03-25 21:37:40.539,0.15337872505187988,-0.12552136182785034,-0.1258530169725418,-0.0007186942384578288,0.000989999040029943,-0.0005921333213336766
2026-03-25 21:37:40.541,0.16307799518108368,-0.12129303067922592,-0.13247624039649963,-0.0005392762832343578,0.0008101952262222767,-0.0007573829498142004
2026-03-25 21:37:40.543,0.15694591403007507,-0.1202477365732193,-0.12869226932525635,-0.00041100993985310197,0.0009661735384725034,-0.0008840053342282772
2026-03-25 21:37:40.545,0.15919283032417297,-0.12280125170946121,-0.12919661402702332,-0.0004592807381413877,0.0010136975906789303,-0.0007730732322670519
2026-03-25 21:37:40.547,0.15648774802684784,-0.12265396118164062,-0.13053077459335327,-0.0006450603250414133,0.000854411453474313,-0.0006104420754127204
2026-03-25 21:37:40.549,0.15775011479854584,-0.11900599300861359,-0.12453467398881912,-0.0005842879181727767,0.001025661826133728,-0.0006378839607350528
2026-03-25 21:37:40.551,0.1570681780576706,-0.12280860543251038,-0.12933769822120667,-0.0006174459704197943,0.0010976798366755247,-0.0005960091366432607
2026-03-25 21:37:40.553,0.16221369802951813,-0.11933130770921707,-0.12508870661258698,-0.0006183615769259632,0.0009535926510579884,-0.0007753416430205107
2026-03-25 21:37:40.555,0.16121181845664978,-0.11897021532058716,-0.12713903188705444,-0.00044831549166701734,0.0009470994118601084,-0.0005886622820980847
2026-03-25 21:37:40.557,0.1565978080034256,-0.12107506394386292,-0.13551846146583557,-0.0006595070008188486,0.0010480397613719106,-0.0007666765013709664
2026-03-25 21:37:40.559,0.15087644755840302,-0.12112943083047867,-0.12655538320541382,-0.0006358789978548884,0.0009427791810594499,-0.0006927151116542518
2026-03-25 21:37:40.561,0.1493665874004364,-0.1289067566394806,-0.13605424761772156,-0.0007126391283236444,0.0009936005808413029,-0.0006064822082407773
2026-03-25 21:37:40.563,0.14229117333889008,-0.12490952014923096,-0.13497546315193176,-0.0005622128373943269,0.0010752604575827718,-0.0006886933115310967
2026-03-25 21:37:40.565,0.14610661566257477,-0.12229835242033005,-0.1265348643064499,-0.00037307702586986125,0.0008624095353297889,-0.0007307554478757083
2026-03-25 21:37:40.567,0.15832778811454773,-0.12207742780447006,-0.1243133693933487,-0.0004800224560312927,0.0008549634367227554,-0.0007021352648735046
2026-03-25 21:37:40.569,0.15619222819805145,-0.1179584264755249,-0.13251930475234985,-0.0005869677406735718,0.0010633484926074743,-0.0006459744181483984
2026-03-25 21:37:40.571,0.16673997044563293,-0.11178971827030182,-0.1261960119009018,-0.0007249612244777381,0.0009781535482034087,-0.0006263501127250493
2026-03-25 21:37:40.573,0.16127640008926392,-0.11519769579172134,-0.12176927179098129,-0.0009130251128226519,0.0009522092877887189,-0.0005433340556919575
2026-03-25 21:37:40.575,0.15839508175849915,-0.11288284510374069,-0.1263006627559662,-0.0008023394038900733,0.0010227116290479898,-0.0007817503646947443
2026-03-25 21:37:40.577,0.15725818276405334,-0.10974154621362686,-0.13132192194461823,-0.0006088546942919493,0.0010524936951696873,-0.0008222583564929664
2026-03-25 21:37:40.579,0.15480642020702362,-0.1142156794667244,-0.11677522957324982,-0.0007204286521300673,0.0008994009695015848,-0.0007235616212710738
2026-03-25 21:37:40.581,0.1519773006439209,-0.11502329260110855,-0.13328050076961517,-0.0008388307178393006,0.0009070126689039171,-0.0008472052868455648
2026-03-25 21:37:40.583,0.14279377460479736,-0.11599831283092499,-0.13015104830265045,-0.0009305474814027548,0.0009885764447972178,-0.0007148922304622829
2026-03-25 21:37:40.585,0.15290606021881104,-0.11531081795692444,-0.1319582462310791,-0.0007082250085659325,0.0007771196542307734,-0.0007260457496158779
2026-03-25 21:37:40.587,0.15728527307510376,-0.11352066695690155,-0.13082760572433472,-0.0006114710122346878,0.0009438041015528142,-0.0008181910961866379
2026-03-25 21:37:40.589,0.15769873559474945,-0.10619384050369263,-0.13579070568084717,-0.0006992228445596993,0.0008181539596989751,-0.0006484471377916634
2026-03-25 21:37:40.591,0.15619125962257385,-0.09777645766735077,-0.12724825739860535,-0.0007195830112323165,0.0007254000520333648,-0.0007181685068644583
2026-03-25 21:37:40.593,0.14629866182804108,-0.09792981296777725,-0.1307184249162674,-0.0009994854917749763,0.0009840363636612892,-0.0006560622132383287
2026-03-25 21:37:40.595,0.15012308955192566,-0.09802225977182388,-0.13399751484394073,-0.0008845168049447238,0.000899737176951021,-0.000759591581299901
2026-03-25 21:37:40.597,0.15553271770477295,-0.09793602675199509,-0.13589529693126678,-0.0009107461664825678,0.00089649623259902,-0.0008764892700128257
2026-03-25 21:37:40.599,0.15716169774532318,-0.0975549966096878,-0.12809942662715912,-0.0008624280453659594,0.0009256584453396499,-0.0008616819977760315
2026-03-25 21:37:40.601,0.15162163972854614,-0.09923356026411057,-0.1305914670228958,-0.0008927803137339652,0.0008250346290878952,-0.0009130220278166234
2026-03-25 21:37:40.603,0.14201126992702484,-0.09687938541173935,-0.1356758326292038,-0.0010107284178957343,0.0007956863264553249,-0.0008382339728996158
2026-03-25 21:37:40.605,0.14207950234413147,-0.09353767335414886,-0.13965868949890137,-0.001034504733979702,0.0008846124401316047,-0.0008077456732280552
2026-03-25 21:37:40.607,0.15191501379013062,-0.09111140668392181,-0.1374620944261551,-0.0009480117587372661,0.0008352159638889134,-0.0008776970789767802
2026-03-25 21:37:40.609,0.14917771518230438,-0.09024859219789505,-0.14061865210533142,-0.0010550200240686536,0.0008509682375006378,-0.0008849696605466306
2026-03-25 21:37:40.611,0.14577727019786835,-0.09502951055765152,-0.13670945167541504,-0.0010883868671953678,0.0008195924456231296,-0.0009268840658478439
2026-03-25 21:37:40.613,0.14674335718154907,-0.09335857629776001,-0.14609310030937195,-0.0011273347772657871,0.0008270452963188291,-0.0010585109703242779
2026-03-25 21:37:40.615,0.14595812559127808,-0.085347481071949,-0.14552442729473114,-0.0009637787006795406,0.000559487147256732,-0.0010024462826550007
2026-03-25 21:37:40.617,0.14665138721466064,-0.09107588976621628,-0.14782774448394775,-0.001135256257839501,0.0007244679145514965,-0.001115663442760706
2026-03-25 21:37:40.619,0.14274586737155914,-0.08417072892189026,-0.1421985775232315,-0.0009513893164694309,0.0009057121933437884,-0.001054515945725143
2026-03-25 21:37:40.621,0.14610815048217773,-0.08400539308786392,-0.14918704330921173,-0.0009643398225307465,0.0008644703775644302,-0.0010955912293866277
2026-03-25 21:37:40.623,0.14690661430358887,-0.08748835325241089,-0.14250995218753815,-0.0010683803120628,0.0007707295008003712,-0.0009585354709997773
2026-03-25 21:37:40.625,0.14402304589748383,-0.08343572169542313,-0.13839517533779144,-0.0009689711732789874,0.0007751930970698595,-0.0009819961851462722
2026-03-25 21:37:40.627,0.1476786583662033,-0.08095395565032959,-0.1438160538673401,-0.0008731225971132517,0.0009148098761215806,-0.0009911521337926388
2026-03-25 21:37:40.629,0.14719118177890778,-0.08763697743415833,-0.14603690803050995,-0.00105204654391855,0.0006003528833389282,-0.0010439986363053322
2026-03-25 21:37:40.631,0.14155052602291107,-0.08588751405477524,-0.1440391093492508,-0.0009644693927839398,0.0007441710331477225,-0.0010115542681887746
2026-03-25 21:37:40.633,0.14382605254650116,-0.08515961468219757,-0.14799490571022034,-0.0010492276633158326,0.0006449099746532738,-0.0009504238842055202
2026-03-25 21:37:40.635,0.14285799860954285,-0.08622279763221741,-0.15181754529476166,-0.001079927897080779,0.0007109626312740147,-0.0010702206054702401
2026-03-25 21:37:40.637,0.1444336175918579,-0.08404427766799927,-0.15375164151191711,-0.0008974416996352375,0.0007780142477713525,-0.0011087130988016725
2026-03-25 21:37:40.639,0.14943209290504456,-0.08067300915718079,-0.139949232339859,-0.0009913103422150016,0.0006412178045138717,-0.0010291143553331494
2026-03-25 21:37:40.641,0.15026997029781342,-0.08577233552932739,-0.13908164203166962,-0.0011138096451759338,0.00043506055953912437,-0.0009342493140138686
2026-03-25 21:37:40.643,0.14213715493679047,-0.08052781969308853,-0.14786727726459503,-0.0009702387033030391,0.0005617347196675837,-0.0011443281546235085
2026-03-25 21:37:40.645,0.1453961282968521,-0.0828980952501297,-0.13180916011333466,-0.000937457662075758,0.00051503797294572,-0.0010571882594376802
2026-03-25 21:37:40.647,0.14185184240341187,-0.08776992559432983,-0.132710799574852,-0.0008910513133741915,0.0007773772813379765,-0.0011136025423184037
2026-03-25 21:37:40.649,0.15078549087047577,-0.09225968271493912,-0.13474668562412262,-0.0007143252296373248,0.0007753577665425837,-0.0008585394243709743
2026-03-25 21:37:40.651,0.15042425692081451,-0.0946449562907219,-0.14559538662433624,-0.0008971486822701991,0.0009836695389822125,-0.000971246394328773
2026-03-25 21:37:40.653,0.14236553013324738,-0.09028522670269012,-0.14267078042030334,-0.0009251048904843628,0.0009428086341358721,-0.000868827395606786
2026-03-25 21:37:40.655,0.14685842394828796,-0.09753737598657608,-0.14810732007026672,-0.0009838055120781064,0.0008235634304583073,-0.0008306443342007697
2026-03-25 21:37:40.657,0.1483689397573471,-0.09732962399721146,-0.13592207431793213,-0.0007440019398927689,0.0007531964220106602,-0.0009111508843488991
2026-03-25 21:37:40.659,0.15434662997722626,-0.1002221554517746,-0.12978126108646393,-0.000928425055462867,0.0007417220040224493,-0.0008232578984461725
2026-03-25 21:37:40.661,0.1455368548631668,-0.09890569746494293,-0.13161051273345947,-0.00089908333029598,0.000874378252774477,-0.0008277177694253623
2026-03-25 21:37:40.663,0.14853081107139587,-0.10267149657011032,-0.13815444707870483,-0.0009036068222485483,0.0008139151614159346,-0.0007030190899968147
2026-03-25 21:37:40.665,0.14838315546512604,-0.10174500197172165,-0.1376255452632904,-0.0007254024967551231,0.0009536838042549789,-0.0008960590930655599
2026-03-25 21:37:40.667,0.15205906331539154,-0.10483479499816895,-0.12331245094537735,-0.0004638804239220917,0.0010577966459095478,-0.0007947002886794508
2026-03-25 21:37:40.669,0.150704488158226,-0.10819651186466217,-0.13206985592842102,-0.0006250095902942121,0.0009548545349389315,-0.0008024775888770819
2026-03-25 21:37:40.671,0.15258842706680298,-0.10854408890008926,-0.13299056887626648,-0.0006673433817923069,0.0010202109115198255,-0.0007405451033264399
2026-03-25 21:37:40.673,0.1520904004573822,-0.10898849368095398,-0.13376332819461823,-0.0008186764316633344,0.0008188683423213661,-0.0007515446050092578
2026-03-25 21:37:40.675,0.15143190324306488,-0.10600931942462921,-0.1371178776025772,-0.0007480186177417636,0.0011031805770471692,-0.0008122136350721121
2026-03-25 21:37:40.677,0.15826423466205597,-0.11630456894636154,-0.13026152551174164,-0.0007109452271834016,0.0008776240283623338,-0.0008059022366069257
2026-03-25 21:37:40.679,0.15683574974536896,-0.12061597406864166,-0.1261609047651291,-0.0005955497617833316,0.0008223213953897357,-0.0009429700439795852
2026-03-25 21:37:40.681,0.15181013941764832,-0.11642347276210785,-0.131428524851799,-0.0005189248477108777,0.000739887123927474,-0.0008017614018172026
2026-03-25 21:37:40.683,0.14589758217334747,-0.1195928081870079,-0.13172002136707306,-0.0006385966553352773,0.0008558014524169266,-0.0006250581936910748
2026-03-25 21:37:40.685,0.14776091277599335,-0.11873293668031693,-0.13507655262947083,-0.00037935259751975536,0.001030842657200992,-0.0007374312845058739
2026-03-25 21:37:40.687,0.152363583445549,-0.12245646119117737,-0.12480226159095764,-0.00034827692434191704,0.0010511737782508135,-0.0006487959763035178
2026-03-25 21:37:40.689,0.15911994874477386,-0.12599091231822968,-0.12107186764478683,-0.000532378675416112,0.0009191906428895891,-0.000637644378002733
2026-03-25 21:37:40.691,0.1608586311340332,-0.12007011473178864,-0.12343403697013855,-0.0005485563888214529,0.0009695899207144976,-0.0006688846624456346
2026-03-25 21:37:40.693,0.15869568288326263,-0.12041200697422028,-0.12397536635398865,-0.00042405686690472066,0.0009982538176700473,-0.00047691562213003635
2026-03-25 21:37:40.695,0.1612246185541153,-0.11866223067045212,-0.11180280148983002,-0.0004399529134389013,0.0009405354503542185,-0.0006050114752724767
2026-03-25 21:37:40.697,0.1601770669221878,-0.12467321753501892,-0.1254575252532959,-0.0006179457413963974,0.0010373377008363605,-0.000629096757620573
2026-03-25 21:37:40.699,0.1596854329109192,-0.1256639063358307,-0.11514753103256226,-0.0005467385053634644,0.0010789885418489575,-0.0006197888869792223
2026-03-25 21:37:40.701,0.16088341176509857,-0.12814320623874664,-0.12091749906539917,-0.000594309763982892,0.0009735152707435191,-0.0006561456248164177
2026-03-25 21:37:40.703,0.1531551331281662,-0.13078083097934723,-0.1348416656255722,-0.0005235854769125581,0.0010704757878556848,-0.0006154107395559549
2026-03-25 21:37:40.705,0.15205278992652893,-0.13490675389766693,-0.1321628987789154,-0.00044340622844174504,0.0009700636728666723,-0.0006459736032411456
2026-03-25 21:37:40.707,0.15936164557933807,-0.12957130372524261,-0.13194938004016876,-0.00032911275047808886,0.0008548606419935822,-0.0006118579767644405
2026-03-25 21:37:40.709,0.15040457248687744,-0.12742170691490173,-0.12612836062908173,-0.0004621366679202765,0.0010708149056881666,-0.0005682079354301095
2026-03-25 21:37:40.711,0.1573612093925476,-0.12905676662921906,-0.1278771311044693,-0.0004779562586918473,0.0009367103921249509,-0.0006016719271428883
2026-03-25 21:37:40.713,0.15776023268699646,-0.12567515671253204,-0.1257130354642868,-0.0005059106042608619,0.0010019665351137519,-0.0003619380877353251
2026-03-25 21:37:40.715,0.15784235298633575,-0.12318599969148636,-0.12528717517852783,-0.0006854963139630854,0.0010254292283207178,-0.0007384699420072138
2026-03-25 21:37:40.717,0.16256797313690186,-0.12669385969638824,-0.12496038526296616,-0.0007094083703123033,0.000984629848971963,-0.0007277085678651929
2026-03-25 21:37:40.719,0.16261309385299683,-0.12663264572620392,-0.11931159347295761,-0.0006719367229379714,0.0009350756299681962,-0.0007217282545752823
2026-03-25 21:37:40.721,0.15953075885772705,-0.12214343249797821,-0.12515711784362793,-0.0006363928550854325,0.0009672346641309559,-0.00076866993913427
2026-03-25 21:37:40.723,0.16577200591564178,-0.11586493998765945,-0.12490750104188919,-0.0005252569098956883,0.0009345459402538836,-0.0006470296066254377
2026-03-25 21:37:40.725,0.16157163679599762,-0.11858292669057846,-0.12671303749084473,-0.0006535775028169155,0.0010690641356632113,-0.0007819174788892269
2026-03-25 21:37:40.727,0.16331085562705994,-0.1175793707370758,-0.13661012053489685,-0.000669348519295454,0.0009284204570576549,-0.000558093364816159
2026-03-25 21:37:40.729,0.1504242867231369,-0.1224934458732605,-0.13674718141555786,-0.0007000502664595842,0.0009180531487800181,-0.0005250108661130071
2026-03-25 21:37:40.731,0.14638970792293549,-0.12157606333494186,-0.1356540024280548,-0.0007288182387128472,0.0008503910503350198,-0.0007054609595797956
2026-03-25 21:37:40.733,0.14548395574092865,-0.12333083152770996,-0.1363123208284378,-0.0005172724486328661,0.0007431585108861327,-0.0008542498107999563
2026-03-25 21:37:40.735,0.14684154093265533,-0.12207002937793732,-0.13582289218902588,-0.0005905621219426394,0.0007383921765722334,-0.0006880864384584129
2026-03-25 21:37:40.737,0.15371359884738922,-0.12399563938379288,-0.1278751641511917,-0.0006586007075384259,0.000928799039684236,-0.0007968399440869689
2026-03-25 21:37:40.739,0.1641564816236496,-0.11408637464046478,-0.11981802433729172,-0.00071718666004017,0.0010269797639921308,-0.0008123048464767635
2026-03-25 21:37:40.741,0.1638309508562088,-0.10470356792211533,-0.12528108060359955,-0.0008253249106928706,0.0009654667228460312,-0.0008130896603688598
2026-03-25 21:37:40.743,0.16151651740074158,-0.09667501598596573,-0.12911054491996765,-0.0007916715112514794,0.0010009667603299022,-0.000767749676015228
2026-03-25 21:37:40.745,0.15993057191371918,-0.09701112657785416,-0.13131698966026306,-0.0006973842391744256,0.0010650554904714227,-0.0007834626012481749
2026-03-25 21:37:40.747,0.16074910759925842,-0.0990557000041008,-0.12170571833848953,-0.0007165966089814901,0.0009684357210062444,-0.0007375288987532258
2026-03-25 21:37:40.749,0.1506546288728714,-0.10237447172403336,-0.13201071321964264,-0.000711305532604456,0.0008715512813068926,-0.0007139583467505872
2026-03-25 21:37:40.751,0.14694343507289886,-0.10804135352373123,-0.1354895383119583,-0.0007754666730761528,0.0007807138608768582,-0.0008811237057670951
2026-03-25 21:37:40.753,0.14880988001823425,-0.11105649918317795,-0.13244101405143738,-0.0006762952543795109,0.0005994954262860119,-0.0008524151635356247
2026-03-25 21:37:40.755,0.14803875982761383,-0.10897278785705566,-0.13818514347076416,-0.0006205138051882386,0.0007345642079599202,-0.0008886335999704897
2026-03-25 21:37:40.757,0.1408718377351761,-0.10461487621068954,-0.14441674947738647,-0.0007283886661753058,0.0008054906502366066,-0.0007903186487965286
2026-03-25 21:37:40.759,0.14633357524871826,-0.10040334612131119,-0.13633161783218384,-0.0008780924254097044,0.0008692479459568858,-0.000923096900805831
2026-03-25 21:37:40.761,0.1465207189321518,-0.0959891825914383,-0.13838723301887512,-0.0010134406620636582,0.0008709058747626841,-0.0007291734800674021
2026-03-25 21:37:40.763,0.15023276209831238,-0.09446482360363007,-0.13583076000213623,-0.0009121269686147571,0.0008427493157796562,-0.0008616042323410511
2026-03-25 21:37:40.765,0.1537163406610489,-0.09252805262804031,-0.1339208334684372,-0.0007714047096669674,0.0006428708438761532,-0.0008521160343661904
2026-03-25 21:37:40.767,0.15197941660881042,-0.09111841022968292,-0.13245365023612976,-0.0007568100118078291,0.0009609829867258668,-0.0009531202376820147
2026-03-25 21:37:40.769,0.1520918309688568,-0.0897689014673233,-0.12947851419448853,-0.0007861582562327385,0.000917213037610054,-0.0008659136947244406
2026-03-25 21:37:40.771,0.14789246022701263,-0.09175640344619751,-0.13752377033233643,-0.0007962002418935299,0.0008901123073883355,-0.0009181233472190797
2026-03-25 21:37:40.772,0.15262973308563232,-0.08707766234874725,-0.14270251989364624,-0.0008398793288506567,0.0008416467462666333,-0.0007868362008593976
2026-03-25 21:37:40.774,0.14892445504665375,-0.09368597716093063,-0.13848876953125,-0.001053692540153861,0.0008793962770141661,-0.0008326665847562253
2026-03-25 21:37:40.776,0.14135780930519104,-0.09985478967428207,-0.13831372559070587,-0.0009768883464857936,0.0007200877298600972,-0.00102456274908036
2026-03-25 21:37:40.778,0.13315193355083466,-0.10006681829690933,-0.13769099116325378,-0.0008156055700965226,0.0008518339600414038,-0.0009834547527134418
2026-03-25 21:37:40.780,0.1374027281999588,-0.09846768528223038,-0.13437019288539886,-0.0007394963758997619,0.0007375706918537617,-0.0009980280883610249
2026-03-25 21:37:40.782,0.14227239787578583,-0.1001284122467041,-0.1400383859872818,-0.0008360855863429606,0.0007115802727639675,-0.001045146374963224
2026-03-25 21:37:40.784,0.15000982582569122,-0.09440579265356064,-0.14147701859474182,-0.0008272149134427309,0.0007962991367094219,-0.000947579275816679
2026-03-25 21:37:40.787,0.1486932635307312,-0.09085866063833237,-0.1372436285018921,-0.0008230186067521572,0.0008674371056258678,-0.000997904222458601
2026-03-25 21:37:40.788,0.15574277937412262,-0.09054373949766159,-0.1324915885925293,-0.0009948405204340816,0.0010221172124147415,-0.0009266915149055421
2026-03-25 21:37:40.790,0.15393760800361633,-0.08269216865301132,-0.13594557344913483,-0.0009911023080348969,0.000757488829549402,-0.0009014782262966037
2026-03-25 21:37:40.792,0.15413770079612732,-0.08431506901979446,-0.12886397540569305,-0.0010511239524930716,0.0008436274365521967,-0.001044944510795176
2026-03-25 21:37:40.795,0.1512983739376068,-0.0823705717921257,-0.1370924562215805,-0.000843656889628619,0.0008346709655597806,-0.0008352184668183327
2026-03-25 21:37:40.797,0.15507294237613678,-0.09395731985569,-0.1413179486989975,-0.0008998934645205736,0.0009235250763595104,-0.0008431489113718271
2026-03-25 21:37:40.799,0.14921745657920837,-0.09811879694461823,-0.1463797390460968,-0.0007142234244383872,0.0008695707656443119,-0.0008621742599643767
2026-03-25 21:37:40.801,0.14228856563568115,-0.09588553011417389,-0.1399100124835968,-0.0008825414697639644,0.000789910729508847,-0.0009559443569742143
2026-03-25 21:37:40.802,0.14391115307807922,-0.09544918686151505,-0.14288774132728577,-0.0007702705916017294,0.000614396296441555,-0.0009091789834201336
2026-03-25 21:37:40.805,0.1422082930803299,-0.09611321240663528,-0.1368986964225769,-0.0009385705925524235,0.0006330784526653588,-0.0006909140502102673
2026-03-25 21:37:40.807,0.14757026731967926,-0.09554417431354523,-0.14788269996643066,-0.0007873476133681834,0.0006768187158741057,-0.0010274875676259398
2026-03-25 21:37:40.809,0.1475646197795868,-0.09536857903003693,-0.14622871577739716,-0.0006828798213973641,0.000984038575552404,-0.0009346887818537652
2026-03-25 21:37:40.811,0.15200047194957733,-0.09664975106716156,-0.13690048456192017,-0.0007661079289391637,0.0007406412623822689,-0.000851048156619072
2026-03-25 21:37:40.813,0.15341679751873016,-0.09520285576581955,-0.13777154684066772,-0.0008686396176926792,0.0006730349268764257,-0.0006964370841160417
2026-03-25 21:37:40.815,0.14644218981266022,-0.0949161946773529,-0.14258511364459991,-0.0008956411038525403,0.0009540219907648861,-0.0007934154127724469
2026-03-25 21:37:40.817,0.1534811109304428,-0.09855271875858307,-0.13575664162635803,-0.00075031619053334,0.0009291016613133252,-0.0009562576888129115
2026-03-25 21:37:40.818,0.15551365911960602,-0.09750429540872574,-0.12119157612323761,-0.0007709232741035521,0.0009654551977291703,-0.0009343918645754457
2026-03-25 21:37:40.821,0.14603695273399353,-0.09610499441623688,-0.13139590620994568,-0.0009677631896920502,0.0011263591004535556,-0.0008523347787559032
2026-03-25 21:37:40.822,0.15049895644187927,-0.09884802997112274,-0.1347925215959549,-0.0009873759699985385,0.0009055475238710642,-0.000832623103633523
2026-03-25 21:37:40.824,0.15334108471870422,-0.0991848036646843,-0.1388673186302185,-0.0007749368087388575,0.0009264277759939432,-0.0006625094101764262
2026-03-25 21:37:40.826,0.14469565451145172,-0.09853013604879379,-0.1387244611978531,-0.0005742351640947163,0.0009148017852567136,-0.0008237061556428671
2026-03-25 21:37:40.828,0.15134046971797943,-0.10754083096981049,-0.14438846707344055,-0.0006131940172053874,0.0008006712887436152,-0.0010232912609353662
2026-03-25 21:37:40.830,0.1469758003950119,-0.11442017555236816,-0.14069098234176636,-0.0006600840715691447,0.0007648129248991609,-0.0007771814125590026
2026-03-25 21:37:40.832,0.14721883833408356,-0.10514438152313232,-0.13145571947097778,-0.0006386651657521725,0.0007078734342940152,-0.0007589689339511096
2026-03-25 21:37:40.835,0.14675624668598175,-0.1079166829586029,-0.13370399177074432,-0.0006133047281764448,0.0007649820181541145,-0.0007373489206656814
2026-03-25 21:37:40.837,0.14998625218868256,-0.10930866003036499,-0.14581331610679626,-0.0006853871163912117,0.0010112471645697951,-0.0007738025742582977
2026-03-25 21:37:40.838,0.15482774376869202,-0.10690043866634369,-0.13006851077079773,-0.0007290223729796708,0.0010970714502036572,-0.0008903415873646736
2026-03-25 21:37:40.841,0.16164813935756683,-0.11049558222293854,-0.12118107825517654,-0.0008516849484294653,0.0011717614252120256,-0.0008772676228545606
2026-03-25 21:37:40.843,0.15479068458080292,-0.10127196460962296,-0.1348932683467865,-0.0007280348800122738,0.0009047029307112098,-0.0007912631845101714
2026-03-25 21:37:40.845,0.16138076782226562,-0.10601357370615005,-0.13755041360855103,-0.0006386360619217157,0.0009485973860137165,-0.0007737742271274328
2026-03-25 21:37:40.847,0.15267926454544067,-0.10676681250333786,-0.12427347898483276,-0.0005865381099283695,0.0008827674319036305,-0.0008896597428247333
2026-03-25 21:37:40.849,0.15048463642597198,-0.11048116534948349,-0.12980283796787262,-0.0005805364926345646,0.0011403346434235573,-0.0009866214822977781
2026-03-25 21:37:40.851,0.14998874068260193,-0.11371897906064987,-0.1302947998046875,-0.0006007718620821834,0.0009133595740422606,-0.0008315861923620105
2026-03-25 21:37:40.852,0.1503027379512787,-0.11248528212308884,-0.1461392641067505,-0.0007450670236721635,0.0007976889610290527,-0.0007519858772866428
2026-03-25 21:37:40.855,0.14442797005176544,-0.11160317063331604,-0.15028932690620422,-0.0005677658482454717,0.0007262588478624821,-0.0006932946271263063
2026-03-25 21:37:40.857,0.14731760323047638,-0.11431629955768585,-0.15038414299488068,-0.00048818180221132934,0.0008666833164170384,-0.0006649176357313991
2026-03-25 21:37:40.859,0.15059177577495575,-0.11561700701713562,-0.12655411660671234,-0.0004408412496559322,0.0008666818612255156,-0.0006956913275644183
2026-03-25 21:37:40.861,0.14949439465999603,-0.11472512036561966,-0.13073158264160156,-0.00048032222548499703,0.0008514772052876651,-0.0008079343242570758
2026-03-25 21:37:40.863,0.14749401807785034,-0.10813277214765549,-0.13197064399719238,-0.0005143323796801269,0.0010222638957202435,-0.0007043107762001455
2026-03-25 21:37:40.865,0.1545412838459015,-0.11138004064559937,-0.13421478867530823,-0.000573015189729631,0.0009220579522661865,-0.0005570852081291378
2026-03-25 21:37:40.867,0.15810798108577728,-0.10781330615282059,-0.118500255048275,-0.0006060050800442696,0.0008988047484308481,-0.000687509193085134
2026-03-25 21:37:40.868,0.16369189321994781,-0.1086963638663292,-0.12737083435058594,-0.0006969032692722976,0.0009179809712804854,-0.0009012177470140159
2026-03-25 21:37:40.871,0.15756294131278992,-0.11251120269298553,-0.11724263429641724,-0.0007981773233041167,0.0010945206740871072,-0.000801218266133219
2026-03-25 21:37:40.873,0.1545909345149994,-0.11451384425163269,-0.13074487447738647,-0.0006825203890912235,0.0008160480065271258,-0.0007064811652526259
2026-03-25 21:37:40.875,0.14425238966941833,-0.11794981360435486,-0.13740889728069305,-0.0005702976486645639,0.0008492229972034693,-0.0006908097420819104
2026-03-25 21:37:40.877,0.14166733622550964,-0.12071091681718826,-0.1381130814552307,-0.0004299579013604671,0.0009587795939296484,-0.0005517132231034338
2026-03-25 21:37:40.879,0.14768517017364502,-0.12534761428833008,-0.13562433421611786,-0.0005306656239554286,0.0007302516023628414,-0.0009527846123091877
2026-03-25 21:37:40.881,0.1430722326040268,-0.1208658292889595,-0.1358393430709839,-0.000509693578351289,0.0009535505087114871,-0.0007117865025065839
2026-03-25 21:37:40.883,0.1466275155544281,-0.11138301342725754,-0.13974088430404663,-0.000508784141857177,0.0009505660855211318,-0.000619791098870337
2026-03-25 21:37:40.885,0.15729369223117828,-0.11108645796775818,-0.120183564722538,-0.0005759839550592005,0.0009105471544899046,-0.0006243537645787001
2026-03-25 21:37:40.888,0.16025403141975403,-0.11620607227087021,-0.11470560729503632,-0.0007988142897374928,0.0010718959383666515,-0.0007121724775061011
2026-03-25 21:37:40.890,0.16651655733585358,-0.11071261018514633,-0.11760850250720978,-0.0006882625166326761,0.0010351005475968122,-0.0007504539098590612
2026-03-25 21:37:40.892,0.16077150404453278,-0.11002497375011444,-0.12090826779603958,-0.0007701173890382051,0.0010084282839670777,-0.0008089434122666717
2026-03-25 21:37:40.894,0.15583477914333344,-0.10671128332614899,-0.12235300242900848,-0.0005968790501356125,0.001150875585153699,-0.000752974534407258
2026-03-25 21:37:40.896,0.1539694368839264,-0.11341441422700882,-0.12611496448516846,-0.0004961509257555008,0.0009179323096759617,-0.0007193929050117731
2026-03-25 21:37:40.898,0.15093642473220825,-0.11792461574077606,-0.13068757951259613,-0.000692338973749429,0.0009524698252789676,-0.0006836873362772167
2026-03-25 21:37:40.900,0.15128754079341888,-0.11536306887865067,-0.1395898014307022,-0.0005423194961622357,0.0007389127276837826,-0.0007106144330464303
2026-03-25 21:37:40.902,0.14889712631702423,-0.12090079486370087,-0.13846082985401154,-0.0004309948126319796,0.0005628233775496483,-0.0007006565574556589
2026-03-25 21:37:40.904,0.14404389262199402,-0.12002859264612198,-0.13593895733356476,-0.0005249615642242134,0.0007820856990292668,-0.0007847297238186002
2026-03-25 21:37:40.906,0.14794442057609558,-0.11467264592647552,-0.1341753602027893,-0.000590113690122962,0.0008735167211852968,-0.0006983952480368316
2026-03-25 21:37:40.908,0.1563657969236374,-0.11625265330076218,-0.1396665871143341,-0.0008082287386059761,0.000788640056271106,-0.000783314579166472
2026-03-25 21:37:40.910,0.15947553515434265,-0.11286487430334091,-0.1305134892463684,-0.0007769386284053326,0.0009484789916314185,-0.0007170788594521582
2026-03-25 21:37:40.912,0.1576632857322693,-0.10979576408863068,-0.1276974380016327,-0.0006851849611848593,0.0010409848764538765,-0.000818892614915967
2026-03-25 21:37:40.914,0.1592821627855301,-0.10824911296367645,-0.12035205960273743,-0.0006771680782549083,0.0009848049376159906,-0.0009352494380436838
2026-03-25 21:37:40.916,0.15707384049892426,-0.10593678057193756,-0.12858429551124573,-0.0006504906923510134,0.0009579976322129369,-0.0008364745881408453
2026-03-25 21:37:40.918,0.15375779569149017,-0.11322643607854843,-0.12981046736240387,-0.0006905865739099681,0.000979592208750546,-0.0008371554431505501
2026-03-25 21:37:40.923,0.15291689336299896,-0.11590898036956787,-0.1321299821138382,-0.0006360341212712228,0.0010129718575626612,-0.0008403544197790325
2026-03-25 21:37:40.927,0.1432170569896698,-0.11578938364982605,-0.14512817561626434,-0.0005523606087081134,0.000834074686281383,-0.0007262623985297978
2026-03-25 21:37:40.929,0.1457437127828598,-0.11622357368469238,-0.14733827114105225,-0.000639395962934941,0.0007915570749901235,-0.0009148912504315376
2026-03-25 21:37:40.931,0.14470547437667847,-0.11372719705104828,-0.13163013756275177,-0.0006611539865843952,0.000907203066162765,-0.0008131295326165855
2026-03-25 21:37:40.935,0.1563059538602829,-0.10252043604850769,-0.1315392702817917,-0.0006706140702590346,0.000943390594329685,-0.0009001463768072426
2026-03-25 21:37:40.937,0.16208364069461823,-0.0995224267244339,-0.12988576292991638,-0.0007355549605563283,0.0010120647493749857,-0.0007890081615187228
2026-03-25 21:37:40.939,0.16059915721416473,-0.09628982096910477,-0.13183270394802094,-0.0007598049123771489,0.0011477756779640913,-0.000965167477261275
2026-03-25 21:37:40.943,0.15322397649288177,-0.10102679580450058,-0.13505782186985016,-0.0008066098089329898,0.0011291374685242772,-0.0006858836277388036
2026-03-25 21:37:40.945,0.14871352910995483,-0.09768326580524445,-0.13096340000629425,-0.0006477571441791952,0.000916855875402689,-0.0008250823593698442
2026-03-25 21:37:40.947,0.14413288235664368,-0.10368578135967255,-0.13937492668628693,-0.0006268722354434431,0.0008752708090469241,-0.0008633036050014198
2026-03-25 21:37:40.951,0.14289474487304688,-0.103241927921772,-0.14118550717830658,-0.0006489217048510909,0.0007737129344604909,-0.0009172750869765878
2026-03-25 21:37:40.953,0.14225764572620392,-0.10677024722099304,-0.13358815014362335,-0.0005881977267563343,0.0006789802573621273,-0.0007587851723656058
2026-03-25 21:37:40.954,0.14333020150661469,-0.10679927468299866,-0.13844436407089233,-0.0007023421349003911,0.0006423857994377613,-0.000919508223887533
2026-03-25 21:37:40.956,0.1383676826953888,-0.10335153341293335,-0.1460271179676056,-0.0006917582941241562,0.0009341041441075504,-0.0009811336640268564
2026-03-25 21:37:40.958,0.15253804624080658,-0.10125702619552612,-0.13714338839054108,-0.00075121084228158,0.0008291510748676956,-0.0008371840231120586
2026-03-25 21:37:40.961,0.15507858991622925,-0.09570540487766266,-0.139426127076149,-0.0010853181593120098,0.0009780243271961808,-0.0008089806651696563
2026-03-25 21:37:40.964,0.1505008190870285,-0.08815170079469681,-0.12469834089279175,-0.0009384800214320421,0.000992880086414516,-0.0008404072723351419
2026-03-25 21:37:40.966,0.151556134223938,-0.09053636342287064,-0.12440115213394165,-0.0008962508873082697,0.0008078658720478415,-0.0009773349156603217
2026-03-25 21:37:40.971,0.14981865882873535,-0.09503251314163208,-0.14258399605751038,-0.0007716093678027391,0.0007678366964682937,-0.0009726040298119187
2026-03-25 21:37:40.972,0.1463398039340973,-0.09666582196950912,-0.14380048215389252,-0.0008459314703941345,0.0008853278704918921,-0.0009315643110312521
2026-03-25 21:37:40.974,0.14899128675460815,-0.09354008734226227,-0.15518221259117126,-0.0007266745087690651,0.0008387718698941171,-0.0008668554946780205
2026-03-25 21:37:40.976,0.14599746465682983,-0.09488335251808167,-0.1417890042066574,-0.0009668432176113129,0.0007270104833878577,-0.000831008714158088
2026-03-25 21:37:40.978,0.1389523148536682,-0.09714849293231964,-0.135097935795784,-0.0008479328826069832,0.0005951057537458837,-0.0008116358076222241
2026-03-25 21:37:40.980,0.13714970648288727,-0.09699664264917374,-0.1582876592874527,-0.0008155913674272597,0.0007627838640473783,-0.0010572016471996903
2026-03-25 21:37:40.982,0.14480195939540863,-0.09625308215618134,-0.14461147785186768,-0.0008738596807233989,0.0005712828715331852,-0.0009059798321686685
2026-03-25 21:37:40.984,0.1495412141084671,-0.0865829810500145,-0.1331290751695633,-0.0007353561231866479,0.0007671669591218233,-0.0008843510877341032
2026-03-25 21:37:40.986,0.15766207873821259,-0.08988949656486511,-0.13194414973258972,-0.0006484774057753384,0.00076224998338148,-0.0008544118027202785
2026-03-25 21:37:40.988,0.1697520762681961,-0.08967699110507965,-0.12921513617038727,-0.0010025822557508945,0.0006711240857839584,-0.0005232085241004825
2026-03-25 21:37:40.990,0.16313737630844116,-0.08891225606203079,-0.12465225905179977,-0.0009477147250436246,0.0010022911010310054,-0.0007925058016553521
2026-03-25 21:37:40.992,0.15812844038009644,-0.0838368609547615,-0.12449533492326736,-0.001035934081301093,0.0008814866305328906,-0.0008998058619908988
2026-03-25 21:37:40.994,0.15000709891319275,-0.08815096318721771,-0.13805733621120453,-0.0010296141263097525,0.0009377275127917528,-0.0008196202106773853
2026-03-25 21:37:40.996,0.14921881258487701,-0.09487784653902054,-0.15347164869308472,-0.0009458098793402314,0.000778811052441597,-0.0007715227548032999
2026-03-25 21:37:40.998,0.1505436897277832,-0.10324545949697495,-0.1406264752149582,-0.000947974156588316,0.0006078926380723715,-0.0009753176127560437
2026-03-25 21:37:41.000,0.1451534777879715,-0.10351048409938812,-0.14306862652301788,-0.0006755993235856295,0.0007012048154138029,-0.0007880953489802778
2026-03-25 21:37:41.002,0.1417558491230011,-0.10784286260604858,-0.14573535323143005,-0.0006602054927498102,0.0005538862897083163,-0.0008804763783700764
2026-03-25 21:37:41.005,0.13965776562690735,-0.09736678004264832,-0.1416567862033844,-0.0005768744740635157,0.0007152459002099931,-0.0008620237349532545
2026-03-25 21:37:41.007,0.1457541137933731,-0.10019190609455109,-0.14145150780677795,-0.0007359280134551227,0.0009277815697714686,-0.000792243517935276
2026-03-25 21:37:41.009,0.1446486860513687,-0.10027319937944412,-0.13418154418468475,-0.0008568582125008106,0.0008977412362582982,-0.0008580642170272768
2026-03-25 21:37:41.011,0.15497931838035583,-0.09450341016054153,-0.13589462637901306,-0.0007868526736274362,0.0011226583737879992,-0.0008529070182703435
2026-03-25 21:37:41.013,0.15959271788597107,-0.09213967621326447,-0.12015751004219055,-0.0007797565776854753,0.0009511001990176737,-0.0008011806639842689
2026-03-25 21:37:41.015,0.1575383096933365,-0.09999645501375198,-0.119481660425663,-0.0008728416869416833,0.0009715717751532793,-0.0008430689922533929
2026-03-25 21:37:41.017,0.15152378380298615,-0.10082452744245529,-0.13042113184928894,-0.0008285832591354847,0.0008449450833722949,-0.0006995073636062443
2026-03-25 21:37:41.019,0.15764370560646057,-0.10353376716375351,-0.12451279163360596,-0.0008111054194159806,0.0007633963832631707,-0.0008717885357327759
2026-03-25 21:37:41.022,0.14989174902439117,-0.1009042039513588,-0.13208019733428955,-0.0006988677196204662,0.000888411479536444,-0.000884739332832396
2026-03-25 21:37:41.024,0.1550677865743637,-0.10894306749105453,-0.1399640440940857,-0.0007308619096875191,0.000871377473231405,-0.0008466351428069174
2026-03-25 21:37:41.026,0.14830590784549713,-0.11132538318634033,-0.14055155217647552,-0.0008537496905773878,0.0008409361471422017,-0.0007426131633110344
2026-03-25 21:37:41.028,0.1462274193763733,-0.11472418904304504,-0.14264583587646484,-0.0007185396389104426,0.0008807617123238742,-0.0007440840709023178
2026-03-25 21:37:41.030,0.14960911870002747,-0.11869341135025024,-0.14036843180656433,-0.0006310960743576288,0.0007079850765876472,-0.0007211278425529599
2026-03-25 21:37:41.032,0.14992517232894897,-0.1221109926700592,-0.1338157057762146,-0.000806594907771796,0.0008476678631268442,-0.0007336323615163565
2026-03-25 21:37:41.034,0.1494172066450119,-0.11707951873540878,-0.12432699650526047,-0.0007718970882706344,0.0007022393401712179,-0.0009021982550621033
2026-03-25 21:37:41.036,0.1552896797657013,-0.10691266506910324,-0.11829736828804016,-0.0006135948933660984,0.0008793847518973053,-0.0006904825568199158
2026-03-25 21:37:41.038,0.16386961936950684,-0.11384818702936172,-0.11708615720272064,-0.0009037743438966572,0.0010865394724532962,-0.000498822657391429
2026-03-25 21:37:41.040,0.17138299345970154,-0.11278648674488068,-0.11563770473003387,-0.00085548433708027,0.0010995450429618359,-0.0007986504351720214
2026-03-25 21:37:41.042,0.16740284860134125,-0.10978376865386963,-0.11473529785871506,-0.0007420856272801757,0.0010659509571269155,-0.0006677806959487498
2026-03-25 21:37:41.044,0.1702750027179718,-0.11153358221054077,-0.12366776168346405,-0.0006089386297389865,0.0009510889067314565,-0.0006090981187298894
2026-03-25 21:37:41.047,0.15805001556873322,-0.12125765532255173,-0.12017137557268143,-0.0008207221981137991,0.0009460150031372905,-0.0005171833327040076
2026-03-25 21:37:41.049,0.15425463020801544,-0.12214783579111099,-0.12486254423856735,-0.0006499782903119922,0.00076221430208534,-0.00046030714293010533
2026-03-25 21:37:41.051,0.14286990463733673,-0.12314759194850922,-0.13602985441684723,-0.0005623846082016826,0.0008173630922101438,-0.0007836266304366291
2026-03-25 21:37:41.053,0.1410752534866333,-0.12737324833869934,-0.13595467805862427,-0.00041460772627033293,0.0008560594287700951,-0.0007028793334029615
2026-03-25 21:37:41.055,0.1532195806503296,-0.12409401684999466,-0.14067089557647705,-0.0005014846683479846,0.0007879784679971635,-0.0008907606243155897
2026-03-25 21:37:41.057,0.1564442366361618,-0.1219729632139206,-0.13118883967399597,-0.0006643843953497708,0.0007385908393189311,-0.0006858589476905763
2026-03-25 21:37:41.059,0.15408064424991608,-0.11786937713623047,-0.1329890489578247,-0.000606777670327574,0.0010504430392757058,-0.0006563380593433976
2026-03-25 21:37:41.061,0.1578788310289383,-0.11969882994890213,-0.1291082352399826,-0.0006238140049390495,0.000977198826149106,-0.0006167330429889262
2026-03-25 21:37:41.063,0.16295930743217468,-0.11878091096878052,-0.12408322095870972,-0.0006486794445663691,0.0009276786586269736,-0.0006448600324802101
2026-03-25 21:37:41.065,0.16838783025741577,-0.1136600449681282,-0.1243201419711113,-0.000629375921562314,0.0009613205911591649,-0.0005614886758849025
2026-03-25 21:37:41.067,0.166375070810318,-0.11704586446285248,-0.11377213895320892,-0.0005458652158267796,0.0006882508751004934,-0.0006827710894867778
2026-03-25 21:37:41.069,0.16645513474941254,-0.1135081872344017,-0.12274801731109619,-0.0006370877963490784,0.0009062424069270492,-0.0005844116094522178
2026-03-25 21:37:41.071,0.16015487909317017,-0.12196051329374313,-0.1342582106590271,-0.0005454453057609499,0.0008522054995410144,-0.0006230420549400151
2026-03-25 21:37:41.073,0.15704187750816345,-0.1255428045988083,-0.13576917350292206,-0.000761242990847677,0.0009441862930543721,-0.0005684193456545472
2026-03-25 21:37:41.075,0.14962419867515564,-0.1208798885345459,-0.12998349964618683,-0.0006431348738260567,0.0009103909833356738,-0.0005486324080266058
2026-03-25 21:37:41.077,0.15252986550331116,-0.11919044703245163,-0.13660816848278046,-0.0005902908160351217,0.0007585398270748556,-0.0006071618408896029
2026-03-25 21:37:41.078,0.15077325701713562,-0.12893228232860565,-0.1416747272014618,-0.000640853017102927,0.0006695807096548378,-0.0006478551658801734
2026-03-25 21:37:41.080,0.1513509452342987,-0.12095779180526733,-0.13580435514450073,-0.0005077821551822126,0.0008514276705682278,-0.0006934992270544171
2026-03-25 21:37:41.082,0.15593835711479187,-0.11220867186784744,-0.13828375935554504,-0.0005197968566790223,0.0007966960547491908,-0.0007147000287659466
2026-03-25 21:37:41.084,0.1557805985212326,-0.11067811399698257,-0.12177617847919464,-0.0006064274930395186,0.0009149747784249485,-0.0007012183195911348
2026-03-25 21:37:41.086,0.15895195305347443,-0.11373241990804672,-0.11773017048835754,-0.0006986421649344265,0.0010948965791612864,-0.0006676934426650405
2026-03-25 21:37:41.088,0.16516825556755066,-0.10663922131061554,-0.12366247922182083,-0.0007146625430323184,0.0009116008877754211,-0.0007766649941913784
2026-03-25 21:37:41.090,0.1627034842967987,-0.10156414657831192,-0.1296059936285019,-0.0008223058539442718,0.0009400229901075363,-0.0007374075939878821
2026-03-25 21:37:41.092,0.16301201283931732,-0.10893893986940384,-0.12130532413721085,-0.0007191685726866126,0.0011723792413249612,-0.0006577488966286182
2026-03-25 21:37:41.094,0.16000814735889435,-0.10909628868103027,-0.12573479115962982,-0.0008107197354547679,0.0008081593550741673,-0.0008540283888578415
2026-03-25 21:37:41.096,0.15019413828849792,-0.11103102564811707,-0.1332816183567047,-0.0005183987086638808,0.0009302839753217995,-0.0008289685938507318
2026-03-25 21:37:41.098,0.1494060903787613,-0.1145758107304573,-0.13423867523670197,-0.0007116900524124503,0.0009012559312395751,-0.0008511801715940237
2026-03-25 21:37:41.100,0.14890335500240326,-0.11498574912548065,-0.13228033483028412,-0.0007697602268308401,0.0008185861515812576,-0.0008656184654682875
2026-03-25 21:37:41.102,0.1478576362133026,-0.11209254711866379,-0.14002306759357452,-0.0007695851963944733,0.0008188590873032808,-0.0008972854120656848
2026-03-25 21:37:41.104,0.14769600331783295,-0.10892468690872192,-0.1329095959663391,-0.0007971100276336074,0.000941095408052206,-0.0009132458944804966
2026-03-25 21:37:41.106,0.15329207479953766,-0.10270445793867111,-0.13565975427627563,-0.0005804136162623763,0.0010097217746078968,-0.000729162769857794
2026-03-25 21:37:41.108,0.15146806836128235,-0.10815447568893433,-0.13293159008026123,-0.0009889566572383046,0.0007755626575089991,-0.0006518900045193732
2026-03-25 21:37:41.110,0.15622597932815552,-0.10166549682617188,-0.13127127289772034,-0.0007387014338746667,0.0008541559218429029,-0.0007429191609844565
2026-03-25 21:37:41.112,0.154826819896698,-0.1023552268743515,-0.12667430937290192,-0.0008149187779054046,0.0009906482882797718,-0.0008120878483168781
2026-03-25 21:37:41.114,0.14969323575496674,-0.0968504324555397,-0.13262851536273956,-0.0006906923954375088,0.001079814275726676,-0.0009010027279146016
2026-03-25 21:37:41.116,0.15018530189990997,-0.10298245400190353,-0.1385815292596817,-0.0008419748628512025,0.0009047660860233009,-0.0008718248573131859
2026-03-25 21:37:41.118,0.1558845490217209,-0.10136555880308151,-0.1279551088809967,-0.0008760663331486285,0.0006936800782568753,-0.0008851595339365304
2026-03-25 21:37:41.120,0.15355294942855835,-0.10015115141868591,-0.1365094929933548,-0.0009801277192309499,0.0007520494400523603,-0.0007909649284556508
2026-03-25 21:37:41.122,0.14217938482761383,-0.10256116092205048,-0.14359645545482635,-0.0008233170374296606,0.0007805982022546232,-0.0009302133694291115
2026-03-25 21:37:41.124,0.1470397710800171,-0.10397890210151672,-0.13535352051258087,-0.0008227311191149056,0.000773642270360142,-0.000908403773792088
2026-03-25 21:37:41.126,0.14360038936138153,-0.10317090153694153,-0.1441277265548706,-0.0009562639752402902,0.0007239707629196346,-0.0010398157173767686
2026-03-25 21:37:41.128,0.14834259450435638,-0.1009281650185585,-0.13734032213687897,-0.0007209504838101566,0.0007210724870674312,-0.0010000572074204683
2026-03-25 21:37:41.131,0.1537526547908783,-0.09837938845157623,-0.146617591381073,-0.0008758027106523514,0.0008395935292355716,-0.0009587231907062232
2026-03-25 21:37:41.132,0.15076453983783722,-0.09518684446811676,-0.138933464884758,-0.00091486208839342,0.000906798813957721,-0.0008528079488314688
2026-03-25 21:37:41.134,0.1532798409461975,-0.0959043949842453,-0.1292543262243271,-0.0008874638588167727,0.0007668653852306306,-0.0009372769272886217
2026-03-25 21:37:41.136,0.14870022237300873,-0.0978705883026123,-0.1281738579273224,-0.0007453930447809398,0.0008561519207432866,-0.0009122961782850325
2026-03-25 21:37:41.138,0.15128454566001892,-0.09414669126272202,-0.13407739996910095,-0.0008950132178142667,0.0009447234915569425,-0.0007798727019689977
2026-03-25 21:37:41.140,0.15735392272472382,-0.09457219392061234,-0.12907545268535614,-0.0010924625676125288,0.000865157984662801,-0.0008316198945976794
2026-03-25 21:37:41.142,0.15526604652404785,-0.09489774703979492,-0.13430549204349518,-0.00103859044611454,0.0009201407665386796,-0.0008676062570884824
2026-03-25 21:37:41.144,0.1575106829404831,-0.09237658232450485,-0.14104382693767548,-0.0008776088361628354,0.0008392386953346431,-0.0007748031639494002
2026-03-25 21:37:41.146,0.15704335272312164,-0.09242895990610123,-0.13576938211917877,-0.0008908584131859243,0.0009779949905350804,-0.0009255969198420644
2026-03-25 21:37:41.148,0.1513550579547882,-0.09693334251642227,-0.13732178509235382,-0.0009817371610552073,0.000779536203481257,-0.0008482943521812558
2026-03-25 21:37:41.150,0.14724263548851013,-0.09629788994789124,-0.13914622366428375,-0.0008666312787681818,0.0007043838268145919,-0.0009612880530767143
2026-03-25 21:37:41.152,0.14562204480171204,-0.10091815888881683,-0.13928823173046112,-0.0009074111585505307,0.0004765577323269099,-0.0007257322431541979
2026-03-25 21:37:41.154,0.14608679711818695,-0.1047883927822113,-0.1485128402709961,-0.0009217175538651645,0.0007946837577037513,-0.0007784880581311882
2026-03-25 21:37:41.156,0.14604401588439941,-0.10427607595920563,-0.13054831326007843,-0.0008348375558853149,0.0006846892065368593,-0.0007959053618833423
2026-03-25 21:37:41.158,0.1504344344139099,-0.10054714232683182,-0.13628366589546204,-0.0007352044340223074,0.0008413380710408092,-0.0008704541833139956
2026-03-25 21:37:41.160,0.16212351620197296,-0.09521663933992386,-0.1251986026763916,-0.0007962119416333735,0.0009195531602017581,-0.0009975647553801537
2026-03-25 21:37:41.162,0.15710550546646118,-0.09332221001386642,-0.12596602737903595,-0.0008755746530368924,0.0006595670711249113,-0.000811248377431184
2026-03-25 21:37:41.164,0.1584072858095169,-0.08772587776184082,-0.123911552131176,-0.0008825441473163664,0.0008579980931244791,-0.0008797025657258928
2026-03-25 21:37:41.166,0.15349018573760986,-0.09007678180932999,-0.1342618763446808,-0.0010173351038247347,0.0009413695661351085,-0.0006813482032157481
2026-03-25 21:37:41.168,0.1588352471590042,-0.097970150411129,-0.13003206253051758,-0.0008393169846385717,0.0008111687493510544,-0.0007343130419030786
2026-03-25 21:37:41.171,0.1583845168352127,-0.09854854643344879,-0.1283615529537201,-0.000745631754398346,0.0006536664441227913,-0.000910483649931848
2026-03-25 21:37:41.174,0.14462921023368835,-0.10615149885416031,-0.14014524221420288,-0.0007812150288373232,0.0007729132776148617,-0.0007816388388164341
2026-03-25 21:37:41.176,0.1405603289604187,-0.09935052692890167,-0.14559988677501678,-0.0005508273025043309,0.0010023565264418721,-0.0007795796263962984
2026-03-25 21:37:41.181,0.1410287618637085,-0.10547450184822083,-0.1352778822183609,-0.0006988850072957575,0.0010751622030511498,-0.0009502055472694337
2026-03-25 21:37:41.182,0.14673477411270142,-0.10440264642238617,-0.13427838683128357,-0.0007307777414098382,0.0009456521947868168,-0.00068633136106655
2026-03-25 21:37:41.184,0.15956953167915344,-0.11013364791870117,-0.1342088282108307,-0.0008421324309892952,0.0008039777749218047,-0.0007430645637214184
2026-03-25 21:37:41.189,0.16004635393619537,-0.10578455030918121,-0.12714631855487823,-0.0007415334694087505,0.00111569429282099,-0.0008712153066881001
2026-03-25 21:37:41.190,0.16101080179214478,-0.10062200576066971,-0.11868809908628464,-0.0006040737498551607,0.000974188675172627,-0.0008073308854363859
2026-03-25 21:37:41.192,0.16610433161258698,-0.10112769901752472,-0.12237337231636047,-0.0008570973877795041,0.000823929556645453,-0.0008108973852358758
2026-03-25 21:37:41.196,0.14936654269695282,-0.0979689210653305,-0.13851287961006165,-0.000590960553381592,0.0009894379181787372,-0.0005683772615157068
2026-03-25 21:37:41.198,0.15245002508163452,-0.1075265035033226,-0.1347683221101761,-0.0007953155436553061,0.0009485476184636354,-0.0008477010997012258
2026-03-25 21:37:41.200,0.15050964057445526,-0.11650161445140839,-0.13817204535007477,-0.0005510392365977168,0.0007129572913981974,-0.0009124221978709102
2026-03-25 21:37:41.202,0.14566472172737122,-0.1200966164469719,-0.136910080909729,-0.0006470308289863169,0.0008092230418697,-0.0007804370252415538
2026-03-25 21:37:41.204,0.1467214673757553,-0.11710385233163834,-0.1277632862329483,-0.0006949123926460743,0.0008107514586299658,-0.000771107675973326
2026-03-25 21:37:41.206,0.15492099523544312,-0.1169518381357193,-0.13065692782402039,-0.0007807211950421333,0.000819444830995053,-0.0008598840213380754
2026-03-25 21:37:41.209,0.15172943472862244,-0.1126614660024643,-0.12881308794021606,-0.0008901520632207394,0.0008262019255198538,-0.0008103643776848912
2026-03-25 21:37:41.211,0.15704861283302307,-0.10657034069299698,-0.12541121244430542,-0.0008284476352855563,0.0010152836330235004,-0.0009041033335961401
2026-03-25 21:37:41.213,0.16091331839561462,-0.10399647057056427,-0.1258348971605301,-0.0007312620291486382,0.0009855387033894658,-0.000615412718616426
2026-03-25 21:37:41.215,0.15729273855686188,-0.10452364385128021,-0.12902265787124634,-0.0008017803193069994,0.0010961551452055573,-0.0006601005443371832
2026-03-25 21:37:41.217,0.14706742763519287,-0.10820810496807098,-0.13390995562076569,-0.0006907720235176384,0.0012006169417873025,-0.0006568803219124675
2026-03-25 21:37:41.219,0.15339995920658112,-0.11356185376644135,-0.12685967981815338,-0.0006108985398896039,0.0009071993990801275,-0.0009030987275764346
2026-03-25 21:37:41.221,0.14988665282726288,-0.11505304276943207,-0.13146118819713593,-0.00057236198335886,0.0008993837982416153,-0.0010298931738361716
2026-03-25 21:37:41.222,0.15171733498573303,-0.11618977040052414,-0.13371306657791138,-0.0007677169051021338,0.0008161913137882948,-0.0008289969991892576
2026-03-25 21:37:41.225,0.1512914001941681,-0.11353254318237305,-0.13836750388145447,-0.0006353576318360865,0.0009227772825397551,-0.0006894188118167222
2026-03-25 21:37:41.227,0.15189696848392487,-0.11696255207061768,-0.1400611698627472,-0.0006418207194656134,0.0009994383435696363,-0.0008136830292642117
2026-03-25 21:37:41.229,0.15766163170337677,-0.11459614336490631,-0.1388719379901886,-0.0008127253386192024,0.0010040603810921311,-0.0008004466653801501
2026-03-25 21:37:41.231,0.15219846367835999,-0.11047019809484482,-0.14024092257022858,-0.0007051974534988403,0.0009870690992102027,-0.0007018218166194856
2026-03-25 21:37:41.233,0.15500405430793762,-0.11367674916982651,-0.13784050941467285,-0.0008035374339669943,0.0008220676681958139,-0.0006945328204892576
2026-03-25 21:37:41.235,0.14620518684387207,-0.11237822473049164,-0.13394954800605774,-0.0007450273842550814,0.0010153910843655467,-0.0006653398158960044
2026-03-25 21:37:41.237,0.1487007439136505,-0.11544308066368103,-0.13093715906143188,-0.0005635933484882116,0.0008511503110639751,-0.0007405616925098002
2026-03-25 21:37:41.239,0.15269100666046143,-0.11124728620052338,-0.12585973739624023,-0.0005858358344994485,0.0009674847824499011,-0.0009360209223814309
2026-03-25 21:37:41.241,0.1601942479610443,-0.11285046488046646,-0.1226559430360794,-0.000558922067284584,0.0009009914356283844,-0.0006713256589137018
2026-03-25 21:37:41.242,0.1607086956501007,-0.10093597322702408,-0.130959153175354,-0.00031686952570453286,0.0009041914599947631,-0.0007086233817972243
2026-03-25 21:37:41.244,0.1563854217529297,-0.1112385243177414,-0.12892460823059082,-0.0010003793286159635,0.0009697069181129336,-0.0006691754097118974
2026-03-25 21:37:41.246,0.15593481063842773,-0.11488386988639832,-0.13848386704921722,-0.0009609856642782688,0.0010165164712816477,-0.0007141847163438797
2026-03-25 21:37:41.248,0.1566391885280609,-0.10842373967170715,-0.12433288246393204,-0.0006783934077247977,0.0008607193594798446,-0.000911075621843338
2026-03-25 21:37:41.250,0.15236178040504456,-0.11015384644269943,-0.1314440220594406,-0.0007450194680131972,0.0009889444336295128,-0.0009647555998526514
2026-03-25 21:37:41.252,0.14925028383731842,-0.11376544833183289,-0.13415397703647614,-0.0006331037729978561,0.0007967640995047987,-0.0006416121032088995
2026-03-25 21:37:41.254,0.1494714617729187,-0.11547958105802536,-0.13256491720676422,-0.0006226063705980778,0.0007439456530846655,-0.0005889949388802052
2026-03-25 21:37:41.256,0.14304864406585693,-0.11862561851739883,-0.137522354722023,-0.0006526864599436522,0.0008557013934478164,-0.0007245602901093662
2026-03-25 21:37:41.258,0.14763379096984863,-0.11582772433757782,-0.12591497600078583,-0.0004827384545933455,0.0007683030562475324,-0.0007239514379762113
2026-03-25 21:37:41.260,0.15398530662059784,-0.11133068054914474,-0.1253911256790161,-0.000621867657173425,0.000963477767072618,-0.0006415173993445933
2026-03-25 21:37:41.262,0.16045573353767395,-0.10852352529764175,-0.12115363776683807,-0.0007250913768075407,0.0007942129159346223,-0.0005993207450956106
2026-03-25 21:37:41.264,0.1620088368654251,-0.10906149446964264,-0.1344945877790451,-0.000769284029956907,0.0010262740543112159,-0.0007311772787943482
2026-03-25 21:37:41.266,0.1634666621685028,-0.10301534086465836,-0.12174665182828903,-0.0007747025811113417,0.000981998979113996,-0.0006794939981773496
2026-03-25 21:37:41.268,0.16701743006706238,-0.10598734766244888,-0.11667734384536743,-0.0008691729744896293,0.0008319407934322953,-0.0007308743661269546
2026-03-25 21:37:41.270,0.1632503867149353,-0.10739153623580933,-0.13046902418136597,-0.0007161899702623487,0.0007924585952423513,-0.0006132915150374174
2026-03-25 21:37:41.272,0.15652485191822052,-0.10845069587230682,-0.13051830232143402,-0.0006413782248273492,0.0008878555381670594,-0.0007750339573249221
2026-03-25 21:37:41.275,0.14823396503925323,-0.11463136225938797,-0.1398472785949707,-0.0007712113438174129,0.0007382367039099336,-0.0006389821064658463
2026-03-25 21:37:41.277,0.1471336930990219,-0.11598370224237442,-0.14283162355422974,-0.0006497576832771301,0.0008460368844680488,-0.0007703527808189392
2026-03-25 21:37:41.279,0.14877532422542572,-0.11839920282363892,-0.13581602275371552,-0.0007771195378154516,0.000935326621402055,-0.0006967340013943613
2026-03-25 21:37:41.282,0.14688988029956818,-0.11524924635887146,-0.1377924680709839,-0.0008067936869338155,0.0006711089517921209,-0.0009143294300884008
